Date,Category,BasePrice,Discount,Rating,CompetitorPrice,EffectivePrice,SalesVolume,DayOfWeek,Month,IsWeekend,PriceDiffvsCompetitor,PriceRatio
2024-02-21,Sports,2852.3404705489106,10,3.1420789364176467,148.72342290073013,2567.1064234940195,5,2,2,0,-2418.3830005932896,17.26094231442959
2024-04-02,Apparel,80.86745381663816,30,3.640318022366583,229.30020064168792,56.60721767164671,237,1,4,0,172.69298297004121,0.24686946419250203
2024-01-15,Beauty,2947.8259976842755,5,2.575050564293341,43.18318125268996,2800.4346978000617,5,0,1,0,-2757.251516547372,64.85012489962438
2024-03-12,Beauty,272.1044351050858,20,3.493068823915581,131.82718215919212,217.68354808406866,122,1,3,0,-85.85636592487654,1.65127968692525
2024-03-01,Electronics,2445.9445361172525,5,3.9283000385827567,305.05622375935764,2323.6473093113896,5,4,3,0,-2018.591085552032,7.61711162839408
2024-01-21,Sports,851.7992363659663,50,4.882811531269913,253.49578539575876,425.89961818298315,62,6,1,1,-172.4038327872244,1.6801053221380653
2024-03-23,Beauty,409.5562783953072,10,3.791840112350161,62.18253669824395,368.60065055577644,44,5,3,1,-306.4181138575325,5.92771974460453
2024-03-27,Electronics,1327.9690845457972,15,4.54776831544422,96.94039459579025,1128.7737218639274,5,2,3,0,-1031.8333272681373,11.643997598426793
2024-03-15,Beauty,1937.2103896511264,30,3.8678191064222514,112.29566361262651,1356.0472727557885,5,4,3,0,-1243.751609143162,12.075686888797323
2024-03-15,Sports,1152.141257395073,50,2.6019625335887953,206.85784034615648,576.0706286975364,5,4,3,0,-369.21278835137997,2.784862433705864
2024-03-28,Home & Kitchen,177.87774372385638,0,3.287520687974435,238.31345404944838,177.87774372385638,135,3,3,0,60.435710325592,0.74640244057286
2024-04-09,Sports,1804.391501881269,10,3.938873769577758,236.11034959833339,1623.9523516931422,5,1,4,0,-1387.8420020948088,6.877938025401175
2024-01-24,Apparel,2708.6737791903643,20,4.876484914827811,165.41284661038884,2166.9390233522913,5,2,1,0,-2001.5261767419024,13.100185794252546
2024-01-03,Beauty,1158.8978673525462,10,4.647825899378083,254.19205866225462,1043.0080806172916,5,2,1,0,-788.8160219550371,4.103228425413313
2024-01-22,Beauty,660.7533412280187,20,3.070889035447119,143.93803441345514,528.602672982415,5,0,1,0,-384.66463856895984,3.6724322041527193
2024-02-22,Apparel,1336.093377609454,20,3.0502745750479088,51.54476676219076,1068.8747020875633,5,3,2,0,-1017.3299353253725,20.736822944974634
2024-01-02,Apparel,159.3626924806109,30,3.002932417784752,181.51034328787492,111.55388473642762,176,1,1,0,69.9564585514473,0.6145869305062327
2024-03-28,Home & Kitchen,2464.15543967362,20,4.806247240756258,295.9289084573265,1971.3243517388962,5,3,3,0,-1675.3954432815697,6.661479481728852
2024-01-30,Beauty,2481.6273206863075,5,4.631665382754301,248.93312716079083,2357.545954651992,5,1,1,0,-2108.612827491201,9.470599520204502
2024-02-07,Beauty,1770.1813833374408,50,4.4372085806323724,185.7166910692115,885.0906916687204,5,2,2,0,-699.3740005995089,4.765811228775724
2024-01-02,Home & Kitchen,1069.0121234810927,15,3.481837785560569,205.80766980298358,908.6603049589287,5,1,1,0,-702.8526351559451,4.415094470622862
2024-03-04,Electronics,2402.3533428706633,10,3.760951760746917,289.5157979754939,2162.118008583597,5,0,3,0,-1872.6022106081032,7.468048457813725
2024-02-29,Home & Kitchen,1670.740768993276,15,3.660829361987882,141.36112435831336,1420.1296536442846,5,3,2,0,-1278.7685292859712,10.046111758736643
2024-01-21,Sports,2480.4079410217983,50,3.1334952688984314,112.76127098807802,1240.2039705108991,5,6,1,1,-1127.4426995228212,10.99849229831777
2024-02-02,Beauty,1899.9044958603165,0,3.7625701153719175,303.28626167513244,1899.9044958603165,5,4,2,0,-1596.618234185184,6.264393531598259
2024-03-16,Apparel,2356.4503375402,50,2.576241369631886,269.71572438554836,1178.2251687701,5,5,3,1,-908.5094443845517,4.368396286328015
2024-02-27,Sports,1801.7105347550134,10,2.829525933743648,110.2978574624877,1621.539481279512,5,1,2,0,-1511.2416238170244,14.701459471513285
2024-01-22,Beauty,1251.2110886237635,15,4.716473990422366,151.81527622147223,1063.529425330199,5,0,1,0,-911.7141491087268,7.0054177142140395
2024-03-29,Home & Kitchen,2874.468391879521,15,4.379199417578558,137.44804805730072,2443.2981330975927,5,4,3,0,-2305.850085040292,17.77615737459586
2024-02-18,Sports,1630.2247672633516,30,3.557171022647718,58.98322520807301,1141.157337084346,5,6,2,1,-1082.174111876273,19.347150534049742
2024-03-31,Beauty,1821.1922128435071,30,3.792875905709693,297.55670052491143,1274.834548990455,5,6,3,1,-977.2778484655436,4.284341595203721
2024-02-28,Electronics,673.1556036530266,50,3.4249972148999435,134.27216720982886,336.5778018265133,73,2,2,0,-202.30563461668442,2.5066833195634564
2024-02-11,Electronics,1882.5676064404204,50,4.351949667901681,273.22207937818285,941.2838032202102,5,6,2,1,-668.0617238420273,3.4451234884180924
2024-04-01,Apparel,1721.2488337065874,0,4.460467948080199,70.86008716579619,1721.2488337065874,5,0,4,0,-1650.3887465407913,24.29080886789292
2024-02-29,Beauty,566.7426178718695,20,4.408212975507897,176.62188913797982,453.3940942974956,22,3,2,0,-276.7722051595158,2.5670322999619652
2024-03-20,Electronics,192.867485599134,10,4.306529312086123,22.068608611659595,173.5807370392206,110,2,3,0,-151.512128427561,7.865504350261212
2024-01-15,Home & Kitchen,1819.0125693485916,30,3.0112608467319895,240.44504273348102,1273.308798544014,5,0,1,0,-1032.8637558105331,5.295633397422133
2024-03-02,Beauty,2294.621424010707,10,3.344924948101197,186.36959998265212,2065.1592816096363,5,5,3,1,-1878.7896816269842,11.080987896104665
2024-03-02,Home & Kitchen,1577.3530922021946,0,3.6746135874591874,199.54892712357704,1577.3530922021946,5,5,3,1,-1377.8041650786176,7.90459319896703
2024-02-16,Home & Kitchen,691.9162865791425,30,3.326982478569139,30.257660353622768,484.3414006053997,8,4,2,0,-454.08374025177693,16.00723238164742
2024-03-02,Electronics,2004.5681004287092,30,4.387350500395822,77.25630741154154,1403.1976703000964,5,5,3,1,-1325.941362888555,18.162888148734748
2024-02-20,Beauty,254.1155939296627,20,3.323383810624887,36.927607344306146,203.29247514373017,84,1,2,0,-166.36486779942402,5.505162391060675
2024-02-24,Sports,1333.8736088338344,10,2.845580216963343,100.22972316212447,1200.486247950451,5,5,2,1,-1100.2565247883265,11.97734773754318
2024-03-04,Electronics,502.64977381928423,10,3.49760113012076,200.09450726623453,452.3847964373558,5,0,3,0,-252.2902891711213,2.2608556457546234
2024-01-03,Electronics,565.6102674137518,10,4.949786081955951,182.0248653736257,509.04924067237664,18,2,1,0,-327.02437529875095,2.7965917712807977
2024-02-20,Beauty,618.8474382372378,20,3.0647035323339398,195.58419737595014,495.0779505897903,5,1,2,0,-299.49375321384014,2.5312778702573606
2024-01-07,Beauty,1169.320565276274,30,4.030396647358073,177.02912505647882,818.5243956933917,5,6,1,1,-641.4952706369129,4.623670796724846
2024-01-21,Home & Kitchen,167.68336377688692,0,3.5824326245992655,95.5434947243785,167.68336377688692,116,6,1,1,-72.13986905250842,1.755047418566965
2024-03-13,Beauty,1202.413421173358,10,2.6775614191233164,87.12971171660544,1082.1720790560223,5,2,3,0,-995.0423673394168,12.420241703264796
2024-02-08,Home & Kitchen,1542.446729637382,15,3.719691514995149,55.43260664329147,1311.0797201917746,5,3,2,0,-1255.6471135484833,23.651778250814825
2024-01-18,Electronics,1457.6334406244807,20,4.2554108216207815,265.47590809653013,1166.1067524995847,5,3,1,0,-900.6308444030545,4.392514412552926
2024-01-04,Apparel,1157.610539703076,5,3.7830499395695467,196.86141076966712,1099.7300127179221,5,3,1,0,-902.868601948255,5.586315816890261
2024-03-29,Sports,2519.852625091196,0,4.680265159366453,70.02074868869764,2519.852625091196,5,4,3,0,-2449.8318764024984,35.987227675815134
2024-02-29,Electronics,448.8001768752048,15,3.2223425416439566,67.27676704726565,381.48015034392404,11,3,2,0,-314.2033832966584,5.670310377368656
2024-01-14,Beauty,1524.5047801874014,10,2.7156229282599122,272.54550245021034,1372.0543021686613,5,6,1,1,-1099.508799718451,5.034221037712092
2024-01-09,Sports,200.19362961531456,5,4.841414029145016,234.1056048101792,190.1839481345488,155,1,1,0,43.92165667563037,0.8123852835080837
2024-03-30,Apparel,227.3997014505606,0,3.4454908738205474,209.52272857208456,227.3997014505606,116,5,3,1,-17.87697287847604,1.0853223561964334
2024-02-22,Apparel,1727.9895612861326,20,3.9410138786340836,135.02491172409344,1382.3916490289062,5,3,2,0,-1247.3667373048127,10.23804890058844
2024-01-02,Home & Kitchen,1704.5649982901455,5,4.480007815325489,92.28279146216268,1619.336748375638,5,1,1,0,-1527.0539569134753,17.547548385980395
2024-03-24,Sports,2635.930035840704,30,3.3107841596889513,303.937975118283,1845.1510250884926,5,6,3,1,-1541.2130499702096,6.070814363918883
2024-04-01,Home & Kitchen,1680.2529218453185,50,4.290411345444028,250.18567463172604,840.1264609226592,5,0,4,0,-589.9407862909331,3.3580118532339136
2024-02-29,Electronics,2879.976195908478,5,2.83854712454457,104.02487082520156,2735.977386113054,5,3,2,0,-2631.9525152878523,26.301185133990312
2024-03-11,Sports,160.35412247379037,50,3.228234368013763,265.0316149021559,80.17706123689518,210,0,3,0,184.85455366526074,0.30251885710500936
2024-02-13,Electronics,307.5529390705121,15,2.8617765903412997,238.88492484133104,261.4199982099353,107,1,2,0,-22.53507336860423,1.0943344306199823
2024-01-08,Home & Kitchen,146.53659678758845,0,4.528076396003394,102.63876221400952,146.53659678758845,158,0,1,0,-43.89783457357893,1.427692556171407
2024-02-16,Sports,568.051398245617,15,3.0566230880669636,140.83309200128372,482.8436885087744,5,4,2,0,-342.0105965074907,3.4284817697844283
2024-02-04,Home & Kitchen,1630.691281160909,15,4.293508888513026,69.85626639035286,1386.0875889867727,5,6,2,1,-1316.23132259642,19.84199357637286
2024-03-18,Sports,1942.0329615608725,10,4.8582459931141315,47.76047109154226,1747.8296654047854,5,0,3,0,-1700.069194313243,36.59573755155658
2024-03-21,Home & Kitchen,151.07169647677637,20,3.8194305226721923,228.21479968771055,120.8573571814211,166,3,3,0,107.35744250628946,0.5295772112360919
2024-02-05,Apparel,2838.723106189114,5,3.8500729806517193,93.91599791939065,2696.786950879658,5,0,2,0,-2602.8709529602675,28.714883626050018
2024-02-19,Home & Kitchen,2528.8636493013873,0,3.6525839202445303,256.9175128951448,2528.8636493013873,5,0,2,0,-2271.9461364062427,9.843095633319038
2024-01-04,Apparel,900.388259238923,30,3.314725358484107,308.7045698967557,630.271781467246,5,3,1,0,-321.5672115704903,2.041666508785524
2024-01-02,Home & Kitchen,245.40477772600687,20,3.6891375773122927,37.60284510924636,196.3238221808055,126,1,1,0,-158.72097707155916,5.220983189182417
2024-01-06,Sports,522.112913558886,20,4.007018830666898,154.54536189969158,417.69033084710884,41,5,1,1,-263.1449689474173,2.7027037609722173
2024-02-23,Sports,393.9290750585934,0,4.964978930426648,251.6084549966869,393.9290750585934,75,4,2,0,-142.3206200619065,1.5656432335065231
2024-01-04,Sports,383.00208120735635,20,4.844411398295561,247.7405144796639,306.4016649658851,97,3,1,0,-58.66115048622123,1.2367846478781592
2024-02-23,Beauty,1562.9066406672157,10,4.655382395732804,239.1991617076357,1406.6159766004942,5,4,2,0,-1167.4168148928584,5.880522183099241
2024-04-02,Electronics,748.8546158427998,20,4.722826339262146,117.95350591406373,599.0836926742398,5,1,4,0,-481.1301867601761,5.078981654947235
2024-03-03,Sports,1084.0470538394961,10,3.669622958230107,148.88671042709043,975.6423484555465,5,6,3,1,-826.7556380284561,6.552917622109174
2024-01-18,Apparel,2968.6734201522027,5,4.143610817943662,190.51566541573374,2820.239749144592,5,3,1,0,-2629.7240837288587,14.80319081893033
2024-03-30,Sports,2057.6780330421543,5,4.737666807340535,302.3124721541109,1954.7941313900465,5,5,3,1,-1652.4816592359357,6.466137891901279
2024-02-13,Beauty,2847.707291135299,15,3.4823769124783825,111.6264449268554,2420.551197465004,5,1,2,0,-2308.9247525381484,21.684388489224933
2024-02-03,Apparel,440.53131677385005,10,4.904406195863672,287.327446876473,396.47818509646504,39,5,2,1,-109.15073821999204,1.3798827414734165
2024-03-14,Beauty,1155.6863323752193,30,3.5394651551729575,94.46029086324576,808.9804326626535,5,3,3,0,-714.5201417994077,8.564238213429274
2024-03-02,Apparel,1670.8744327978275,5,4.002706663483039,306.7769673147429,1587.330711157936,5,5,3,1,-1280.5537438431932,5.174217364008909
2024-04-09,Home & Kitchen,244.12281473788298,20,4.27451178318093,212.72778761413957,195.29825179030638,122,1,4,0,17.42953582383319,0.9180664829013871
2024-01-14,Electronics,27.49951922945423,0,4.876480032689846,151.73588670577251,27.49951922945423,179,6,1,1,124.23636747631829,0.18123279750411253
2024-04-04,Electronics,2016.2464863837988,0,3.111540685130665,195.95017627876345,2016.2464863837988,5,3,4,0,-1820.2963101050354,10.289587509813913
2024-02-17,Beauty,1930.8312576522844,50,4.365327445596606,95.39669486686101,965.4156288261422,5,5,2,1,-870.0189339592812,10.120011287325104
2024-01-15,Electronics,1241.204597848841,10,3.8020389653602056,95.88128796588265,1117.084138063957,5,0,1,0,-1021.2028500980744,11.650700170626077
2024-03-12,Beauty,1476.5875669556174,30,3.1713928515516026,48.498590433830685,1033.6112968689322,5,1,3,0,-985.1127064351015,21.312192532258134
2024-03-18,Beauty,1255.0973567673875,15,4.4415170994909765,48.64483782309264,1066.8327532522794,5,0,3,0,-1018.1879154291868,21.93105786747702
2024-03-27,Beauty,86.65505886199324,20,3.8805557004346163,117.56316373332885,69.3240470895946,187,2,3,0,48.23911664373425,0.5896749023090591
2024-03-02,Electronics,1016.0842445591253,10,4.152434551624189,240.04236597942963,914.4758201032128,5,5,3,1,-674.4334541237831,3.8096434201185074
2024-02-09,Beauty,543.5905323609102,50,3.3072526714447523,194.35149444145793,271.7952661804551,127,4,2,0,-77.44377173899716,1.3984727360165712
2024-03-25,Electronics,308.7962044675857,0,3.7031848795690125,45.26244529765114,308.7962044675857,39,0,3,0,-263.53375916993457,6.8223491337444475
2024-03-20,Beauty,2870.8104951597093,10,4.043385627470167,266.4097748678937,2583.7294456437385,5,2,3,0,-2317.3196707758448,9.698328249873521
2024-03-22,Sports,1804.0887792508643,20,3.51227703567461,192.4034499620696,1443.2710234006915,5,4,3,0,-1250.867573438622,7.501274138718499
2024-02-22,Beauty,2190.039008446259,30,2.9959313496192532,298.45239515151,1533.027305912381,5,3,2,0,-1234.574910760871,5.136589053454023
2024-01-24,Apparel,956.3607736493607,30,4.90410123078826,212.70471288630623,669.4525415545525,5,2,1,0,-456.74782866824626,3.147332903302357
2024-01-26,Beauty,1188.5441815396355,5,3.7786688501065435,66.6765847927334,1129.1169724626536,5,4,1,0,-1062.4403876699203,16.934235248739196
2024-03-29,Home & Kitchen,722.2181217817196,20,4.334800925719251,154.76609188080755,577.7744974253757,5,4,3,0,-423.0084055445681,3.733211134324864
2024-02-29,Beauty,304.44252783179286,50,3.5276179838901456,206.30679127642523,152.22126391589643,194,3,2,0,54.0855273605288,0.7378393264424292
2024-02-10,Apparel,549.4094377631276,5,3.387829410064291,23.33808680974342,521.9389658749711,5,5,2,1,-498.60087906522773,22.364256767485617
2024-01-29,Apparel,2395.5794252100104,5,3.5179107461678125,19.39852792566833,2275.8004539495096,5,0,1,0,-2256.401926023841,117.31820386938472
2024-01-15,Electronics,2037.4742284735707,5,3.5229916094641247,53.173885176577535,1935.6005170498922,5,0,1,0,-1882.4266318733146,36.40133705901372
2024-02-14,Sports,1647.5826948166487,10,3.8604502898548843,89.24100833841388,1482.8244253349837,5,2,2,0,-1393.58341699657,16.61595328138735
2024-03-05,Beauty,1433.1432705073028,50,3.858674674953408,141.71699143859928,716.5716352536514,5,1,3,0,-574.8546438150521,5.056356531278151
2024-03-29,Electronics,2768.4663367135313,0,3.742884539707179,158.79493975913758,2768.4663367135313,5,4,3,0,-2609.671396954394,17.434222657930917
2024-03-11,Sports,232.11381911932517,30,2.8369644622935954,55.718144636679554,162.4796733835276,136,0,3,0,-106.76152874684804,2.9160998529833737
2024-01-09,Beauty,852.5934275151792,10,3.7401886962513275,213.65051583917008,767.3340847636613,5,1,1,0,-553.6835689244912,3.591538647822822
2024-03-28,Home & Kitchen,1059.5644929085815,0,2.9227597510516286,190.86072820047778,1059.5644929085815,5,3,3,0,-868.7037647081038,5.55150607932098
2024-01-01,Beauty,2350.5410494551716,30,2.815339465739413,101.86690915814226,1645.37873461862,5,0,1,0,-1543.5118254604777,16.152239703908837
2024-01-08,Apparel,2977.6561411834846,50,4.831614293352919,19.029665613411144,1488.8280705917423,5,0,1,0,-1469.798404978331,78.23721660891886
2024-03-28,Apparel,733.4014865501019,50,4.012375032869261,37.90613502922077,366.70074327505097,48,3,3,0,-328.7946082458302,9.673915396343407
2024-03-03,Home & Kitchen,2624.8073923991856,20,4.14872514531146,130.54995877569763,2099.8459139193487,5,6,3,1,-1969.295955143651,16.084615679788655
2024-01-11,Electronics,2494.408939888897,30,3.5044841758334093,60.422433593876754,1746.0862579222278,5,3,1,0,-1685.663824328351,28.89797967520423
2024-03-21,Sports,685.6023319606734,30,4.77245222978716,126.1617838136514,479.9216323724713,5,3,3,0,-353.75984855881995,3.8040174913929934
2024-01-08,Beauty,1207.0077518946794,50,4.0948262239491635,200.31386833055475,603.5038759473397,5,0,1,0,-403.1900076167849,3.0127912808884862
2024-02-04,Apparel,1237.8735148381695,30,4.422924673808969,176.43504122438864,866.5114603867186,5,6,2,1,-690.0764191623299,4.911220891119335
2024-02-04,Electronics,2934.9886955517763,15,3.4214061725692844,83.1968855255313,2494.74039121901,5,6,2,1,-2411.5435056934784,29.98598295429495
2024-02-02,Home & Kitchen,554.9623256160115,20,4.900029702047814,116.42763492133196,443.96986049280923,33,4,2,0,-327.5422255714773,3.813268738068858
2024-01-05,Apparel,2400.4865437477742,10,4.551153225395788,196.13920354235194,2160.437889372997,5,4,1,0,-1964.298685830645,11.014819324003719
2024-02-10,Home & Kitchen,1012.5652518067332,10,4.6348711575363595,268.95223327281735,911.3087266260599,5,5,2,1,-642.3564933532425,3.3883664602318238
2024-01-28,Beauty,2196.647982141839,0,2.9304856685643856,237.1979644279688,2196.647982141839,5,6,1,1,-1959.45001771387,9.260821387904056
2024-01-07,Sports,1268.7328478225536,10,3.1774080196780488,178.2530079158574,1141.8595630402983,5,6,1,1,-963.6065551244409,6.405836156096182
2024-03-13,Apparel,1741.403892902872,5,3.2140664992089425,121.87643450336343,1654.3336982577284,5,2,3,0,-1532.457263754365,13.573860320077493
2024-03-12,Apparel,2500.3461433785014,30,3.177273058117178,122.6901268748326,1750.242300364951,5,1,3,0,-1627.5521734901183,14.2655513116433
2024-01-12,Beauty,2415.4342114768942,10,4.63852040526072,274.4281065279968,2173.8907903292047,5,4,1,0,-1899.462683801208,7.9215311355414215
2024-02-03,Electronics,2601.273202866005,0,2.5797119880214803,26.576854931961186,2601.273202866005,5,5,2,1,-2574.6963479340434,97.87739029036605
2024-02-02,Sports,192.95771615380718,0,2.6902499724519355,306.45488010397696,192.95771615380718,132,4,2,0,113.49716395016978,0.6296447819278931
2024-02-17,Apparel,2080.7709008236384,5,3.1847871765747593,210.99074620121087,1976.7323557824564,5,5,2,1,-1765.7416095812455,9.36881067711543
2024-01-23,Sports,432.8623195144622,0,2.9996824366236092,215.9356212263552,432.8623195144622,18,1,1,0,-216.92669828810696,2.004589687686187
2024-03-02,Apparel,1256.2184255349569,50,3.079649034707121,26.209362004898935,628.1092127674784,5,5,3,1,-601.8998507625795,23.965070673985696
2024-03-28,Sports,1652.536418938245,15,4.49485797313325,193.6311360929253,1404.6559560975084,5,3,3,0,-1211.024820004583,7.2542876339030595
2024-02-06,Home & Kitchen,1217.1773619692897,50,3.9078164847301173,158.00952772668185,608.5886809846448,5,1,2,0,-450.57915325796296,3.851594835707348
2024-04-08,Apparel,1566.0408522719774,30,2.51442665323242,46.20477753374976,1096.228596590384,5,0,4,0,-1050.0238190566342,23.725438257757137
2024-02-13,Sports,2989.631031763878,30,3.5733069142604883,96.98699317696092,2092.7417222347144,5,1,2,0,-1995.7547290577536,21.577550284668906
2024-03-26,Electronics,418.62368143287136,30,3.5197123171258973,277.6427645830271,293.03657700300994,126,1,3,0,-15.39381241998285,1.0554446734569214
2024-03-31,Home & Kitchen,2031.2362953292302,20,2.7848631736113587,177.2465826804561,1624.9890362633842,5,6,3,1,-1447.742453582928,9.167956931462813
2024-02-04,Home & Kitchen,1197.0628846610614,10,4.1903544715036425,136.95788967630307,1077.3565961949553,5,6,2,1,-940.3987065186523,7.866334672221248
2024-03-05,Electronics,412.0342497383764,15,4.255242970948728,36.44123597303923,350.22911227761995,46,1,3,0,-313.7878763045807,9.610791262314327
2024-04-08,Sports,488.829238672314,10,4.302233047630244,225.66585058368017,439.9463148050826,9,0,4,0,-214.2804642214024,1.949547588468394
2024-02-16,Beauty,2848.5802221431663,15,4.32117736389648,222.3409929018296,2421.2931888216913,5,4,2,0,-2198.952195919862,10.889998993081617
2024-03-18,Electronics,2640.61046768461,10,2.500132067330742,196.14286405690623,2376.549420916149,5,0,3,0,-2180.4065568592428,12.116420509831288
2024-01-03,Sports,2722.52025183884,5,4.884802009616806,165.5274806350915,2586.394239246898,5,2,1,0,-2420.8667586118063,15.62516525548198
2024-01-01,Electronics,2974.7253358447488,50,4.5355219176366575,142.96639865117493,1487.3626679223744,5,0,1,0,-1344.3962692711993,10.403582114084056
2024-01-05,Electronics,636.8214391754261,0,4.759954241473213,190.01497243145772,636.8214391754261,5,4,1,0,-446.8064667439684,3.351427685021719
2024-03-30,Apparel,1075.9864220317243,0,2.5391082382685854,83.85165825987998,1075.9864220317243,5,5,3,1,-992.1347637718443,12.832023174746745
2024-01-14,Sports,2012.618804325727,50,4.834646989464348,292.67142393240607,1006.3094021628635,5,6,1,1,-713.6379782304575,3.4383589236073684
2024-01-27,Beauty,1459.150581484032,5,4.524471321720261,188.69438610816772,1386.1930524098304,5,5,1,1,-1197.4986663016628,7.346233669162818
2024-01-09,Apparel,1263.8927571343256,15,4.593047857396746,106.80177108454107,1074.3088435641766,5,1,1,0,-967.5070724796356,10.058904760238349
2024-03-19,Electronics,1083.0665792667453,50,2.7332184618049213,147.6555560111214,541.5332896333726,5,1,3,0,-393.87773362225124,3.6675442784732355
2024-01-15,Electronics,1787.435186351205,20,4.346945072296494,252.67701271868324,1429.948149080964,5,0,1,0,-1177.2711363622807,5.659193662673976
2024-03-30,Electronics,1733.1463844906448,15,4.899791724105228,62.67673791543775,1473.174426817048,5,5,3,1,-1410.4976889016102,23.504325142202305
2024-02-11,Sports,496.9516346817566,0,4.1963683535454015,101.38650862577681,496.9516346817566,5,6,2,1,-395.5651260559798,4.9015558521305085
2024-03-17,Sports,1423.1434149925406,20,3.9264035115615163,215.45486670728386,1138.5147319940324,5,6,3,1,-923.0598652867486,5.284237712489522
2024-02-20,Apparel,1667.113251986402,10,4.864074194372492,108.06931591225604,1500.4019267877618,5,1,2,0,-1392.3326108755057,13.88369968036045
2024-03-03,Beauty,1717.3065121132006,20,3.6073428043360902,248.78799614913245,1373.8452096905605,5,6,3,1,-1125.0572135414282,5.522152318261482
2024-04-05,Apparel,642.1699708433702,15,3.998233915776197,53.48377871732144,545.8444752168646,5,4,4,0,-492.3606964995431,10.2057948841241
2024-02-21,Home & Kitchen,2230.680105873076,5,3.6908457337359155,239.9924202841095,2119.146100579422,5,2,2,0,-1879.1536802953126,8.83005429117603
2024-04-05,Electronics,90.21929804089285,10,4.832115553400747,35.16375588091704,81.19736823680357,198,4,4,0,-46.03361235588653,2.3091210310918022
2024-01-04,Electronics,1074.1730887963406,15,2.6902118169137683,18.714820736910962,913.0471254768895,5,3,1,0,-894.3323047399786,48.787382914980334
2024-04-03,Electronics,2343.9347558788663,10,3.7527992520633706,279.9759380554878,2109.5412802909796,5,2,4,0,-1829.5653422354917,7.534723501392088
2024-01-23,Apparel,1698.220369350376,20,4.2173811034635955,186.4950689950281,1358.5762954803008,5,1,1,0,-1172.0812264852727,7.284784004216862
2024-01-15,Apparel,794.5698610449178,0,4.479766346055593,118.78893464060938,794.5698610449178,5,0,1,0,-675.7809264043085,6.688921518227716
2024-02-12,Electronics,2089.4350612389976,15,3.957546618610341,83.61541790433587,1776.019802053148,5,0,2,0,-1692.4043841488121,21.240338762464674
2024-01-29,Apparel,1708.661968305879,5,4.7722943603036345,196.98130606194076,1623.228869890585,5,0,1,0,-1426.2475638286442,8.240522424905441
2024-02-05,Sports,2391.7871742273155,50,4.85497861720968,165.15564414333778,1195.8935871136578,5,0,2,0,-1030.73794297032,7.241009493298016
2024-01-13,Sports,2209.0501807766227,20,2.6607980579839587,307.52134378134565,1767.2401446212982,5,5,1,1,-1459.7188008399526,5.746723537595636
2024-02-01,Apparel,1836.1721472781605,15,3.505926348853436,305.048716062855,1560.7463251864365,5,3,2,0,-1255.6976091235815,5.1163838528166306
2024-03-11,Electronics,1472.2103608027799,5,2.558647554302886,202.33224701177483,1398.5998427626407,5,0,3,0,-1196.267595750866,6.9123921837394935
2024-02-28,Apparel,412.5486451175574,15,3.3235416434361076,145.6467993012377,350.6663483499238,38,2,2,0,-205.0195490486861,2.4076488466090433
2024-03-26,Apparel,795.0790583878705,20,3.842170544926505,159.88658589472533,636.0632467102964,5,1,3,0,-476.1766608155711,3.9782152026756123
2024-01-28,Apparel,1266.0119266574995,15,4.776987326274872,216.33132453987426,1076.1101376588747,5,6,1,1,-859.7788131190005,4.974361156192735
2024-03-06,Home & Kitchen,1803.9083717140702,10,4.616385806163507,44.9644905494375,1623.5175345426633,5,2,3,0,-1578.5530439932259,36.10665915935688
2024-02-11,Sports,1548.417947817685,20,2.8187493166799644,111.86386177416186,1238.734358254148,5,6,2,1,-1126.870496479986,11.073588365427492
2024-02-14,Beauty,875.2308099891954,15,2.732575936852239,37.20531109606314,743.9461884908161,5,2,2,0,-706.7408773947529,19.99569864017442
2024-03-02,Beauty,34.29610800228599,50,3.9731683468916676,36.64142405749127,17.148054001142995,259,5,3,1,19.493370056348276,0.46799638502688345
2024-02-26,Home & Kitchen,1496.2740773739297,0,3.8302949311469567,72.77257635879894,1496.2740773739297,5,0,2,0,-1423.5015010151308,20.560960628859405
2024-01-06,Apparel,867.5935758582956,15,3.1659441035750597,158.14971010500193,737.4545394795513,5,5,1,1,-579.3048293745494,4.663015436385724
2024-01-28,Home & Kitchen,2207.805777620947,10,4.748632711384587,246.50842474302286,1987.0251998588524,5,6,1,1,-1740.5167751158294,8.060678664148142
2024-01-28,Home & Kitchen,86.47960183239321,5,4.818416023653883,158.2212878939324,82.15562174077355,199,6,1,1,76.06566615315886,0.5192450575667709
2024-02-13,Electronics,1760.7110167477858,50,3.5065285958504067,113.96560011545658,880.3555083738929,5,1,2,0,-766.3899082584363,7.724747708800024
2024-03-24,Sports,2825.3005989556054,5,4.725756392783801,39.29413214934365,2684.035569007825,5,6,3,1,-2644.7414368584814,68.30626921105464
2024-01-30,Beauty,535.611662327826,50,3.4598722356574316,177.33717933902324,267.805831163913,137,1,1,0,-90.46865182488978,1.5101505062959015
2024-03-02,Apparel,1422.873729890527,5,4.3420420795742505,95.02423301253714,1351.7300433960006,5,5,3,1,-1256.7058103834634,14.22510869640651
2024-03-15,Beauty,287.89464557415744,0,3.68985554386931,196.40558248555848,287.89464557415744,97,4,3,0,-91.48906308859895,1.465817019713918
2024-04-01,Beauty,1882.6605081001376,10,2.8064578912679576,303.2703830440634,1694.394457290124,5,0,4,0,-1391.1240742460604,5.587075270201833
2024-03-29,Sports,1658.3370665797333,20,4.819835503092554,47.837724835877296,1326.6696532637868,5,4,3,0,-1278.8319284279096,27.732707979222546
2024-03-02,Beauty,1230.9860897753044,5,3.6352414834438416,77.57699262297228,1169.4367852865391,5,5,3,1,-1091.8597926635669,15.074531065802656
2024-04-06,Beauty,1571.3104090991176,50,4.336217600806009,154.56288873931555,785.6552045495588,5,5,4,1,-631.0923158102432,5.083077904131555
2024-01-01,Home & Kitchen,2691.2753555299955,10,3.4179345360782305,300.7410755270492,2422.147819976996,5,0,1,0,-2121.4067444499465,8.05393082980826
2024-01-27,Sports,600.9384923985351,15,2.547202196440587,242.68388399964869,510.79771853875485,5,5,1,1,-268.11383453910616,2.1047863175763837
2024-03-02,Electronics,82.3550674404615,0,2.7513258967295897,279.9776119830349,82.3550674404615,206,5,3,1,197.6225445425734,0.2941487601710517
2024-03-17,Apparel,2587.0696808268162,10,3.740548698724811,113.44588030035891,2328.3627127441346,5,6,3,1,-2214.9168324437755,20.52399528814594
2024-01-03,Beauty,1737.694490927901,10,4.224910892815906,307.6513497646854,1563.925041835111,5,2,1,0,-1256.2736920704256,5.083433058334758
2024-03-10,Apparel,2673.6154895535997,20,3.3368383164481976,45.33568073892643,2138.89239164288,5,6,3,1,-2093.5567109039534,47.17900683922828
2024-03-12,Electronics,1796.8814918883202,10,4.238721147944126,30.627007283599745,1617.193342699488,5,1,3,0,-1586.5663354158883,52.8028523232653
2024-01-27,Apparel,2433.330853529712,20,4.24658897357989,267.40277498093826,1946.6646828237697,5,5,1,1,-1679.2619078428315,7.2798970876893
2024-01-09,Electronics,1297.5749896151167,0,4.259839768319577,288.5431367110609,1297.5749896151167,5,1,1,0,-1009.0318529040558,4.496987883355799
2024-03-02,Home & Kitchen,2253.3318948954825,0,3.731304635051271,41.72268047610002,2253.3318948954825,5,5,3,1,-2211.6092144193826,54.00736168392291
2024-02-06,Beauty,2740.4287786662203,15,4.787215375303759,48.46109089002324,2329.364461866287,5,1,2,0,-2280.903370976264,48.06669472531079
2024-04-06,Electronics,1722.7870467107857,20,3.722991294951539,24.786376537953274,1378.2296373686286,5,5,4,1,-1353.4432608306754,55.60432099699052
2024-02-20,Apparel,554.6436744287029,20,3.6256629837415955,45.82973097960361,443.7149395429623,5,1,2,0,-397.88520856335873,9.68181418608886
2024-02-13,Beauty,817.3608808651416,5,2.9984520475265675,76.77884595608286,776.4928368218845,5,1,2,0,-699.7139908658016,10.113369472446026
2024-01-24,Home & Kitchen,607.9540620387562,5,3.269137718390841,301.17260257845027,577.5563589368184,5,2,1,0,-276.3837563583681,1.9176922269560521
2024-03-19,Beauty,751.8682273732627,15,2.6058362312957586,212.01876556070573,639.0879932672733,5,1,3,0,-427.0692277065676,3.014299189871889
2024-02-28,Electronics,929.6501163128436,0,4.083838234040425,244.67314252796993,929.6501163128436,5,2,2,0,-684.9769737848736,3.799559308830025
2024-02-01,Home & Kitchen,1672.0743534582675,30,3.121339359817732,243.96112408899901,1170.4520474207873,5,3,2,0,-926.4909233317883,4.797699025988242
2024-04-05,Apparel,1770.1550139495407,5,3.260388136213663,172.84675618486833,1681.6472632520636,5,4,4,0,-1508.8005070671952,9.729122491911026
2024-03-28,Home & Kitchen,1288.1017455169554,10,4.4270363041608025,250.25924842534008,1159.2915709652598,5,3,3,0,-909.0323225399197,4.632362553071087
2024-02-21,Home & Kitchen,1852.0310277651938,0,3.3180529579036344,190.76322205504104,1852.0310277651938,5,2,2,0,-1661.2678057101527,9.708532954170936
2024-03-02,Sports,258.50115294992725,30,3.1054897300328554,107.7910987929905,180.95080706494906,165,5,3,1,-73.15970827195856,1.678717529473
2024-02-27,Home & Kitchen,277.0478876186075,10,2.9226443728342644,180.52748208667822,249.34309885674674,92,1,2,0,-68.81561677006852,1.381191915904679
2024-02-21,Home & Kitchen,527.9109391676104,50,4.43714600545489,172.38503290968148,263.9554695838052,111,2,2,0,-91.57043667412373,1.5311971412396381
2024-01-12,Beauty,1561.461331650429,20,2.824265644975067,257.9186508589996,1249.1690653203432,5,4,1,0,-991.2504144613436,4.84326767823877
2024-02-08,Apparel,653.774115914466,0,3.634384400625884,304.60952912758944,653.774115914466,5,3,2,0,-349.1645867868766,2.146269415099699
2024-01-02,Beauty,860.6039444253433,50,3.767325290192986,136.2575567991745,430.30197221267167,17,1,1,0,-294.0444154134972,3.15800446097004
2024-01-03,Beauty,1209.9338159763872,15,4.218474781714287,240.2002501402011,1028.443743579929,5,2,1,0,-788.243493439728,4.281609794243106
2024-02-25,Electronics,2438.4203801709837,20,4.083208705832488,44.430086191249394,1950.736304136787,5,6,2,1,-1906.3062179455378,43.90575106561439
2024-03-21,Beauty,56.37847569988745,20,4.526801682362937,244.16525398724514,45.10278055990997,251,3,3,0,199.06247342733516,0.18472235432100456
2024-02-28,Sports,1953.395778406318,10,2.6118785848155954,124.56798903800347,1758.0562005656861,5,2,2,0,-1633.4882115276828,14.113226151779125
2024-01-02,Sports,2011.5964451564457,50,3.241101811948493,26.620098052457564,1005.7982225782229,5,1,1,0,-979.1781245257653,37.78341539524749
2024-01-02,Electronics,2398.98750436456,20,3.2003352969384493,122.15762267584228,1919.1900034916482,5,1,1,0,-1797.032380815806,15.710767461351264
2024-04-01,Apparel,2799.267523095035,5,2.8650422639802704,195.1396115218852,2659.304146940283,5,0,4,0,-2464.1645354183975,13.627700322863653
2024-02-23,Apparel,75.11147911363014,0,3.222945634641108,50.178799466032636,75.11147911363014,155,4,2,0,-24.932679647597503,1.4968767669396932
2024-03-27,Beauty,474.0443609569503,5,3.2744132853572587,287.5901752669251,450.3421429091028,22,2,3,0,-162.7519676421777,1.5659162990916518
2024-04-05,Beauty,2660.221312757139,10,3.804711154818696,37.913361915487386,2394.199181481425,5,4,4,0,-2356.285819565938,63.149218653263475
2024-04-06,Beauty,1383.677908128241,30,4.15926119731564,289.351982350784,968.5745356897686,5,5,4,1,-679.2225533389847,3.347392085655584
2024-01-01,Apparel,1700.3030572163887,10,3.452751284029535,223.6055677910275,1530.2727514947499,5,0,1,0,-1306.6671837037225,6.843625436576246
2024-01-19,Home & Kitchen,1994.136203113595,0,4.2986755782834525,112.26509174719007,1994.136203113595,5,4,1,0,-1881.8711113664049,17.762745053504194
2024-01-02,Sports,2042.0138144194775,20,3.34041334644895,130.27135257418252,1633.6110515355822,5,1,1,0,-1503.3396989613998,12.540063638360772
2024-02-22,Home & Kitchen,2796.245103899777,50,3.225709193286901,233.53876259615953,1398.1225519498885,5,3,2,0,-1164.583789353729,5.9866830517020135
2024-02-13,Home & Kitchen,2990.8940109738337,50,3.8529701396425606,192.4339747599562,1495.4470054869169,5,1,2,0,-1303.0130307269606,7.771221310334365
2024-03-30,Apparel,2164.6700208788566,15,2.5592909007644766,213.13466182920882,1839.969517747028,5,5,3,1,-1626.8348559178191,8.632896695242609
2024-02-01,Home & Kitchen,872.3553094773752,10,2.699472809085001,129.8035618714766,785.1197785296376,5,3,2,0,-655.316216658161,6.048522607623158
2024-03-10,Electronics,2641.0609208486158,0,3.5449238589663175,158.9049771332417,2641.0609208486158,5,6,3,1,-2482.155943715374,16.620378848386157
2024-02-01,Beauty,161.9244299041734,15,4.857281778479392,307.01090779117857,137.63576541854738,219,3,2,0,169.3751423726312,0.44830904025131224
2024-03-08,Electronics,704.7763458303712,20,4.303779449608559,78.10724679741672,563.8210766642969,5,4,3,0,-485.7138298668802,7.218550131803448
2024-02-24,Sports,2693.696366629189,30,2.7203164237513944,138.26757502402876,1885.5874566404323,5,5,2,1,-1747.3198816164036,13.63723531213118
2024-03-15,Beauty,779.7316706014745,10,4.615795031952184,101.08784033432035,701.7585035413271,5,4,3,0,-600.6706632070067,6.942066436679753
2024-02-25,Home & Kitchen,673.6434129709191,30,4.330751926520453,240.7078955797557,471.55038907964337,40,6,2,1,-230.84249349988767,1.959015045783576
2024-01-17,Sports,427.304000023638,0,4.027366314256633,240.3837245713876,427.304000023638,27,2,1,0,-186.92027545225042,1.7775912274657348
2024-02-07,Beauty,2579.448596576046,30,4.550732401522943,101.27141099423179,1805.614017603232,5,2,2,0,-1704.3426066090003,17.829454530914713
2024-01-24,Home & Kitchen,1507.6739036853937,30,3.510274619357393,39.01014340672995,1055.3717325797757,5,2,1,0,-1016.3615891730457,27.05377731058802
2024-03-09,Electronics,2029.556211116652,0,3.0537526271346316,18.372639618300195,2029.556211116652,5,5,3,1,-2011.183571498352,110.46622876633897
2024-04-07,Beauty,728.6131564639636,0,3.7800584727718984,141.09790730653322,728.6131564639636,5,6,4,1,-587.5152491574304,5.163883507365292
2024-03-10,Home & Kitchen,2277.7506567184814,10,3.8721043889836846,136.04959032905242,2049.9755910466333,5,6,3,1,-1913.9260007175808,15.067855670042952
2024-03-26,Electronics,2283.616551711864,30,3.8458159300247803,306.57501419875956,1598.5315861983047,5,1,3,0,-1291.956571999545,5.214161337890179
2024-01-11,Sports,948.1051043512759,15,3.912684478700263,153.59161233081548,805.8893386985845,5,3,1,0,-652.2977263677691,5.246961904161852
2024-01-16,Sports,1240.8876595356944,0,4.871762295597952,90.6434190247491,1240.8876595356944,5,1,1,0,-1150.2442405109452,13.68977111506446
2024-04-06,Sports,640.9254781291496,20,4.755614057740578,277.9126851042829,512.7403825033197,5,5,4,1,-234.82769739903677,1.8449693374410776
2024-03-13,Sports,2930.0346546188694,30,4.689292591397349,159.86504514780566,2051.0242582332085,5,2,3,0,-1891.1592130854028,12.829723072588525
2024-02-28,Apparel,1942.1236925193587,0,4.503542027271568,191.75681238712045,1942.1236925193587,5,2,2,0,-1750.3668801322383,10.128055782438546
2024-03-10,Beauty,2804.6134839358137,15,4.858570268163213,43.222269576322745,2383.9214613454415,5,6,3,1,-2340.699191769119,55.15493482210289
2024-03-20,Beauty,920.6058477329625,50,2.7462366041985082,127.96034016228334,460.30292386648125,14,2,3,0,-332.3425837041979,3.597231167740806
2024-04-02,Apparel,2348.944375295716,10,3.162808153614349,293.54598396976706,2114.0499377661445,5,1,4,0,-1820.5039537963773,7.201767536304891
2024-01-03,Home & Kitchen,2301.088051995955,30,3.737639864136462,188.9040883317505,1610.7616363971686,5,2,1,0,-1421.857548065418,8.526875466921464
2024-01-20,Home & Kitchen,2079.5921208216264,50,4.6163362328085125,116.62804726702619,1039.7960604108132,5,5,1,1,-923.168013143787,8.915488896338495
2024-02-28,Sports,2897.4323411713995,0,3.7629142788068313,199.57181828631997,2897.4323411713995,5,2,2,0,-2697.8605228850793,14.518243938703492
2024-02-05,Electronics,1189.7626782773518,0,4.370086848353972,283.57127142554424,1189.7626782773518,5,0,2,0,-906.1914068518076,4.195638973921028
2024-01-19,Home & Kitchen,405.19121091542553,20,2.8473997631222905,95.82722713941406,324.15296873234047,65,4,1,0,-228.32574159292642,3.382681294333469
2024-03-30,Electronics,2020.0509448435214,20,3.1310345324414004,164.00943194884894,1616.0407558748173,5,5,3,1,-1452.0313239259683,9.853340363856793
2024-03-07,Beauty,2191.9897544244604,30,4.329440237594181,297.8137429039678,1534.3928280971222,5,3,3,0,-1236.5790851931545,5.152189462901644
2024-01-19,Electronics,1731.5558117745618,50,2.91183502221931,65.85686227304353,865.7779058872809,5,4,1,0,-799.9210436142373,13.146358268600055
2024-01-20,Beauty,632.3514110031879,50,3.378389836637317,227.3008580510299,316.17570550159394,122,5,1,1,-88.87484745056403,1.3910009324760724
2024-04-05,Apparel,1520.8009858830258,0,3.1621656445339283,196.2718974198798,1520.8009858830258,5,4,4,0,-1324.5290884631459,7.748439821874308
2024-03-11,Apparel,946.8863636588512,30,3.3746542355561964,215.50416368648726,662.8204545611958,5,0,3,0,-447.31629087470856,3.0756735425560437
2024-02-21,Sports,1290.9875865775668,0,4.270810122694925,118.60979104693305,1290.9875865775668,5,2,2,0,-1172.3777955306339,10.884325612433903
2024-02-02,Home & Kitchen,1940.9774488963217,20,3.4196179528570028,107.59441517771066,1552.7819591170573,5,4,2,0,-1445.1875439393466,14.431808161718907
2024-02-09,Sports,2239.466006932141,15,3.8881583065198506,216.8418528235693,1903.54610589232,5,4,2,0,-1686.7042530687506,8.778499542895517
2024-02-08,Beauty,708.1907023405092,5,2.749829692636024,78.58526910584088,672.7811672234837,5,3,2,0,-594.1958981176429,8.561161333142003
2024-03-22,Sports,1224.8962015311558,5,4.51254423308657,138.7981497334065,1163.651391454598,5,4,3,0,-1024.8532417211916,8.383767317429346
2024-01-01,Electronics,818.4472894100131,0,3.424721564120312,70.51152058561081,818.4472894100131,5,0,1,0,-747.9357688244023,11.607284633952888
2024-01-11,Beauty,607.9153673776793,50,4.121335397583357,17.449928131382272,303.95768368883967,52,3,1,0,-286.5077555574574,17.418850175216285
2024-04-01,Apparel,2353.4108516875776,20,4.313474004154582,301.1669212112305,1882.7286813500623,5,0,4,0,-1581.5617601388317,6.251445788860611
2024-02-26,Home & Kitchen,2729.1192928944224,10,3.0241523052792507,142.35237870364364,2456.2073636049804,5,0,2,0,-2313.8549849013366,17.254417425074692
2024-03-29,Beauty,1120.1430742684615,10,4.711687462383375,300.95813625384847,1008.1287668416154,5,4,3,0,-707.1706305877669,3.349730894104459
2024-02-19,Beauty,2257.567589255694,5,4.040560629017382,56.39543833150869,2144.6892097929094,5,0,2,0,-2088.293771461401,38.02948027792259
2024-01-23,Electronics,2692.5309387527673,15,3.5718128543787038,188.27319993995837,2288.651297939852,5,1,1,0,-2100.3780979998937,12.156012107244786
2024-01-31,Home & Kitchen,2540.6807684327414,5,2.955837958945549,74.28733967341569,2413.6467300111044,5,2,1,0,-2339.3593903376886,32.49068738525371
2024-04-03,Apparel,560.6979647895894,0,4.855752344753016,248.07186745416604,560.6979647895894,5,2,4,0,-312.6260973354233,2.2602239042409127
2024-02-11,Beauty,2869.5312663173836,15,4.3876705103290625,246.19238168448769,2439.101576369776,5,6,2,1,-2192.909194685288,9.90729916044133
2024-04-08,Beauty,1139.3791746819454,10,3.020061406833122,48.21910896659698,1025.441257213751,5,0,4,0,-977.222148247154,21.266283827934465
2024-01-07,Electronics,1027.6333736039014,50,3.3442769368105614,284.0590135985348,513.8166868019507,5,6,1,1,-229.7576732034159,1.8088378196234114
2024-01-16,Sports,201.3575119241743,20,4.524185645220183,72.41574592495127,161.08600953933944,151,1,1,0,-88.67026361438818,2.2244610958821363
2024-03-30,Apparel,1466.2283575030758,20,4.239194158038347,195.8283157688613,1172.9826860024607,5,5,3,1,-977.1543702335994,5.9898522917745325
2024-02-29,Home & Kitchen,340.4056426881722,0,4.414460731789311,305.7619179258727,340.4056426881722,72,3,2,0,-34.643724762299485,1.1133029417047886
2024-01-02,Beauty,756.8913654683665,5,3.603002755532331,275.30697775607734,719.0467971949482,5,1,1,0,-443.7398194388709,2.6118001187460838
2024-01-01,Beauty,961.0737259753349,0,4.291190656605417,297.1863589255449,961.0737259753349,5,0,1,0,-663.8873670497901,3.2339092865837626
2024-02-17,Apparel,2429.346575622677,20,3.4662343071597843,116.06663750934523,1943.4772604981417,5,5,2,1,-1827.4106229887966,16.744495250339796
2024-01-12,Sports,2628.333621431751,10,3.028157292345491,46.14481445474169,2365.5002592885758,5,4,1,0,-2319.355444833834,51.262537020462645
2024-03-09,Beauty,917.861957622487,20,4.0816925871034,70.56232762038778,734.2895660979897,5,5,3,1,-663.7272384776019,10.406254879350511
2024-02-06,Apparel,2578.213891915053,15,4.940034813996986,162.64599404760108,2191.481808127795,5,1,2,0,-2028.8358140801938,13.473936575938176
2024-02-01,Electronics,2573.834348048826,50,3.2765024284883237,249.00275509063002,1286.917174024413,5,3,2,0,-1037.914418933783,5.168284879241643
2024-01-09,Sports,2297.4830868988474,50,3.652423980531349,59.29532503424319,1148.7415434494237,5,1,1,0,-1089.4462184151805,19.373222809488315
2024-04-08,Home & Kitchen,452.8849153353169,30,4.1850034276746335,209.62080201692334,317.0194407347218,69,0,4,0,-107.39863871779846,1.51234723693657
2024-01-19,Beauty,2075.613697998676,20,3.8537657053062198,110.455393191656,1660.4909583989408,5,4,1,0,-1550.035565207285,15.033136096104878
2024-02-17,Apparel,2835.8968327729976,20,4.608569489272623,115.65461135568528,2268.7174662183984,5,5,2,1,-2153.0628548627133,19.61631654479529
2024-03-20,Electronics,2052.383329119964,50,4.404356766173789,210.26573039658825,1026.191664559982,5,2,3,0,-815.9259341633938,4.880451334720367
2024-01-03,Home & Kitchen,1004.8762945868843,30,2.6457430096558925,152.76482876229997,703.413406210819,5,2,1,0,-550.648577448519,4.604550745808911
2024-01-20,Apparel,1509.2292625310313,15,4.996053084809435,254.54982144266822,1282.8448731513765,5,5,1,1,-1028.2950517087083,5.0396612571983646
2024-01-24,Apparel,1942.489254402895,5,4.381006134298668,60.995960350533984,1845.3647916827501,5,2,1,0,-1784.3688313322161,30.253885356960282
2024-02-23,Home & Kitchen,1539.0526700545831,20,4.659758290735283,248.03473958127634,1231.2421360436665,5,4,2,0,-983.2073964623902,4.9639906817980695
2024-02-02,Electronics,373.0595310669449,50,4.127994280238366,33.949398176939155,186.52976553347244,154,4,2,0,-152.5803673565333,5.494346749868948
2024-01-24,Electronics,946.5111732862816,0,4.640712820116906,72.24589467245347,946.5111732862816,5,2,1,0,-874.2652786138282,13.10124509603693
2024-03-15,Sports,2410.152151202593,20,2.7809574373217734,208.5641657784338,1928.1217209620745,5,4,3,0,-1719.5575551836407,9.24474112686451
2024-03-12,Beauty,2586.3328675951193,0,3.369344588898289,267.203068670766,2586.3328675951193,5,1,3,0,-2319.129798924353,9.679278312412896
2024-02-05,Home & Kitchen,424.84059765597715,15,4.691052359011232,89.54049018310796,361.1145080075806,43,0,2,0,-271.5740178244726,4.032974437253033
2024-02-07,Home & Kitchen,2857.874455910193,20,3.0041380281672305,111.52152371952931,2286.2995647281546,5,2,2,0,-2174.778041008625,20.50097136834389
2024-03-24,Home & Kitchen,996.5355142780988,50,2.695605246450057,173.4506207445883,498.2677571390494,5,6,3,1,-324.81713639446116,2.872677854942733
2024-04-08,Electronics,1992.006510111199,15,4.470297349863047,77.41397791434419,1693.2055335945192,5,0,4,0,-1615.791555680175,21.872090534709262
2024-03-29,Beauty,2259.1980606806933,15,4.58871538910824,254.29109716831417,1920.3183515785893,5,4,3,0,-1666.0272544102752,7.551653883924764
2024-04-08,Sports,2438.6595103940817,5,2.9066305454747514,243.22281027669942,2316.7265348743776,5,0,4,0,-2073.5037245976782,9.525120329950889
2024-01-25,Apparel,2838.0628611444013,20,4.635864956956789,57.86105502990558,2270.450288915521,5,3,1,0,-2212.5892338856156,39.23969737057223
2024-04-02,Apparel,949.0648508660355,0,4.216919488992924,151.82977088590647,949.0648508660355,5,1,4,0,-797.2350799801291,6.25084820538402
2024-01-18,Home & Kitchen,2577.64176683639,0,3.80020670804146,243.5741911631133,2577.64176683639,5,3,1,0,-2334.0675756732767,10.582573443137214
2024-03-22,Beauty,408.08540675707803,20,4.5756254819534625,114.51221167550736,326.4683254056624,77,4,3,0,-211.95611373015507,2.850947690459197
2024-03-06,Electronics,2119.5471054654745,30,3.5481231232974144,201.76651270173085,1483.682973825832,5,2,3,0,-1281.9164611241013,7.353464923186455
2024-02-23,Beauty,2229.803522599248,5,2.984984890558493,29.812870829983957,2118.3133464692855,5,4,2,0,-2088.5004756393014,71.05365191261004
2024-02-04,Beauty,2038.0038749859416,5,3.212131691526534,194.5631843561488,1936.1036812366444,5,6,2,1,-1741.5404968804955,9.951027927732708
2024-03-20,Electronics,768.1594873634317,5,3.762910045733287,60.032629100179065,729.7515129952601,5,2,3,0,-669.718883895081,12.155914607329489
2024-03-01,Home & Kitchen,2621.033793840382,0,3.828326981682939,260.02208090876314,2621.033793840382,5,4,3,0,-2361.0117129316186,10.080043143566924
2024-02-10,Beauty,519.0425131606291,15,4.513952066103084,119.85759175624115,441.1861361865348,21,5,2,1,-321.3285444302936,3.6809194121286155
2024-04-09,Apparel,175.09985268968006,50,4.478381809130836,98.05838950481774,87.54992634484003,195,1,4,0,10.508463159977708,0.8928346344148206
2024-02-02,Electronics,2156.632996976558,30,3.9534163930114374,263.0622481298881,1509.6430978835904,5,4,2,0,-1246.5808497537023,5.7387295539958965
2024-03-08,Sports,1434.29500996971,5,4.451963708413691,29.79248680618401,1362.5802594712245,5,4,3,0,-1332.7877726650404,45.735700693115504
2024-02-02,Home & Kitchen,2549.557589576648,0,2.9794336457341775,131.9995958036317,2549.557589576648,5,4,2,0,-2417.5579937730163,19.31488936806655
2024-01-14,Electronics,1159.440466058903,0,2.625161317733236,124.15104446963426,1159.440466058903,5,6,1,1,-1035.2894215892688,9.338950558265235
2024-01-21,Sports,517.3115866955227,15,4.68408455658675,99.0161104036175,439.7148486911943,9,6,1,1,-340.69873828757676,4.440841464068756
2024-02-17,Sports,2511.779944522561,20,2.6888862344069238,283.96752794043573,2009.423955618049,5,5,2,1,-1725.4564276776132,7.076245548890859
2024-01-20,Beauty,1653.495250445614,20,3.1167210743599933,236.52387608743305,1322.7962003564912,5,5,1,1,-1086.2723242690581,5.592653994337166
2024-01-08,Beauty,579.7494402852093,50,4.238297374060961,33.85733343662194,289.87472014260464,130,0,1,0,-256.0173867059827,8.561652401989233
2024-01-07,Beauty,2165.3462357805406,50,3.523619844068273,225.83279758331145,1082.6731178902703,5,6,1,1,-856.8403203069588,4.79413588051073
2024-03-07,Electronics,1540.6742108911592,5,4.6907849247887725,170.55324427299422,1463.6405003466011,5,3,3,0,-1293.087256073607,8.581721834642094
2024-01-17,Electronics,1818.8742519873547,50,3.244949486655674,280.75602884846586,909.4371259936773,5,2,1,0,-628.6810971452114,3.239243444651133
2024-02-02,Home & Kitchen,1390.7815395466469,5,2.5296783666733984,107.31895711776575,1321.2424625693145,5,4,2,0,-1213.9235054515489,12.311361366654522
2024-02-17,Beauty,2488.696316696749,30,3.25163910140186,184.37778988482697,1742.0874216877241,5,5,2,1,-1557.709631802897,9.448466774528173
2024-03-16,Sports,2491.244706313904,50,3.945187622962079,162.72280604859088,1245.622353156952,5,5,3,1,-1082.899547108361,7.654872622986817
2024-02-28,Apparel,2132.525633145793,15,3.4398459385082334,159.4204673371437,1812.646788173924,5,2,2,0,-1653.2263208367804,11.37022628556548
2024-03-26,Home & Kitchen,329.6231115284399,5,3.837181889396888,149.55109285757771,313.1419559520179,87,1,3,0,-163.59086309444018,2.093879422534431
2024-01-22,Electronics,2518.9787777836455,15,4.691495297087547,75.66069528202297,2141.1319611160984,5,0,1,0,-2065.4712658340754,28.299131446454375
2024-01-30,Home & Kitchen,2017.9737468907358,0,4.781212635575921,237.93442713525587,2017.9737468907358,5,1,1,0,-1780.03931975548,8.481218002738213
2024-02-07,Home & Kitchen,2095.617135522834,5,3.16493516163528,148.14412965809015,1990.8362787466922,5,2,2,0,-1842.692149088602,13.438509398525955
2024-02-20,Home & Kitchen,1098.5037786055568,0,3.655351183174752,297.7623011257687,1098.5037786055568,5,1,2,0,-800.741477479788,3.68919696836159
2024-02-23,Home & Kitchen,2639.649475128665,10,3.872860038103628,91.93848602186901,2375.6845276157987,5,4,2,0,-2283.74604159393,25.83993526987931
2024-01-08,Apparel,2180.2342267010495,15,4.872781142220617,216.40943268997714,1853.199092695892,5,0,1,0,-1636.7896600059148,8.563393331152712
2024-01-27,Beauty,351.08254258964547,10,4.996543297910962,292.511538493537,315.9742883306809,95,5,1,1,-23.462749837143917,1.0802113651925642
2024-01-27,Sports,1232.2174327023956,5,3.0885181221038165,210.7202052897473,1170.6065610672758,5,5,1,1,-959.8863557775285,5.555264904272719
2024-04-07,Home & Kitchen,2660.845380451023,0,4.317449678364539,272.0255077471314,2660.845380451023,5,6,4,1,-2388.8198727038916,9.78160247723711
2024-01-21,Home & Kitchen,155.8821545666763,5,3.445077655582988,259.1068831283168,148.08804683834248,163,6,1,1,111.0188362899743,0.571532662700455
2024-01-30,Home & Kitchen,2884.828609631518,10,2.5202704922155332,121.23472606925614,2596.345748668366,5,1,1,0,-2475.1110225991097,21.415858581518847
2024-04-06,Beauty,2042.3002664338949,5,2.523131306089756,192.03656228215146,1940.1852531122001,5,5,4,1,-1748.1486908300487,10.103207587425802
2024-01-28,Electronics,1899.6572932654792,30,3.6514150189056394,61.0970952443499,1329.7601052858354,5,6,1,1,-1268.6630100414854,21.764702560205727
2024-03-04,Electronics,822.6193806166543,20,3.7208372825108365,172.98013539520187,658.0955044933235,5,0,3,0,-485.1153690981216,3.804457101330132
2024-04-06,Apparel,757.6434893864435,10,2.5564242414336067,82.97448168522948,681.8791404477992,5,5,4,1,-598.9046587625696,8.217937932225523
2024-03-09,Electronics,2827.0437851734573,5,4.217318541935756,234.40236041097145,2685.691595914784,5,5,3,1,-2451.2892355038125,11.457613273202677
2024-03-01,Home & Kitchen,905.3432758888564,0,3.235008471487383,170.77723445817676,905.3432758888564,5,4,3,0,-734.5660414306797,5.301311259438238
2024-02-17,Home & Kitchen,2329.8833107062133,5,3.8997327538398734,136.31207197633984,2213.3891451709023,5,5,2,1,-2077.0770731945627,16.23766048802404
2024-01-19,Home & Kitchen,1188.4685676481313,0,3.252297682913547,94.29514336925838,1188.4685676481313,5,4,1,0,-1094.173424278873,12.603709217494966
2024-01-04,Apparel,430.6734012923414,20,2.917835787173268,309.6160521431796,344.5387210338731,102,3,1,0,-34.9226688906935,1.1127934700056952
2024-02-04,Home & Kitchen,46.98516362064646,5,3.517934346497188,36.15460366105514,44.635905439614135,166,6,2,1,-8.481301778558993,1.2345842830437344
2024-03-04,Electronics,1639.6081509905237,50,3.080683411976252,27.850400768863906,819.8040754952618,5,0,3,0,-791.9536747263979,29.435988454851376
2024-02-18,Beauty,2927.699773368564,50,3.83700244229792,79.09093314569004,1463.849886684282,5,6,2,1,-1384.7589535385919,18.50844121396047
2024-01-17,Beauty,1116.8715385204753,20,2.9970713257162,301.4663752952068,893.4972308163802,5,2,1,0,-592.0308555211734,2.9638371109926784
2024-02-13,Sports,1081.219116969239,10,3.7710149416115675,303.8752596543954,973.097205272315,5,1,2,0,-669.2219456179196,3.2022916455227115
2024-04-01,Electronics,1042.1134792805847,0,2.8934462871721687,208.20368175778012,1042.1134792805847,5,0,4,0,-833.9097975228045,5.0052596115613275
2024-01-30,Home & Kitchen,1568.8233543550025,50,4.177436773714462,274.6314668258894,784.4116771775012,5,1,1,0,-509.78021035161186,2.8562337966712383
2024-04-02,Beauty,1330.3846770215162,30,4.384844211103561,78.11871059803464,931.2692739150613,5,1,4,0,-853.1505633170266,11.921206415028703
2024-02-15,Electronics,2641.5451607801383,10,2.7759855856248343,301.752417782104,2377.3906447021245,5,3,2,0,-2075.6382269200203,7.8786134082240995
2024-01-06,Beauty,1523.9795632946186,0,3.669506030093348,57.12153079117157,1523.9795632946186,5,5,1,1,-1466.858032503447,26.679599481779952
2024-04-08,Home & Kitchen,1530.6571469928779,20,2.6771792516371837,44.83193051358919,1224.5257175943023,5,0,4,0,-1179.693787080713,27.313695920882353
2024-02-06,Beauty,428.03921024086145,50,3.995456113855006,48.10240407794551,214.01960512043073,164,1,2,0,-165.9172010424852,4.449249662732692
2024-01-24,Sports,2948.477529617502,15,3.1610107448241136,184.07273736540657,2506.2059001748767,5,2,1,0,-2322.13316280947,13.615301950987755
2024-04-02,Sports,761.1690792434566,5,3.8190611420967695,245.38744821182544,723.1106252812838,5,1,4,0,-477.7231770694583,2.9468117890735557
2024-02-15,Beauty,233.99174136691397,20,3.793652523460728,123.16681747301676,187.1933930935312,149,3,2,0,-64.02657562051444,1.5198362427002006
2024-02-22,Electronics,1994.4915531909983,0,4.810885865484501,303.47931639690734,1994.4915531909983,5,3,2,0,-1691.012236794091,6.572083978805626
2024-04-04,Electronics,1792.168614918265,0,3.872708056421807,143.1539407449072,1792.168614918265,5,3,4,0,-1649.0146741733577,12.51917066056753
2024-04-08,Electronics,1254.209777168346,0,3.957496199295789,59.3823224780988,1254.209777168346,5,0,4,0,-1194.8274546902471,21.12092833066473
2024-02-29,Beauty,1275.243818133824,0,3.5041328144109505,152.46019071491034,1275.243818133824,5,3,2,0,-1122.7836274189137,8.364438035620976
2024-04-06,Electronics,2358.415804323597,5,4.872699007957042,215.31596379961977,2240.4950141074173,5,5,4,1,-2025.1790503077975,10.40561496031245
2024-03-03,Home & Kitchen,599.2022306974525,10,4.442964773599024,260.50660524879174,539.2820076277072,5,6,3,1,-278.7754023789155,2.070127961295555
2024-03-25,Sports,2463.4561570504957,30,3.213513225757104,150.3366455371949,1724.419309935347,5,0,3,0,-1574.082664398152,11.470385705185281
2024-02-01,Home & Kitchen,1951.5101349766292,15,4.6105239644405795,190.1140136845044,1658.7836147301348,5,3,2,0,-1468.6696010456303,8.725204326509555
2024-03-27,Electronics,1265.6247747318803,5,3.5809909004627247,93.86669008686174,1202.3435359952862,5,2,3,0,-1108.4768459084244,12.809054360845892
2024-02-02,Home & Kitchen,1382.2154205028478,0,4.571667858833985,205.54537528962663,1382.2154205028478,5,4,2,0,-1176.670045213221,6.724624276052028
2024-03-07,Electronics,781.0919134504959,5,4.557220170733755,305.8617234653514,742.0373177779711,5,3,3,0,-436.1755943126197,2.4260548504429993
2024-01-18,Beauty,2260.0612831004696,20,2.972175466907136,29.470803913399187,1808.0490264803757,5,3,1,0,-1778.5782225669766,61.35051598162644
2024-01-25,Home & Kitchen,1545.9311057812242,30,4.252852828458942,276.5265478580245,1082.1517740468569,5,3,1,0,-805.6252261888324,3.913373896391532
2024-04-04,Beauty,972.7508101082832,0,3.2266074232663278,180.87333831641922,972.7508101082832,5,3,4,0,-791.877471791864,5.378077383669207
2024-02-23,Beauty,1794.2095955464365,15,3.2437316749816705,89.36910457087848,1525.078156214471,5,4,2,0,-1435.7090516435924,17.06493718984209
2024-02-27,Apparel,2987.2673393731993,0,3.240870192201452,296.6924644527311,2987.2673393731993,5,1,2,0,-2690.574874920468,10.068564919177883
2024-03-07,Electronics,1314.2579047748131,30,4.31392061889987,157.58951940237517,919.9805333423691,5,3,3,0,-762.3910139399939,5.837828155268194
2024-02-15,Sports,2763.263831324179,15,3.0745651044813402,112.84862424364876,2348.7742566255524,5,3,2,0,-2235.9256323819036,20.813494824308805
2024-01-24,Electronics,1044.8752671748298,30,2.5022645881152257,68.54180033989815,731.4126870223809,5,2,1,0,-662.8708866824827,10.671045747198239
2024-02-01,Sports,178.37713017108288,15,4.2880921337065825,87.11340202571532,151.62056064542045,166,3,2,0,-64.50715861970514,1.7404963773618098
2024-02-16,Electronics,624.6626875097602,10,2.927961859587813,260.69046726947556,562.1964187587841,5,4,2,0,-301.5059514893086,2.1565668459124825
2024-03-26,Beauty,1264.8050028331375,50,2.7612059882695865,196.25095274856392,632.4025014165687,5,1,3,0,-436.1515486680048,3.222417484142361
2024-01-23,Home & Kitchen,670.6102618547885,10,3.0937903014851504,284.40745774905326,603.5492356693097,5,1,1,0,-319.14177792025646,2.122128724914981
2024-03-06,Home & Kitchen,15.677709081492779,5,3.44975130580676,83.43069338654682,14.89382362741814,193,2,3,0,68.53686975912868,0.17851731806198515
2024-01-27,Apparel,2746.279590176369,5,3.689765818683002,50.73587928542594,2608.96561066755,5,5,1,1,-2558.229731382124,51.4224972034137
2024-01-02,Sports,2533.980042524323,15,2.611425101781577,16.79582163779905,2153.8830361456744,5,1,1,0,-2137.087214507875,128.2392182171281
2024-03-30,Sports,2230.742310988537,0,4.926433331568401,164.81930109671816,2230.742310988537,5,5,3,1,-2065.9230098918188,13.534472577817253
2024-01-17,Sports,515.9265680033955,50,4.290157633548896,309.5005444626865,257.96328400169773,175,2,1,0,51.53726046098876,0.8334824885350012
2024-02-02,Beauty,374.28527498680836,20,3.3079851633108404,220.0147543014985,299.4282199894467,98,4,2,0,-79.41346568794819,1.3609460917294822
2024-01-09,Sports,216.8001771750637,20,3.2967431432134933,105.97640462971809,173.440141740051,115,1,1,0,-67.4637371103329,1.6365920541091332
2024-02-12,Home & Kitchen,2176.22712848717,0,3.6213563734211487,273.67328199272066,2176.22712848717,5,0,2,0,-1902.5538464944493,7.951916652737239
2024-02-17,Beauty,2787.4917626533374,0,4.065612056907582,245.60806846644812,2787.4917626533374,5,5,2,1,-2541.8836941868894,11.34934931111243
2024-02-08,Electronics,1300.1494254254155,10,2.8659326664724194,19.54747399257908,1170.134482882874,5,3,2,0,-1150.5870088902948,59.8611607477825
2024-04-02,Sports,370.6349059082038,20,2.972324534412381,255.9738417596016,296.50792472656303,77,1,4,0,-40.53408296696142,1.1583524421414477
2024-02-11,Sports,1544.492569885338,15,4.648586457083877,103.65539338535632,1312.8186844025374,5,6,2,1,-1209.163291017181,12.665223116002403
2024-01-26,Electronics,1056.263243764011,30,3.140637309722681,59.15367205216232,739.3842706348075,5,4,1,0,-680.2305985826453,12.499380765116506
2024-04-08,Sports,1133.852399184743,5,3.450487494937944,81.767597722437,1077.1597792255059,5,0,4,0,-995.3921815030689,13.17343066482108
2024-02-19,Electronics,1869.6719131047862,30,4.678179627375293,153.231042290666,1308.7703391733503,5,0,2,0,-1155.5392968826843,8.541156671705766
2024-01-25,Beauty,2160.373568087674,10,4.157869573499556,140.33603848506326,1944.3362112789066,5,3,1,0,-1804.0001727938434,13.854860321469408
2024-01-24,Home & Kitchen,345.1517426363851,20,3.3542796983542207,100.2217533153969,276.1213941091081,106,2,1,0,-175.89964079371123,2.7551044057287317
2024-01-13,Electronics,121.23683895733201,50,4.209248864311552,65.80440505107464,60.618419478666006,232,5,1,1,5.185985572408633,0.9211909055574093
2024-02-29,Apparel,2983.075953516859,0,2.5492080384535343,239.85808294443993,2983.075953516859,5,3,2,0,-2743.217870572419,12.436837303531066
2024-01-07,Electronics,709.6941215129223,50,4.339106650028413,307.08238620180055,354.84706075646113,115,6,1,1,-47.76467455466059,1.1555435176385265
2024-02-26,Sports,175.68411685175033,50,3.7175401012905986,244.44851622380867,87.84205842587517,216,0,2,0,156.6064577979335,0.35934788962044667
2024-02-05,Beauty,581.7778573513211,20,4.532955368211153,102.30140546310466,465.42228588105695,5,0,2,0,-363.1208804179523,4.549519957953198
2024-02-14,Beauty,131.2891713501657,15,4.886594130016171,87.21864361657934,111.59579564764084,185,2,2,0,-24.3771520310615,1.27949473897147
2024-01-20,Electronics,1184.5555204322575,10,4.814471373736421,79.21143343945178,1066.0999683890318,5,5,1,1,-986.88853494958,13.458915236068101
2024-03-05,Home & Kitchen,2410.1693265872027,0,4.773162608638351,55.3250469742657,2410.1693265872027,5,1,3,0,-2354.844279612937,43.563800817164896
2024-01-08,Apparel,1033.614682526796,30,3.780424889834718,177.64251215922886,723.5302777687572,5,0,1,0,-545.8877656095283,4.072956799441256
2024-01-16,Beauty,1340.8874695319241,15,3.400355285347345,193.59310972623652,1139.7543491021354,5,1,1,0,-946.1612393758988,5.887370427149408
2024-01-14,Sports,2031.6265190988047,30,3.662588311826682,223.1232848956255,1422.1385633691632,5,6,1,1,-1199.0152784735378,6.373779249594785
2024-03-16,Sports,1534.0487991585924,5,4.224740008283402,215.66294442543204,1457.3463592006626,5,5,3,1,-1241.6834147752306,6.757518604242914
2024-03-27,Home & Kitchen,2586.415372773653,10,4.709994442177967,101.23832682859783,2327.7738354962876,5,2,3,0,-2226.5355086676896,22.993009746568998
2024-01-15,Beauty,2600.116490011583,15,3.017465757500299,112.44174659206973,2210.0990165098456,5,0,1,0,-2097.657269917776,19.65550236895483
2024-04-01,Electronics,44.583426041093624,15,4.795482896154258,216.04678795548966,37.89591213492958,223,0,4,0,178.1508758205601,0.1754060428000298
2024-04-07,Sports,2337.4682248523495,30,4.537950579924723,118.08705403117035,1636.2277573966446,5,6,4,1,-1518.1407033654743,13.856114633571472
2024-03-06,Home & Kitchen,1390.2897967213964,0,4.947140037945586,77.72384093769735,1390.2897967213964,5,2,3,0,-1312.565955783699,17.887559080306374
2024-02-01,Beauty,2966.689015791434,5,4.700629433204218,125.42916534053818,2818.3545650018623,5,3,2,0,-2692.9253996613243,22.469690819914767
2024-03-27,Beauty,1457.4477464881738,30,3.1998433242297666,95.2648264855034,1020.2134225417216,5,2,3,0,-924.9485960562182,10.709235088954568
2024-03-03,Beauty,2960.884396984068,15,2.764889778360119,41.05225275948045,2516.751737436458,5,6,3,1,-2475.6994846769776,61.30605675117911
2024-03-26,Beauty,2267.3895431991236,10,2.7806026799789714,259.8909761716128,2040.6505888792112,5,1,3,0,-1780.7596127075985,7.851948609141844
2024-02-20,Beauty,757.0855805707193,15,3.22805829644569,266.6678598013257,643.5227434851114,5,1,2,0,-376.8548836837857,2.4131994907993493
2024-01-25,Sports,1622.1090131715687,20,4.0354593099613485,79.82633854922945,1297.687210537255,5,3,1,0,-1217.8608719880256,16.25637896114905
2024-02-27,Home & Kitchen,2976.5248838435696,10,4.5108008152429315,34.10779885993452,2678.872395459213,5,1,2,0,-2644.7645965992783,78.54134494166992
2024-03-03,Beauty,2574.728864139492,10,4.748125767453912,232.95409401859794,2317.255977725543,5,6,3,1,-2084.301883706945,9.94726444919463
2024-03-02,Apparel,305.64017796679497,15,4.059383460923081,77.40094462970704,259.7941512717757,63,5,3,1,-182.39320664206866,3.356472618191598
2024-01-22,Apparel,2123.520410477838,0,2.5140782818701344,131.06346938387378,2123.520410477838,5,0,1,0,-1992.4569410939644,16.202229503464668
2024-02-27,Home & Kitchen,1046.555063824377,10,2.9657919412963336,33.91989941002806,941.8995574419392,5,1,2,0,-907.9796580319112,27.76834760198247
2024-02-27,Electronics,35.84205171283913,20,2.74931550963342,81.74952750373838,28.673641370271305,203,1,2,0,53.07588613346707,0.3507499339242061
2024-03-26,Electronics,1219.3906925455938,30,3.408311188922525,248.90617210724255,853.5734847819156,5,1,3,0,-604.667312674673,3.4292981871664834
2024-02-18,Electronics,715.7419488490393,0,3.753377484084365,252.29695183998456,715.7419488490393,5,6,2,1,-463.44499700905476,2.8369028782519243
2024-02-21,Apparel,2459.3247725036076,0,2.608492946446402,76.09002334187457,2459.3247725036076,5,2,2,0,-2383.234749161733,32.321251387370374
2024-02-11,Electronics,1021.93186740461,0,3.371194939489138,114.09458430647341,1021.93186740461,5,6,2,1,-907.8372830981366,8.956883217695623
2024-03-10,Sports,2485.158226452144,10,2.9479491865633065,54.600333632654355,2236.6424038069295,5,6,3,1,-2182.042070174275,40.96389628046668
2024-01-15,Beauty,16.784847421863997,0,4.117675415647184,36.8809259340521,16.784847421863997,182,0,1,0,20.096078512188104,0.4551091654227307
2024-02-23,Apparel,933.8401628279656,15,3.66068092331085,307.6906557622808,793.7641384037707,5,4,2,0,-486.07348264148993,2.5797472998888407
2024-02-29,Home & Kitchen,734.8781647086694,0,3.738294117334772,208.40021561722756,734.8781647086694,5,3,2,0,-526.4779490914418,3.5262831304283937
2024-04-06,Home & Kitchen,712.1985727898037,20,3.569229470083653,174.91847021350404,569.758858231843,5,5,4,1,-394.8403880183389,3.2572824215555967
2024-01-08,Beauty,218.53705999990615,5,4.890049276216418,240.82205761956337,207.61020699991084,170,0,1,0,33.21185061965252,0.8620896650915646
2024-02-22,Apparel,573.5659471753477,20,3.036837812803908,262.8227621078786,458.85275774027815,13,3,2,0,-196.02999563239956,1.7458638439844751
2024-02-29,Electronics,1673.3154661085753,10,3.791660649609686,252.98085657319461,1505.9839194977178,5,3,2,0,-1253.0030629245232,5.952956045359873
2024-01-05,Electronics,884.7128024206672,0,4.340043420913339,19.8791375405136,884.7128024206672,5,4,1,0,-864.8336648801536,44.50458681205994
2024-03-08,Sports,1260.9234252525066,0,3.8921110328364064,70.10832996619706,1260.9234252525066,5,4,3,0,-1190.8150952863095,17.985358171567693
2024-01-06,Sports,1139.9476378363577,15,4.822552214292003,208.19706412476015,968.955492160904,5,5,1,1,-760.7584280361439,4.65403052744426
2024-04-05,Electronics,2629.576201124685,30,3.4449208891032104,125.84900760216907,1840.7033407872796,5,4,4,0,-1714.8543331851106,14.626284115056892
2024-04-03,Home & Kitchen,2717.317512046389,0,3.659189514432945,304.83238206302656,2717.317512046389,5,2,4,0,-2412.485129983362,8.91413665981379
2024-02-16,Home & Kitchen,1486.4765603927422,50,2.721305788036821,211.29441382828495,743.2382801963711,5,4,2,0,-531.9438663680861,3.5175481771154966
2024-04-08,Sports,1000.5155116920791,20,4.022497777629821,297.18192807511593,800.4124093536634,5,0,4,0,-503.2304812785475,2.69334146439534
2024-02-24,Beauty,333.80010144705545,10,3.2205299211202654,74.42671208550917,300.42009130234993,65,5,2,1,-225.99337921684076,4.036455230713349
2024-02-09,Electronics,2860.9075949555536,5,2.9007725987889224,269.8673232939318,2717.862215207776,5,4,2,0,-2447.994891913844,10.071105245474858
2024-02-21,Sports,194.7774305273879,0,3.86132823226127,109.79893021549148,194.7774305273879,104,2,2,0,-84.97850031189643,1.7739465233870453
2024-01-16,Sports,903.4860785413172,5,3.8307756584497765,306.921618430153,858.3117746142512,5,1,1,0,-551.3901561840983,2.796517817820577
2024-01-13,Electronics,904.7276104924624,0,2.689679103060119,61.51815826157845,904.7276104924624,5,5,1,1,-843.2094522308839,14.70667581830901
2024-01-30,Electronics,971.3978391285415,10,4.245538633736182,167.32024655730635,874.2580552156874,5,1,1,0,-706.9378086583811,5.225058372814782
2024-01-19,Home & Kitchen,505.3962271681417,30,4.059430476627132,248.88913748195097,353.77735901769915,61,4,1,0,-104.88822153574819,1.421425469174421
2024-01-17,Beauty,2352.736871307236,20,2.972543206866243,142.6295317781906,1882.1894970457888,5,2,1,0,-1739.5599652675983,13.196351930628671
2024-03-03,Beauty,380.6561179684778,10,3.6735871553851096,153.08479775535577,342.59050617163007,39,6,3,1,-189.5057084162743,2.237913308146526
2024-01-19,Electronics,1910.196377572191,5,4.3008072911964,305.9749596741936,1814.6865586935814,5,4,1,0,-1508.711599019388,5.930833557837167
2024-04-01,Apparel,384.68038971686514,0,3.823589351353191,140.46590433884023,384.68038971686514,9,0,4,0,-244.2144853780249,2.73860330396561
2024-02-27,Sports,225.54887821497533,5,3.4887226904589257,193.20126967672377,214.27143430422655,140,1,2,0,-21.070164627502777,1.1090581064128546
2024-02-24,Sports,2729.6470685023414,20,3.3058461452023593,31.089199899169458,2183.7176548018733,5,5,2,1,-2152.6284549027037,70.24039415244684
2024-03-30,Electronics,582.5343674613365,50,4.0259846666101335,263.4519736620267,291.26718373066825,134,5,3,1,-27.815210068641534,1.1055798128289018
2024-03-30,Apparel,2466.431711360717,10,4.847771745775601,206.20957444896533,2219.7885402246457,5,5,3,1,-2013.5789657756804,10.764721018198985
2024-03-02,Home & Kitchen,1640.7231502548004,5,4.179362101193709,134.18593034453,1558.6869927420603,5,5,3,1,-1424.5010623975304,11.615874993302524
2024-01-23,Electronics,247.40171103217727,5,2.686864759090789,19.770014286583326,235.0316254805684,66,1,1,0,-215.2616111939851,11.888288094969647
2024-01-09,Electronics,2867.0128514426315,20,3.6517124337053346,189.54230207508365,2293.6102811541055,5,1,1,0,-2104.067979079022,12.100783076094192
2024-01-12,Sports,752.1790834707991,50,4.7270603287765685,18.734059402827846,376.08954173539956,53,4,1,0,-357.35548233257174,20.075176108314785
2024-01-01,Electronics,2581.0413558775303,0,2.736156064502717,15.355066103160283,2581.0413558775303,5,0,1,0,-2565.68628977437,168.09054018636343
2024-02-27,Electronics,518.8978672669241,50,4.9721892803438585,196.74907583405962,259.44893363346205,158,1,2,0,-62.69985779940242,1.3186793001878403
2024-01-01,Electronics,2564.019503193431,5,4.8726734841135535,70.7600348636935,2435.8185280337593,5,0,1,0,-2365.058493170066,34.42364793524941
2024-02-03,Sports,54.48800652230255,20,2.6956862018246897,71.60682716683812,43.59040521784204,201,5,2,1,28.016421948996076,0.6087464972617753
2024-04-05,Home & Kitchen,1542.6646628598999,0,4.833533301123888,207.71511192065938,1542.6646628598999,5,4,4,0,-1334.9495509392405,7.426829221020515
2024-02-17,Home & Kitchen,2311.786099573347,50,3.4078314756486554,30.84067044211541,1155.8930497866736,5,5,2,1,-1125.0523793445582,37.47950460273422
2024-03-29,Electronics,2805.3646197159583,50,4.611772917689656,107.45464063499412,1402.6823098579791,5,4,3,0,-1295.227669222985,13.05371551725404
2024-01-01,Sports,2728.968376576364,50,3.5459583442831786,59.082411131895626,1364.484188288182,5,0,1,0,-1305.4017771562862,23.09459214929645
2024-01-16,Home & Kitchen,2461.5802355997203,30,3.60213778175629,186.1520290899775,1723.106164919804,5,1,1,0,-1536.9541358298266,9.256445784359043
2024-03-01,Home & Kitchen,2666.2511787389926,0,4.085607727443857,210.22072064458177,2666.2511787389926,5,4,3,0,-2456.0304580944107,12.683103599700805
2024-03-04,Home & Kitchen,609.6707622236734,50,4.436193548189959,227.73507681171785,304.8353811118367,120,0,3,0,-77.10030430011884,1.338552608493694
2024-03-03,Sports,863.2901226995103,30,2.5844728773706214,90.29320899097681,604.3030858896572,5,6,3,1,-514.0098768986803,6.692674816220635
2024-03-09,Sports,877.5710468893596,10,3.9828899888178357,41.328676732792275,789.8139422004238,5,5,3,1,-748.4852654676315,19.110554816620713
2024-01-22,Electronics,1140.5059840400709,20,2.9668324852434274,38.21167879785986,912.4047872320567,5,0,1,0,-874.1931084341968,23.877642017737212
2024-04-02,Beauty,1189.0622010997884,50,3.364873794658007,140.7147067929635,594.5311005498942,5,1,4,0,-453.81639375693067,4.225081472291594
2024-03-07,Home & Kitchen,1640.4976440942064,0,3.3699216653880413,294.0241006735009,1640.4976440942064,5,3,3,0,-1346.4735434207055,5.579466582285026
2024-03-16,Beauty,492.24109364882753,30,3.672650850552884,79.23006510287226,344.56876555417927,75,5,3,1,-265.338700451307,4.348964816661344
2024-01-26,Sports,2078.371291401178,30,3.3353410296904333,90.73877239575705,1454.8599039808246,5,4,1,0,-1364.1211315850676,16.033497760311928
2024-01-16,Sports,515.1861198239519,10,2.7684027961266695,44.762196621228384,463.66750784155676,5,1,1,0,-418.9053112203284,10.358461890622753
2024-02-20,Sports,941.2708190820744,15,2.8640718463136285,193.64323079870942,800.0801962197631,5,1,2,0,-606.4369654210537,4.131723029613362
2024-03-26,Beauty,1517.4852148593698,20,2.583594963902744,215.5624978144166,1213.9881718874958,5,1,3,0,-998.4256740730792,5.631722512942163
2024-02-26,Sports,2392.37507614758,15,3.6756227133218857,204.6647064074242,2033.5188147254428,5,0,2,0,-1828.8541083180185,9.935854844837463
2024-01-29,Electronics,2222.315661217601,0,4.886119237132471,269.0334216982105,2222.315661217601,5,0,1,0,-1953.2822395193903,8.260370206756297
2024-03-18,Sports,1941.9200538854088,20,2.7891880591202916,158.49562133269117,1553.5360431083272,5,0,3,0,-1395.040421775636,9.801760011069128
2024-04-01,Apparel,479.98318283180794,10,4.865661232507705,54.66482702628401,431.9848645486272,5,0,4,0,-377.32003752234317,7.902428088557194
2024-03-09,Beauty,1647.9303566624994,0,4.3334037868302335,100.37451355780173,1647.9303566624994,5,5,3,1,-1547.5558431046977,16.41781661749744
2024-02-16,Apparel,276.02780787265806,20,4.093747007335407,210.41684215929877,220.82224629812646,137,4,2,0,-10.405404138827691,1.0494513843666096
2024-04-03,Sports,1141.4290827380025,20,4.113194388308907,195.87098225376016,913.1432661904021,5,2,4,0,-717.2722839366419,4.66196297013195
2024-03-02,Electronics,1249.346842915528,15,4.566819120990705,171.64592327417392,1061.9448164781988,5,5,3,1,-890.2988932040249,6.186833897487506
2024-03-09,Home & Kitchen,133.83714674557518,0,2.7672996609495533,216.47450351316272,133.83714674557518,150,5,3,1,82.63735676758753,0.6182582455371574
2024-03-16,Sports,832.8544769178659,10,3.7618858089138545,203.0303008601233,749.5690292260794,5,5,3,1,-546.5387283659561,3.691907198337312
2024-01-16,Electronics,2867.6136597904706,10,4.242727845651896,274.99084239216074,2580.852293811424,5,1,1,0,-2305.861451419263,9.385229963879688
2024-03-30,Beauty,2861.5933343716233,0,3.967051112683909,187.8748313560975,2861.5933343716233,5,5,3,1,-2673.718503015526,15.231382052169437
2024-03-30,Apparel,1066.69625694383,0,4.581947677558237,244.68740081666417,1066.69625694383,5,5,3,1,-822.0088561271657,4.359424528535773
2024-02-17,Apparel,143.6538252107473,30,2.6806792725283786,88.36861101010803,100.55767764752311,168,5,2,1,-12.189066637415081,1.1379343468012735
2024-03-25,Apparel,549.598393894622,5,4.226752598747915,215.06386245377504,522.1184741998908,5,0,3,0,-307.0546117461157,2.427736897509282
2024-02-08,Beauty,1185.7701133991172,15,3.8350693259617943,281.14726492288935,1007.9045963892496,5,3,2,0,-726.7573314663603,3.5849703060980835
2024-04-09,Electronics,2844.122398438151,0,3.4479021599498587,128.7910367304508,2844.122398438151,5,1,4,0,-2715.3313617077,22.08323242548834
2024-02-02,Beauty,436.479204658497,0,3.350687455585077,244.83573526490076,436.479204658497,19,4,2,0,-191.64346939359623,1.7827430468278946
2024-04-03,Apparel,2294.0947933496136,5,4.052081581935482,228.81284385265343,2179.390053682133,5,2,4,0,-1950.5772098294794,9.524771498778168
2024-01-23,Sports,339.41738003345586,5,4.7274884366106615,32.56022807718763,322.4465110317831,56,1,1,0,-289.88628295459546,9.903079003850584
2024-01-10,Home & Kitchen,2944.0538685129613,20,3.7404398152527882,186.54495133910132,2355.2430948103693,5,2,1,0,-2168.698143471268,12.625606203241649
2024-03-09,Beauty,1154.125249840768,50,4.5618079101923,53.405858014236706,577.062624920384,5,5,3,1,-523.6567669061473,10.805230856258373
2024-04-09,Beauty,2329.0750986136823,10,3.505390954609919,300.3591558080244,2096.1675887523143,5,1,4,0,-1795.80843294429,6.978870289847555
2024-02-03,Electronics,1037.6343821912285,15,2.7559861569829414,254.36521329669358,881.9892248625442,5,5,2,1,-627.6240115658507,3.467412911661726
2024-02-21,Electronics,1888.591598319044,20,2.6537643411465965,47.368521367900435,1510.8732786552353,5,2,2,0,-1463.5047572873348,31.896146111900542
2024-04-04,Beauty,588.1680129490096,0,2.628335928309194,50.91683930606513,588.1680129490096,5,3,4,0,-537.2511736429444,11.551542102083072
2024-01-10,Apparel,450.8727426014332,5,3.4503753548941747,190.3697871992226,428.3291054713615,5,2,1,0,-237.95931827213892,2.249984683877982
2024-01-19,Home & Kitchen,2815.121456610872,30,3.343094377089605,116.74230638108908,1970.5850196276103,5,4,1,0,-1853.8427132465213,16.879784893018204
2024-02-27,Electronics,2754.177124544734,10,4.294842559056423,25.297228426567237,2478.7594120902604,5,1,2,0,-2453.4621836636934,97.98541446093986
2024-04-05,Apparel,2664.0947865354537,20,4.357053753962164,174.78424481075066,2131.275829228363,5,4,4,0,-1956.4915844176123,12.193752540659615
2024-01-01,Sports,1881.9188487472816,30,2.6271349220843496,129.41430440732483,1317.343194123097,5,0,1,0,-1187.9288897157721,10.179270368573997
2024-03-09,Electronics,2427.6806104805905,10,3.0528081572225374,44.817565249664085,2184.9125494325317,5,5,3,1,-2140.094984182868,48.75125494348241
2024-01-04,Apparel,221.07525668045412,50,3.185654625397249,251.5665157155149,110.53762834022706,229,3,1,0,141.02888737528784,0.43939722274179377
2024-01-16,Apparel,1014.3452900436772,50,3.8690299603570235,284.94764575724776,507.1726450218386,24,1,1,0,-222.22499926459085,1.7798801027958255
2024-01-24,Home & Kitchen,951.4038274001114,30,2.8612880597673755,238.19521053416835,665.9826791800779,5,2,1,0,-427.7874686459095,2.795953275830224
2024-03-20,Home & Kitchen,1912.4012860285507,5,2.8348530485000007,257.6145814548018,1816.781221727123,5,2,3,0,-1559.1666402723213,7.052322937107795
2024-01-02,Sports,1077.533953809862,20,4.859472223019895,78.86471734350462,862.0271630478896,5,1,1,0,-783.162445704385,10.930453973393808
2024-04-01,Apparel,458.29274320638723,20,4.510507268244453,92.7540205209873,366.6341945651098,62,0,4,0,-273.8801740441225,3.9527579775601436
2024-02-01,Apparel,1795.454220109428,50,2.9516372552279257,76.51562438826039,897.727110054714,5,3,2,0,-821.2114856664537,11.7325986323971
2024-03-31,Home & Kitchen,2445.9360031972083,10,3.516419519763727,240.69371225284138,2201.3424028774875,5,6,3,1,-1960.6486906246462,9.145824302070029
2024-03-24,Electronics,1155.63863096302,30,3.389054998143914,294.63553828567666,808.947041674114,5,6,3,1,-514.3115033884374,2.745585432025394
2024-01-24,Electronics,409.8221145689679,5,4.477510185163518,226.46697598650127,389.3310088405195,38,2,1,0,-162.8640328540182,1.7191513559298193
2024-01-12,Beauty,602.1142689787769,0,3.7755322911953053,275.032695639469,602.1142689787769,5,4,1,0,-327.08157333930785,2.189246146094819
2024-02-19,Home & Kitchen,723.8876659306112,20,2.8196243424836673,203.41623299053592,579.110132744489,5,0,2,0,-375.693899753953,2.846921920786098
2024-02-04,Beauty,910.1943150886906,0,4.34748015789061,129.35967066484574,910.1943150886906,5,6,2,1,-780.8346444238448,7.036152074373217
2024-02-02,Home & Kitchen,1933.7432854613328,5,3.4922199455622973,140.59967640444003,1837.0561211882662,5,4,2,0,-1696.456444783826,13.0658630813908
2024-02-02,Sports,1808.8222713450912,50,3.1573106190803677,37.21982248938443,904.4111356725456,5,4,2,0,-867.1913131831611,24.299179178796333
2024-03-01,Apparel,2092.798386777612,20,3.4387465550518,24.279872597577693,1674.2387094220896,5,4,3,0,-1649.958836824512,68.95582761785668
2024-02-20,Sports,1097.068423826567,20,3.7443914090172408,220.16530323577783,877.6547390612536,5,1,2,0,-657.4894358254758,3.9863444700973703
2024-02-12,Home & Kitchen,2474.6329908617354,30,3.3577887910425237,144.33652314329828,1732.2430936032147,5,0,2,0,-1587.9065704599163,12.001419016331937
2024-01-12,Apparel,624.2016685499444,0,3.1047644314793947,177.9034450761157,624.2016685499444,5,4,1,0,-446.2982234738287,3.508654193193846
2024-03-07,Electronics,1415.0866313416896,50,3.4962550720099506,179.51006804861282,707.5433156708448,5,3,3,0,-528.033247622232,3.9415244134342156
2024-03-05,Electronics,2405.8020838011694,30,2.5479322768747457,96.82586493332391,1684.0614586608185,5,1,3,0,-1587.2355937274947,17.39268179861336
2024-02-02,Beauty,552.7735634818685,15,4.431244615240785,155.38829069469975,469.8575289595882,13,4,2,0,-314.4692382648884,3.0237640613651138
2024-02-09,Home & Kitchen,342.9413945162371,0,2.9273622339189647,153.87426539197216,342.9413945162371,40,4,2,0,-189.06712912426494,2.2287118228811305
2024-03-14,Home & Kitchen,2652.796643548649,0,2.609761534076593,129.58603026221783,2652.796643548649,5,3,3,0,-2523.2106132864315,20.471316531424762
2024-02-12,Electronics,1038.6450433361997,15,4.134246732262698,257.09923810331577,882.8482868357697,5,0,2,0,-625.749048732454,3.4338813811692264
2024-02-13,Sports,2056.3523228534605,5,4.4348403220591806,148.09338108784078,1953.5347067107873,5,1,2,0,-1805.4413256229466,13.191235775433197
2024-01-29,Apparel,90.66558372785636,5,4.534572828982109,193.0751347292664,86.13230454146354,206,0,1,0,106.94283018780287,0.44610770134766387
2024-01-13,Sports,2074.789961902207,20,3.7337729566515,279.1784355123437,1659.8319695217656,5,5,1,1,-1380.653534009422,5.9454161152370855
2024-01-12,Sports,958.562414967707,10,3.013420461724963,270.53891874338217,862.7061734709363,5,4,1,0,-592.1672547275541,3.1888431338385375
2024-04-04,Electronics,181.3864479585136,30,4.343069193124567,277.67455011485373,126.97051357095951,180,3,4,0,150.70403654389423,0.45726377703120813
2024-02-15,Electronics,1835.2910932211294,10,4.249282692885843,94.65147395717912,1651.7619838990165,5,3,2,0,-1557.1105099418373,17.45099061686333
2024-01-02,Electronics,733.7993909784221,20,3.115676835257933,25.319834050878534,587.0395127827377,5,1,1,0,-561.7196787318592,23.18496683679366
2024-02-04,Beauty,1169.6196175248617,10,4.758519389656982,92.01470596912212,1052.6576557723756,5,6,2,1,-960.6429498032535,11.440102369349761
2024-03-27,Sports,255.53372467524306,0,2.7609286452070725,97.21866695810905,255.53372467524306,48,2,3,0,-158.315057717134,2.628443000410107
2024-03-21,Home & Kitchen,454.2823045184118,0,4.956720598978315,283.26129638386556,454.2823045184118,21,3,3,0,-171.02100813454626,1.6037570621818547
2024-03-30,Apparel,904.4620479550937,15,4.650619527443661,206.52660618720134,768.7927407618296,5,5,3,1,-562.2661345746283,3.722487649194094
2024-01-08,Beauty,282.93210917206903,15,4.219746613697688,39.10266808265749,240.49229279625868,103,0,1,0,-201.3896247136012,6.150278346426186
2024-04-02,Home & Kitchen,2733.816400088651,20,4.846874720699582,54.936685823274836,2187.0531200709206,5,1,4,0,-2132.116434247646,39.81043063111644
2024-01-26,Sports,33.050423904175574,20,4.30577792080927,60.92445703488274,26.44033912334046,195,4,1,0,34.484117911542285,0.43398563417974906
2024-03-14,Electronics,1459.3227533099696,50,2.9761424925751148,200.97441570983233,729.6613766549848,5,3,3,0,-528.6869609451525,3.630618226095369
2024-03-30,Sports,382.89366252566606,20,3.6053903452820295,231.9471375245659,306.31493002053287,75,5,3,1,-74.36779249596697,1.3206238856389876
2024-02-03,Apparel,933.4220820916763,0,2.6787575608290886,268.5949536167918,933.4220820916763,5,5,2,1,-664.8271284748845,3.475203348099394
2024-01-07,Beauty,2779.2877860575227,10,3.474143555720288,292.4877824878417,2501.3590074517706,5,6,1,1,-2208.871224963929,8.552011937646485
2024-03-08,Beauty,497.65824152285074,30,4.354007549343022,74.50284442900033,348.3607690659955,30,4,3,0,-273.85792463699516,4.675804953970262
2024-02-27,Apparel,2898.0094743592226,50,3.4661083773270436,106.38288299359448,1449.0047371796113,5,1,2,0,-1342.621854186017,13.620656786175449
2024-03-15,Home & Kitchen,629.2962153134238,50,3.3257354386703355,85.89524981972504,314.6481076567119,79,4,3,0,-228.75285783698683,3.6631607489015754
2024-01-29,Home & Kitchen,2228.5748337734863,50,3.9883893062757796,120.83466240251063,1114.2874168867431,5,0,1,0,-993.4527544842325,9.22158753731571
2024-02-05,Beauty,1646.8316357184756,20,4.680511322497237,284.8262066900061,1317.4653085747805,5,0,2,0,-1032.6391018847744,4.625505931793205
2024-03-29,Beauty,2655.169001876326,20,2.618957981365281,184.65820724711165,2124.135201501061,5,4,3,0,-1939.4769942539494,11.503064137617885
2024-01-21,Electronics,1668.6698676768458,0,3.463676086749339,232.76660971072724,1668.6698676768458,5,6,1,1,-1435.9032579661186,7.168854114215953
2024-02-05,Home & Kitchen,1610.6592691815813,30,2.8956018545381568,159.5851746574007,1127.4614884271068,5,0,2,0,-967.8763137697061,7.0649513079617465
2024-01-10,Apparel,598.4421310996737,0,4.238385626829674,23.513084434156738,598.4421310996737,5,2,1,0,-574.9290466655169,25.451451627942745
2024-03-13,Home & Kitchen,511.1946457242013,30,2.7643114010778373,33.93766836935522,357.83625200694087,48,2,3,0,-323.89858363758566,10.543925649590504
2024-01-24,Electronics,2750.72011607981,0,4.162019396450612,173.6872942240263,2750.72011607981,5,2,1,0,-2577.032821855784,15.837198272729502
2024-03-04,Beauty,993.5970235673517,10,3.215452176994768,227.04276527190757,894.2373212106165,5,0,3,0,-667.194555938709,3.9386294478032515
2024-04-08,Beauty,1125.6655310642443,20,2.9972920343430616,78.52250562097579,900.5324248513955,5,0,4,0,-822.0099192304197,11.468462674869553
2024-02-18,Electronics,2283.0736204087393,5,4.840881394562464,227.96332432772968,2168.9199393883023,5,6,2,1,-1940.9566150605726,9.514337210972462
2024-04-08,Apparel,1026.38809503208,5,2.54631144186489,254.14640317763616,975.068690280476,5,0,4,0,-720.9222871028398,3.836641707649703
2024-02-05,Beauty,2856.9064032174233,20,3.5944431797239225,136.5097561168228,2285.525122573939,5,0,2,0,-2149.015366457116,16.7425771431166
2024-03-22,Sports,2217.714390461419,50,2.5540674811544846,235.19367368901095,1108.8571952307095,5,4,3,0,-873.6635215416986,4.714655704119473
2024-04-05,Beauty,1798.3262890816586,20,3.7089826202608225,134.18883534689567,1438.661031265327,5,4,4,0,-1304.4721959184312,10.721167879177132
2024-01-24,Sports,2644.472054226086,20,3.7526184444860453,215.1134356892309,2115.577643380869,5,2,1,0,-1900.4642076916382,9.834707146964043
2024-01-23,Electronics,163.073636423206,20,3.304156178486868,240.3791295492652,130.45890913856482,171,1,1,0,109.92022041070038,0.5427214475033181
2024-03-02,Electronics,782.332136184788,50,2.8304044438125593,307.61835240089266,391.166068092394,68,5,3,1,-83.54771569150137,1.271595355216716
2024-04-05,Beauty,1403.1334576494162,30,3.4409688443361883,116.89201530876085,982.1934203545912,5,4,4,0,-865.3014050458304,8.402570678246983
2024-02-06,Home & Kitchen,692.5309403224902,10,4.1806573498314155,136.25703026951038,623.2778462902412,5,1,2,0,-487.0208160207308,4.574280277923459
2024-01-12,Sports,2235.5569840969233,5,4.455989521611148,63.85791752600054,2123.779134892077,5,4,1,0,-2059.9212173660762,33.25788276805854
2024-02-24,Apparel,2758.8359726953695,15,3.826876505970356,75.20155222853303,2345.010576791064,5,5,2,1,-2269.8090245625312,31.183007628149973
2024-01-13,Beauty,1279.9538079938063,5,3.974585986099389,219.55152576652142,1215.956117594116,5,5,1,1,-996.4045918275946,5.538363321998523
2024-01-23,Apparel,1036.2658113340065,5,3.001540927811632,285.52844909557047,984.452520767306,5,1,1,0,-698.9240716717356,3.447826386076841
2024-03-29,Beauty,2885.2289354306354,50,3.2183258330691236,131.40846074006595,1442.6144677153177,5,4,3,0,-1311.2060069752517,10.978094253526782
2024-04-08,Home & Kitchen,1342.8845119902094,0,2.904739025130896,68.05411181648466,1342.8845119902094,5,0,4,0,-1274.8304001737247,19.73259919417425
2024-01-30,Home & Kitchen,1474.8094753411103,20,3.1232383750115282,99.10435231798324,1179.8475802728883,5,1,1,0,-1080.743227954905,11.905103587047972
2024-01-17,Home & Kitchen,1064.6748689405874,20,3.0622169505638297,149.2402529184009,851.73989515247,5,2,1,0,-702.4996422340691,5.707172686300459
2024-03-02,Home & Kitchen,2730.002191941233,20,3.7986219659780938,100.74184716278367,2184.0017535529864,5,5,3,1,-2083.2599063902026,21.679191071650376
2024-03-24,Electronics,1713.3321175963245,0,3.9067218894768234,83.90582952095055,1713.3321175963245,5,6,3,1,-1629.4262880753738,20.419702985816027
2024-03-29,Electronics,2290.0911427372093,50,4.862368552053761,232.11542418333846,1145.0455713686047,5,4,3,0,-912.9301471852662,4.93308695618685
2024-03-26,Sports,2438.243054277396,10,2.9889266177538074,17.31425176598384,2194.4187488496564,5,1,3,0,-2177.1044970836724,126.74060528338192
2024-01-13,Apparel,1035.4193901230155,10,4.10418927540374,174.07300556426253,931.877451110714,5,5,1,1,-757.8044455464515,5.353371409254451
2024-02-28,Beauty,1309.5775789913343,50,4.543148172468808,249.1612080737774,654.7887894956672,5,2,2,0,-405.6275814218898,2.6279724462637146
2024-01-19,Beauty,2547.6882466027,15,3.900603659457631,93.53734446365311,2165.5350096122947,5,4,1,0,-2071.9976651486418,23.151555371061253
2024-02-18,Electronics,1099.3172247522937,10,3.1375091312526893,192.97099563054513,989.3855022770643,5,6,2,1,-796.4145066465192,5.127120265116442
2024-04-09,Beauty,2384.896373353776,50,3.1563755750500007,212.32553115749224,1192.448186676888,5,1,4,0,-980.1226555193958,5.616131890386705
2024-01-12,Electronics,2823.8620828846947,10,2.5981326326775,208.23228543950154,2541.4758745962254,5,4,1,0,-2333.243589156724,12.2050039898093
2024-03-01,Sports,1875.2829636080007,20,3.263610566371204,146.5256420886217,1500.2263708864007,5,4,3,0,-1353.700728797779,10.23866095723391
2024-01-19,Apparel,2228.7574530438883,30,4.36150919750845,117.24050642335486,1560.1302171307218,5,4,1,0,-1442.889710707367,13.3070921025972
2024-03-16,Sports,2418.215476442788,50,2.618794393017776,261.597601543205,1209.107738221394,5,5,3,1,-947.5101366781889,4.622013852912562
2024-01-09,Home & Kitchen,2537.4433519564777,5,3.0482382062620768,238.74155731495995,2410.5711843586537,5,1,1,0,-2171.8296270436936,10.096990283005091
2024-03-11,Home & Kitchen,1194.234213502536,10,4.265581246329455,109.77027615710419,1074.8107921522824,5,0,3,0,-965.0405159951782,9.791455663407493
2024-01-28,Home & Kitchen,168.02142564035455,10,4.456628907057191,45.3906623604508,151.2192830763191,136,6,1,1,-105.82862071586831,3.331506420317795
2024-03-18,Sports,1214.6006696416675,0,3.638296025154821,36.18322590641341,1214.6006696416675,5,0,3,0,-1178.4174437352542,33.56805921017622
2024-04-04,Beauty,2026.162345905508,15,4.245185846196622,42.81141348018613,1722.2379940196818,5,3,4,0,-1679.4265805394957,40.22847773565719
2024-02-21,Apparel,1359.2959015556664,30,3.46988042163723,186.94646155165262,951.5071310889664,5,2,2,0,-764.5606695373137,5.08973062764319
2024-03-23,Home & Kitchen,2250.6550053182896,0,2.8997831125603186,30.24034186955196,2250.6550053182896,5,5,3,1,-2220.4146634487374,74.42558073671789
2024-01-16,Home & Kitchen,1080.5925519639616,20,3.4953737338072663,114.39342811439133,864.4740415711693,5,1,1,0,-750.080613456778,7.557025397531676
2024-03-09,Home & Kitchen,1909.711261195528,5,3.949919550507857,237.19391206469766,1814.2256981357516,5,5,3,1,-1577.0317860710538,7.6487026262330815
2024-04-08,Apparel,571.4631174891141,15,4.870133204632226,101.83270912203653,485.743649865747,5,0,4,0,-383.91094074371046,4.770015980657362
2024-01-12,Home & Kitchen,2251.8677683851965,0,2.6718773802216935,240.1758827681383,2251.8677683851965,5,4,1,0,-2011.6918856170582,9.375911279814515
2024-01-25,Apparel,1643.9024669068822,50,3.7684852346124016,234.9127762710813,821.9512334534411,5,3,1,0,-587.0384571823598,3.4989635153131795
2024-02-21,Home & Kitchen,624.1321998116027,10,3.322299445526811,87.51900412679882,561.7189798304424,5,2,2,0,-474.19997570364364,6.418251503600472
2024-03-25,Sports,886.3548528909547,10,3.7707792356917365,230.0025431273599,797.7193676018593,5,0,3,0,-567.7168244744994,3.46830672720056
2024-04-09,Sports,2249.5969951167694,15,2.559938618441329,235.5941082902697,1912.157445849254,5,1,4,0,-1676.5633375589841,8.1163211581392
2024-02-22,Apparel,1455.5646884496393,10,3.2825633867539534,132.24890807177292,1310.0082196046753,5,3,2,0,-1177.7593115329023,9.905625979866084
2024-01-23,Sports,659.8538495733205,50,4.549670368817512,77.07404270374788,329.92692478666027,61,1,1,0,-252.8528820829124,4.2806490124672925
2024-01-16,Apparel,2902.304503255338,0,3.884854334636594,168.77488803310138,2902.304503255338,5,1,1,0,-2733.5296152222368,17.196305309864087
2024-02-26,Sports,2149.6481841534105,0,3.6264562320402938,286.8122884600579,2149.6481841534105,5,0,2,0,-1862.8358956933525,7.494965420398209
2024-02-08,Sports,2872.0474751312913,10,3.213812679288349,203.68693606745828,2584.8427276181624,5,3,2,0,-2381.155791550704,12.690272520777171
2024-02-22,Apparel,1289.9085604006245,10,3.2451063069783896,66.01213680004204,1160.917704360562,5,3,2,0,-1094.90556756052,17.58642820300013
2024-02-11,Beauty,1433.1745169647857,20,3.4577535839764613,216.41329279638836,1146.5396135718286,5,6,2,1,-930.1263207754403,5.297916771917269
2024-02-27,Sports,2695.396320312282,5,4.5889267749114016,141.0248930481412,2560.626504296668,5,1,2,0,-2419.6016112485268,18.157266060982266
2024-02-08,Home & Kitchen,1582.2722806324732,15,4.9180330170206705,189.50099521983503,1344.9314385376022,5,3,2,0,-1155.4304433177672,7.0972262545501845
2024-01-14,Beauty,2126.2275520384164,0,3.5966384533759364,231.54889033181684,2126.2275520384164,5,6,1,1,-1894.6786617065995,9.182628986005787
2024-04-04,Apparel,767.736039324157,15,3.4833820968694047,166.90946869676122,652.5756334255334,5,3,4,0,-485.6661647287722,3.909758017450308
2024-01-05,Beauty,1348.4785090773821,20,4.6163769395496566,255.12527249912605,1078.7828072619056,5,4,1,0,-823.6575347627796,4.228443527740283
2024-02-04,Electronics,383.49784944391,0,3.567263301590759,228.0358958984052,383.49784944391,44,6,2,1,-155.46195354550483,1.6817433410341958
2024-03-27,Electronics,629.8504070927306,20,3.880045430739128,196.44663530546063,503.8803256741845,14,2,3,0,-307.4336903687239,2.564973051794378
2024-04-02,Sports,17.816094573878793,20,3.077354161496861,59.48388067054369,14.252875659103035,190,1,4,0,45.23100501144066,0.23960904195278962
2024-03-15,Sports,132.2061791712508,30,4.358756339447688,261.60498771891264,92.54432541987555,216,4,3,0,169.0606622990371,0.35375596706631557
2024-01-18,Home & Kitchen,2932.192212183134,10,3.829970795676955,291.0921476693457,2638.972990964821,5,3,1,0,-2347.880843295475,9.065764954822674
2024-03-16,Beauty,738.4257799832354,50,4.522586375600854,55.40471152374197,369.2128899916177,56,5,3,1,-313.80817846787573,6.663925861853878
2024-01-09,Electronics,1994.9824678694458,30,4.451831825071674,159.03113318286202,1396.487727508612,5,1,1,0,-1237.4565943257498,8.781222264843324
2024-03-14,Sports,2519.7126009168405,15,3.0375119206750716,91.37217888129882,2141.7557107793145,5,3,3,0,-2050.383531898016,23.439910670858133
2024-02-27,Beauty,1658.7214708211443,50,4.2890888763944055,237.58437569054155,829.3607354105721,5,1,2,0,-591.7763597200305,3.4908050371579624
2024-01-17,Sports,472.13633275060926,15,4.500136019878429,227.8807426213865,401.31588283801784,44,2,1,0,-173.43514021663134,1.7610785282755812
2024-01-07,Sports,2188.427565448457,10,3.3652681019559876,56.561110568267615,1969.5848089036112,5,6,1,1,-1913.0236983353436,34.822244279068386
2024-02-15,Electronics,1806.7504591472555,50,2.931522782255686,273.723045022183,903.3752295736277,5,3,2,0,-629.6521845514447,3.300325807424861
2024-01-13,Electronics,2197.7830092019144,30,2.5065803889489704,68.38705387351067,1538.44810644134,5,5,1,1,-1470.0610525678294,22.49618925369805
2024-02-09,Sports,2312.6936692284053,15,3.6272591327328705,250.1914125661917,1965.7896188441443,5,4,2,0,-1715.5982062779526,7.857142652024744
2024-02-11,Apparel,2926.599947538964,30,3.381081828847104,149.80920609026143,2048.6199632772746,5,6,2,1,-1898.8107571870132,13.674860288912834
2024-01-09,Sports,1727.0863908797294,10,3.8872745845635226,111.84032659965462,1554.3777517917565,5,1,1,0,-1442.5374251921019,13.89818680837576
2024-02-19,Sports,1034.7987213814463,50,2.9701027314719646,61.68058248889299,517.3993606907231,5,0,2,0,-455.71877820183016,8.388366967576754
2024-01-27,Home & Kitchen,1950.6667023472078,50,4.649163869166188,64.44620556325567,975.3333511736039,5,5,1,1,-910.8871456103482,15.134069456056464
2024-03-06,Home & Kitchen,219.29551708923898,0,3.1443880390702743,210.2577136367656,219.29551708923898,113,2,3,0,-9.037803452473383,1.0429844084963598
2024-01-05,Home & Kitchen,2693.730995189935,20,3.066074012719125,177.37696444440056,2154.984796151948,5,4,1,0,-1977.6078317075476,12.149180717473806
2024-01-29,Apparel,371.3523188445174,20,3.7017851412108898,51.01519938711365,297.08185507561393,68,0,1,0,-246.06665568850028,5.823398881993908
2024-02-06,Apparel,993.6108710891675,30,3.7471275593606856,48.245868829305934,695.5276097624172,5,1,2,0,-647.2817409331113,14.416314321609516
2024-02-07,Sports,2449.999961168971,50,3.037713071962732,36.33161955797348,1224.9999805844855,5,2,2,0,-1188.668361026512,33.71718617249591
2024-03-23,Home & Kitchen,1797.977449317175,15,3.1796518168147894,234.4113674751955,1528.2808319195985,5,5,3,1,-1293.869464444403,6.519653241992692
2024-01-08,Apparel,1190.0020280281647,30,2.9242630978881126,225.0052151426403,833.0014196197152,5,0,1,0,-607.9962044770749,3.702142721854871
2024-03-05,Electronics,1428.205443234439,30,4.296150445807917,32.23714230209967,999.7438102641072,5,1,3,0,-967.5066679620076,31.012172260659465
2024-03-26,Sports,2565.8239687085083,5,4.425222578135205,180.279672301107,2437.532770273083,5,1,3,0,-2257.253097971976,13.520840919889531
2024-01-17,Beauty,1029.913092388778,50,3.6558212436482065,39.979465796593516,514.956546194389,5,2,1,0,-474.97708039779553,12.88052593834974
2024-03-11,Sports,2610.904309164331,20,4.285217556712544,281.6050023296378,2088.723447331465,5,0,3,0,-1807.1184450018275,7.417210028415875
2024-03-29,Beauty,278.0812764654241,50,4.339838479843614,282.5996386581391,139.04063823271204,213,4,3,0,143.55900042542706,0.49200571838278095
2024-02-14,Home & Kitchen,2333.743335067763,10,2.8456888191945215,220.97873199487339,2100.369001560987,5,2,2,0,-1879.3902695661134,9.504846835711387
2024-01-04,Beauty,2544.929684668388,30,4.9154450620863415,288.22573182463776,1781.4507792678714,5,3,1,0,-1493.2250474432337,6.180748568110988
2024-02-05,Home & Kitchen,557.7256937194562,5,4.552579867741077,254.3786439720387,529.8394090334834,5,0,2,0,-275.4607650614447,2.082876930076423
2024-03-10,Electronics,1299.5843991310182,5,3.0112086529895588,259.41887989847953,1234.6051791744674,5,6,3,1,-975.1862992759878,4.759118456056919
2024-01-31,Beauty,509.016827371012,20,2.9654125893651755,183.0638159181303,407.21346189680963,40,2,1,0,-224.14964597867933,2.2244344675898344
2024-01-19,Sports,2124.21332504774,20,2.814152863948957,105.2874634737719,1699.370660038192,5,4,1,0,-1594.0831965644202,16.140294427945083
2024-03-01,Home & Kitchen,1613.0130876640453,20,2.845946406354796,79.25073895934436,1290.4104701312363,5,4,3,0,-1211.159731171892,16.282630131603153
2024-02-23,Sports,1911.4401899243383,10,4.370404497571741,111.52400650148411,1720.2961709319045,5,4,2,0,-1608.7721644304204,15.425344057281619
2024-02-08,Apparel,601.5135963642903,5,3.674135642379059,200.4061518762733,571.4379165460757,5,3,2,0,-371.03176466980244,2.8513990773041233
2024-03-31,Home & Kitchen,647.0613982264723,15,4.457335431849668,65.93367807055768,550.0021884925014,5,6,3,1,-484.06851042194376,8.341748929946347
2024-03-14,Beauty,138.8695166470705,10,4.365637235875513,91.29886980800987,124.98256498236346,165,3,3,0,-33.68369517435359,1.3689387967801376
2024-03-30,Home & Kitchen,976.3715925592533,0,4.011531783763054,153.077954524662,976.3715925592533,5,5,3,1,-823.2936380345913,6.378263908680283
2024-01-19,Sports,1685.8378140810198,30,4.215916516446699,83.74977906476158,1180.0864698567138,5,4,1,0,-1096.3366907919522,14.090621886228295
2024-02-08,Electronics,2575.9357182820263,20,2.5458893109478544,188.64988256623818,2060.748574625621,5,3,2,0,-1872.098692059383,10.923667412843775
2024-03-07,Home & Kitchen,2005.778430664162,5,3.279444117012555,287.3369283946173,1905.4895091309538,5,3,3,0,-1618.1525807363364,6.631551049762838
2024-02-14,Beauty,1314.658025348258,30,4.094555448148526,235.68636288242232,920.2606177437805,5,2,2,0,-684.5742548613582,3.9045984947498815
2024-01-13,Apparel,2860.063541466501,50,2.5233623837156105,211.59585117392933,1430.0317707332506,5,5,1,1,-1218.4359195593213,6.758316681539191
2024-04-01,Electronics,2161.946923718858,10,2.5824423592064836,186.90283541521472,1945.7522313469724,5,0,4,0,-1758.8493959317577,10.410501408522663
2024-02-27,Apparel,2791.543130544712,0,4.629719956175958,158.94463323083414,2791.543130544712,5,1,2,0,-2632.5984973138775,17.562990796238925
2024-01-20,Home & Kitchen,1589.8501002174146,50,4.2100621542301795,70.03633859222461,794.9250501087073,5,5,1,1,-724.8887115164827,11.350180007796116
2024-04-01,Sports,787.8292602575217,10,3.1634243328008598,278.9395843509253,709.0463342317695,5,0,4,0,-430.1067498808442,2.5419351501568888
2024-03-12,Sports,172.68765879869514,10,4.219907100296773,88.31812059378672,155.41889291882563,145,1,3,0,-67.10077232503892,1.759762230829893
2024-03-01,Beauty,2182.363281679294,15,4.481141672848159,41.93611888555742,1855.0087894273997,5,4,3,0,-1813.0726705418424,44.23415515607609
2024-02-08,Sports,377.08944904651935,30,3.266985707775253,236.2544778724651,263.96261433256353,121,3,2,0,-27.708136460098444,1.117280894354332
2024-01-01,Electronics,918.783757891822,15,2.5900934437479686,66.80658262769408,780.9661942080487,5,0,1,0,-714.1596115803546,11.689958735957047
2024-01-03,Sports,1604.4256600334338,10,4.831947811719337,124.70931986464693,1443.9830940300906,5,2,1,0,-1319.2737741654437,11.57879054746923
2024-03-17,Beauty,1699.7835145225467,0,3.3629495957390763,23.34405384583902,1699.7835145225467,5,6,3,1,-1676.4394606767078,72.81441028827673
2024-04-01,Home & Kitchen,1807.740843006601,5,2.766204408211766,55.43504304943218,1717.3538008562707,5,0,4,0,-1661.9187578068386,30.979570076727153
2024-03-02,Home & Kitchen,511.2721610938564,5,3.7296421784828686,66.09507107417406,485.7085530391636,5,5,3,1,-419.61348196498955,7.348635006293971
2024-03-03,Sports,1148.5161533926216,50,4.421169489160334,31.050987686302495,574.2580766963108,5,6,3,1,-543.2070890100083,18.49403576136913
2024-01-25,Apparel,1857.3247679441456,30,3.054118286543898,208.71380220373933,1300.1273375609019,5,3,1,0,-1091.4135353571626,6.229235076134359
2024-02-25,Home & Kitchen,2909.9093109318474,20,3.1737251253334087,261.9172997619196,2327.927448745478,5,6,2,1,-2066.010148983559,8.888024772939943
2024-02-02,Sports,2186.9789460335705,20,3.106787466996458,125.12804487795259,1749.5831568268566,5,4,2,0,-1624.455111948904,13.98234231609201
2024-02-07,Beauty,2768.972214925464,5,4.979182632079196,273.0000606318692,2630.5236041791904,5,2,2,0,-2357.5235435473214,9.63561545770628
2024-01-06,Sports,2290.2029940678185,10,2.9935093343263564,77.93723949523732,2061.1826946610367,5,5,1,1,-1983.2454551657995,26.446698754155822
2024-02-27,Home & Kitchen,1781.2751521438154,10,3.93880054241531,110.99017495056565,1603.147636929434,5,1,2,0,-1492.1574619788682,14.44405000391671
2024-02-13,Beauty,588.1897568719885,15,4.813161604142411,59.46741294419468,499.9612933411902,5,1,2,0,-440.4938803969955,8.407315344462068
2024-02-14,Sports,2005.0566708991514,30,2.867241422194448,198.0649626486046,1403.5396696294058,5,2,2,0,-1205.4747069808013,7.086259229601779
2024-02-01,Electronics,1875.7880043903226,15,4.927135494669251,138.86152930674052,1594.4198037317742,5,3,2,0,-1455.5582744250337,11.48208443110081
2024-02-14,Beauty,1813.3704738149404,20,4.868693085989062,195.9185873183601,1450.6963790519524,5,2,2,0,-1254.7777917335923,7.40458778775608
2024-03-01,Electronics,1477.0108159448987,5,4.711429967645657,239.69409709128416,1403.1602751476537,5,4,3,0,-1163.4661780563695,5.853962580535638
2024-02-16,Apparel,1593.0399629079877,50,3.0363913033250056,175.98238972971978,796.5199814539939,5,4,2,0,-620.5375917242741,4.5261345903832675
2024-01-21,Beauty,1013.3109434475407,10,4.085137640027458,200.1509546960274,911.9798491027866,5,6,1,1,-711.8288944067592,4.556460150229238
2024-03-20,Electronics,1565.148387537275,5,4.4022286824031,290.8988427463282,1486.8909681604111,5,2,3,0,-1195.992125414083,5.111367766619205
2024-03-25,Home & Kitchen,604.7043784502575,0,4.965069820491074,103.22397133460872,604.7043784502575,5,0,3,0,-501.4804071156488,5.8581778111409815
2024-03-15,Home & Kitchen,2418.4455761207246,5,2.951059555203426,120.95336189701618,2297.523297314688,5,4,3,0,-2176.569935417672,18.99511730207944
2024-02-05,Apparel,569.5442097756428,0,4.415064748798241,226.7224917042544,569.5442097756428,5,0,2,0,-342.82171807138843,2.512076351553944
2024-04-08,Beauty,268.62437532005725,15,3.347002924817782,195.33512753133908,228.33071902204867,123,0,4,0,-32.995591490709586,1.1689178587984175
2024-01-19,Beauty,1317.1943886761148,15,2.939066163920006,67.66720683921588,1119.6152303746976,5,4,1,0,-1051.9480235354818,16.545905803900204
2024-01-20,Beauty,1980.0477069255946,20,3.5534423530346375,125.96345645309461,1584.0381655404758,5,5,1,1,-1458.0747090873813,12.57537868635995
2024-02-26,Apparel,1321.584722426621,5,4.484589780371541,153.01221387179092,1255.5054863052899,5,0,2,0,-1102.493272433499,8.205263191324578
2024-01-18,Beauty,841.1110838746562,5,3.6621245092601304,138.72000220067486,799.0555296809233,5,3,1,0,-660.3355274802484,5.760204130655904
2024-02-16,Home & Kitchen,1681.1409839129656,0,3.8438077505076214,67.59106845500203,1681.1409839129656,5,4,2,0,-1613.5499154579636,24.87223567167259
2024-02-18,Electronics,1050.8019712054167,15,4.987898525500303,287.7068770763574,893.1816755246042,5,6,2,1,-605.4747984482468,3.104484969566973
2024-01-14,Home & Kitchen,2799.610055028,0,3.497773248893565,239.88403469972286,2799.610055028,5,6,1,1,-2559.7260203282767,11.670681037745753
2024-01-15,Home & Kitchen,2769.095741716663,15,4.0385018867730995,156.99997047181643,2353.731380459163,5,0,1,0,-2196.7314099873465,14.991922440403828
2024-01-31,Electronics,1514.579882616705,0,3.4131105040384297,215.6180033505168,1514.579882616705,5,2,1,0,-1298.9618792661881,7.024366514305146
2024-01-01,Home & Kitchen,993.7337221445017,15,3.4819641158217625,279.69838827997893,844.6736638228265,5,0,1,0,-564.9752755428476,3.0199446947735202
2024-02-23,Apparel,2215.340255660568,0,4.23910188361352,55.17137199666351,2215.340255660568,5,4,2,0,-2160.1688836639046,40.153800340410974
2024-01-03,Electronics,124.58813629695392,50,4.844717440237209,88.86004995855842,62.29406814847696,223,2,1,0,26.56598181008146,0.7010357092701275
2024-01-16,Home & Kitchen,1432.185483040299,15,3.8558973762308035,175.0968679407103,1217.357660584254,5,1,1,0,-1042.2607926435437,6.952481074627015
2024-03-27,Sports,1018.9253318969456,30,4.420999822371949,250.7080595489458,713.2477323278619,5,2,3,0,-462.53967277891604,2.844933400270741
2024-02-26,Home & Kitchen,2762.7996170311258,0,2.7230163970424095,25.695194155250576,2762.7996170311258,5,0,2,0,-2737.104422875875,107.52203701354688
2024-03-15,Apparel,50.82903640895739,5,3.0278950935798177,305.28535430792635,48.28758458850952,216,4,3,0,256.99776971941685,0.15817196569411646
2024-01-12,Beauty,1665.1524040192721,20,3.7553291022988313,149.19744785030716,1332.1219232154178,5,4,1,0,-1182.9244753651108,8.928583849181944
2024-03-14,Home & Kitchen,2225.8807894838787,30,2.550029309071937,120.97318648340828,1558.1165526387151,5,3,3,0,-1437.143366155307,12.879850468784783
2024-04-05,Beauty,1462.778692759263,30,3.132137446906397,101.3537091627327,1023.9450849314841,5,4,4,0,-922.5913757687514,10.102689811652045
2024-01-16,Sports,269.92804503572415,0,3.793503224562415,66.43522875700714,269.92804503572415,60,1,1,0,-203.49281627871702,4.0630257483271475
2024-03-12,Home & Kitchen,2917.7972492332883,20,2.537402995640752,248.51430313435822,2334.2377993866307,5,1,3,0,-2085.7234962522725,9.39277043593195
2024-03-16,Electronics,1561.2611376576524,5,3.161365715565104,296.84717860009846,1483.1980807747698,5,5,3,1,-1186.3509021746713,4.996503883814504
2024-01-24,Beauty,1848.3459392922489,30,3.785077048689674,137.02520267939246,1293.842157504574,5,2,1,0,-1156.8169548251817,9.44236631075721
2024-01-28,Sports,721.2802013819094,5,3.932873119953114,295.9641049522696,685.2161913128139,5,6,1,1,-389.25208636054424,2.3152003227665707
2024-01-08,Electronics,1458.2417840438093,15,4.814379232638263,258.0202965533351,1239.505516437238,5,0,1,0,-981.4852198839028,4.803907029775161
2024-04-01,Electronics,1296.0112334955907,50,4.113364058126519,156.9100826055139,648.0056167477953,5,0,4,0,-491.0955341422814,4.1297895328813246
2024-02-05,Electronics,238.56408837592144,20,3.5368395063249842,213.83772284220916,190.85127070073716,157,0,2,0,22.986452141472,0.8925051584166294
2024-03-30,Electronics,331.88865533918965,50,4.825877942832669,143.32033285528658,165.94432766959483,184,5,3,1,-22.623994814308247,1.1578561419973268
2024-01-08,Home & Kitchen,2514.855471062042,10,4.462207458469486,179.82340542270296,2263.3699239558377,5,0,1,0,-2083.546518533135,12.58662585460126
2024-02-27,Home & Kitchen,730.8625573366719,15,3.000022302781869,32.123669420458626,621.2331737361711,5,1,2,0,-589.1095043157125,19.3387986162168
2024-02-29,Home & Kitchen,596.9504404234121,20,2.8271059033720496,220.39772521365728,477.56035233872973,5,3,2,0,-257.16262712507245,2.166811621471023
2024-02-19,Sports,1522.1606819816657,0,4.189529089356832,30.58327012282033,1522.1606819816657,5,0,2,0,-1491.5774118588454,49.77102434987403
2024-01-28,Sports,2309.710187117101,50,3.8997079139424597,256.04005934129657,1154.8550935585506,5,6,1,1,-898.815034217254,4.5104469063536285
2024-04-01,Sports,199.91035795827895,0,4.4741840344818895,258.3593441908645,199.91035795827895,110,0,4,0,58.448986232585526,0.7737686383450254
2024-02-10,Apparel,1736.7716401201938,5,4.347012625196716,84.9377998290833,1649.933058114184,5,5,2,1,-1564.9952582851006,19.425191863154843
2024-04-09,Sports,370.8431718791115,30,4.063028834643788,110.48052040556108,259.590220315378,114,1,4,0,-149.10969990981692,2.3496469727192872
2024-03-04,Home & Kitchen,123.8362367144711,50,4.96595542907223,156.98656167469653,61.91811835723555,261,0,3,0,95.06844331746098,0.39441667934316993
2024-01-27,Home & Kitchen,172.4406972042189,10,3.8339743252760217,191.01555754508203,155.19662748379702,141,5,1,1,35.818930061285016,0.812481608714875
2024-03-03,Apparel,2504.9798630021974,0,2.7827643912542994,99.76933021388903,2504.9798630021974,5,6,3,1,-2405.2105327883082,25.107714541452093
2024-01-17,Apparel,367.1478636297638,20,4.570683912039971,189.78348936641788,293.718290903811,97,2,1,0,-103.93480153739313,1.54764933390346
2024-03-13,Sports,149.77682277069147,50,3.1296334058642725,102.84718660264316,74.88841138534573,219,2,3,0,27.95877521729743,0.7281522602526991
2024-02-02,Beauty,1322.131163121593,50,4.443255370359796,31.3697627159629,661.0655815607965,5,4,2,0,-629.6958188448336,21.073337007563815
2024-03-24,Apparel,2534.320513746944,30,4.892767740000128,15.74562720041314,1774.0243596228606,5,6,3,1,-1758.2787324224475,112.66774813367314
2024-03-17,Electronics,798.2890038205662,30,4.241988784910853,44.839562085936436,558.8023026743963,5,6,3,1,-513.9627405884598,12.462260483352493
2024-04-01,Home & Kitchen,1273.8121633148603,20,3.9900754023745026,248.71395654838537,1019.0497306518882,5,0,4,0,-770.3357741035029,4.0972760226008464
2024-01-29,Electronics,134.1687597027974,30,3.650965439187601,298.6222371530844,93.91813179195816,227,0,1,0,204.70410536112627,0.3145048161427187
2024-01-13,Home & Kitchen,1355.4993646926046,0,3.411024664988508,140.9550287879597,1355.4993646926046,5,5,1,1,-1214.5443359046449,9.616537815984545
2024-02-15,Home & Kitchen,1739.175045701844,20,3.3825118774295904,166.2417662677331,1391.3400365614752,5,3,2,0,-1225.0982702937422,8.369377129455637
2024-02-04,Apparel,1719.1575554501521,20,4.090931764273977,58.320209876660705,1375.3260443601218,5,6,2,1,-1317.005834483461,23.58232330214087
2024-01-06,Apparel,1007.29367614048,5,4.378182792344365,177.5542490406463,956.928992333456,5,5,1,1,-779.3747432928096,5.389502067699842
2024-03-22,Electronics,956.8665442794595,10,4.196292673711036,57.67319609205817,861.1798898515136,5,4,3,0,-803.5066937594554,14.93206460201885
2024-03-09,Home & Kitchen,333.27150252574467,50,2.9960252529839067,195.30822770365486,166.63575126287233,161,5,3,1,28.672476440782532,0.8531937093593013
2024-02-16,Electronics,1109.8929871291111,5,3.734967950358728,290.3113069363519,1054.3983377726556,5,4,2,0,-764.0870308363037,3.6319575317258406
2024-01-25,Beauty,311.9915865857995,10,4.479100180457658,72.73106909439667,280.79242792721953,81,3,1,0,-208.06135883282286,3.8606943555687714
2024-03-06,Electronics,2303.288894965474,20,3.6892601954726407,240.5462968268451,1842.6311159723791,5,2,3,0,-1602.084819145534,7.660193236309845
2024-01-10,Sports,2899.3287787783347,50,3.841558199338735,21.93321473140559,1449.6643893891674,5,2,1,0,-1427.7311746577618,66.0944784949117
2024-02-25,Electronics,2910.67225315012,30,4.427840120427056,125.7716861898782,2037.4705772050838,5,6,2,1,-1911.6988910152056,16.199755596256406
2024-01-30,Sports,2597.2372316355504,10,4.153163265662728,47.67080981000017,2337.5135084719955,5,1,1,0,-2289.842698661995,49.03448290030186
2024-01-05,Sports,1808.364565778763,20,3.5233623022059817,118.98025527073133,1446.6916526230107,5,4,1,0,-1327.7113973522794,12.159090172828794
2024-02-02,Sports,2107.0841062729814,20,4.738531777985547,66.19339129347064,1685.6672850183852,5,4,2,0,-1619.4738937249147,25.46579427461153
2024-03-05,Beauty,866.339321001036,5,2.9064176716586965,125.12497208625179,823.0223549509841,5,1,3,0,-697.8973828647323,6.577602705746492
2024-01-18,Electronics,1897.8497042152726,5,4.988791121475812,138.16922780172143,1802.957219004509,5,3,1,0,-1664.7879912027875,13.048905662205968
2024-04-05,Electronics,1375.1139050780341,30,2.797131446190593,103.67438122037092,962.5797335546238,5,4,4,0,-858.9053523342528,9.284644115777823
2024-02-18,Beauty,1453.8217592341434,15,2.537374927760597,208.7034750945731,1235.7484953490218,5,6,2,1,-1027.0450202544487,5.921072923146333
2024-01-11,Home & Kitchen,2276.9630327198465,0,4.725047252871912,286.06135512137837,2276.9630327198465,5,3,1,0,-1990.9016775984683,7.95970162328886
2024-03-25,Apparel,856.5262914577962,15,3.1123837709148905,133.17563536105536,728.0473477391267,5,0,3,0,-594.8717123780714,5.466820907332649
2024-01-26,Electronics,964.3482409081419,15,4.324249068616802,71.74123116013132,819.6960047719206,5,4,1,0,-747.9547736117893,11.425730943232674
2024-03-03,Apparel,2775.0557465189804,50,4.527538437330174,94.86321366781509,1387.5278732594902,5,6,3,1,-1292.6646595916752,14.62661678443903
2024-03-29,Beauty,182.82952013015216,50,4.647465977580293,266.93024293142884,91.41476006507608,228,4,3,0,175.51548286635276,0.3424668522425892
2024-03-26,Home & Kitchen,1464.618380763821,30,4.978985589160416,183.63371836469364,1025.2328665346747,5,1,3,0,-841.599148169981,5.583031676669416
2024-02-28,Home & Kitchen,2739.7103892174673,50,3.235099275099998,149.2282545305524,1369.8551946087337,5,2,2,0,-1220.6269400781812,9.179596711883239
2024-01-27,Home & Kitchen,1836.9335783371987,10,4.275608354818148,59.14283284513338,1653.240220503479,5,5,1,1,-1594.0973876583455,27.953348545757347
2024-02-18,Beauty,1646.0251165232144,30,2.7884996457020703,147.66955595551568,1152.21758156625,5,6,2,1,-1004.5480256107343,7.8026751967301005
2024-03-17,Sports,760.4863749996254,30,3.5170232283921234,97.15514099042906,532.3404624997377,5,6,3,1,-435.1853215093086,5.479282486473665
2024-02-02,Sports,1039.6773348573781,20,4.619929233281476,293.233122716738,831.7418678859026,5,4,2,0,-538.5087451691645,2.8364526496188556
2024-04-07,Apparel,2558.3645211770086,20,3.4191451151477708,275.8006822776407,2046.691616941607,5,6,4,1,-1770.8909346639662,7.420908462007577
2024-04-08,Sports,1684.2661233288475,20,3.977738451339035,39.75124983931841,1347.412898663078,5,0,4,0,-1307.6616488237596,33.89611406206244
2024-01-01,Sports,1551.5054483639879,0,3.759433609311585,167.41277933206666,1551.5054483639879,5,0,1,0,-1384.092669031921,9.26754489444647
2024-01-21,Home & Kitchen,312.24544491698634,10,4.114878827780113,81.39221192682827,281.0209004252877,75,6,1,1,-199.62868849845944,3.4526755542400784
2024-02-24,Home & Kitchen,62.84404701854252,10,4.932235973469237,136.17924140966574,56.55964231668827,209,5,2,1,79.61959909297747,0.41533233502557737
2024-01-06,Apparel,2891.6002882308417,20,2.639338816253505,273.67015948417964,2313.2802305846735,5,5,1,1,-2039.6100711004938,8.452804043176654
2024-04-01,Electronics,1140.3037093512223,15,3.9349037937540743,170.61678336712072,969.258152948539,5,0,4,0,-798.6413695814183,5.680907433725087
2024-03-21,Apparel,1815.5909903670204,0,4.657571948125712,113.59351154437415,1815.5909903670204,5,3,3,0,-1701.9974788226461,15.983227965074203
2024-03-09,Apparel,252.9494934640457,15,3.7034567793710687,76.32706446097413,215.00706944443886,116,5,3,1,-138.68000498346473,2.816917838552163
2024-04-04,Beauty,2054.0961428832943,5,2.696317964853932,251.09583352491433,1951.3913357391295,5,3,4,0,-1700.2955022142153,7.771500260857605
2024-01-05,Beauty,2798.7116254872935,10,3.9013483810419274,199.23281453248242,2518.840462938564,5,4,1,0,-2319.607648406082,12.642698788596888
2024-01-03,Apparel,1733.3607801972978,10,3.3301847270595513,153.07931082573822,1560.024702177568,5,2,1,0,-1406.9453913518298,10.19095718266894
2024-02-22,Apparel,391.45423729060053,15,2.8873544633448396,79.15788438957853,332.73610169701044,37,3,2,0,-253.5782173074319,4.203448642707998
2024-01-23,Apparel,1751.438759508328,0,4.622586283208682,113.60268037635375,1751.438759508328,5,1,1,0,-1637.8360791319744,15.41723094654101
2024-02-22,Sports,2302.5464311173873,10,3.8039987824778043,298.15381088786296,2072.291788005649,5,3,2,0,-1774.1379771177858,6.9504118757853055
2024-02-06,Beauty,1228.1533616734457,15,4.833191030947667,168.42653159372114,1043.9303574224289,5,1,2,0,-875.5038258287077,6.198134863577195
2024-03-14,Apparel,2641.3156776052815,30,4.5150412615076725,133.20628796675962,1848.920974323697,5,3,3,0,-1715.7146863569374,13.880132856679243
2024-03-14,Home & Kitchen,1951.318615771733,30,4.232429484434168,168.81950249275556,1365.9230310402131,5,3,3,0,-1197.1035285474575,8.091026278784515
2024-03-23,Home & Kitchen,2699.2580210932697,50,2.51256375841328,244.80160924038455,1349.6290105466348,5,5,3,1,-1104.8274013062503,5.513154160769253
2024-01-17,Sports,1876.1633540733017,0,3.569558641595625,115.33213626834629,1876.1633540733017,5,2,1,0,-1760.8312178049555,16.267481161607755
2024-03-25,Sports,406.89459643440034,15,2.993715704130081,67.71830567511961,345.8604069692403,44,0,3,0,-278.14210129412066,5.1073399359475244
2024-03-18,Electronics,939.4297576489895,50,4.7769947776221695,187.5561549100191,469.71487882449475,32,0,3,0,-282.1587239144757,2.5043959717016087
2024-03-13,Electronics,617.3579205335839,30,2.936459961690901,211.2352105269148,432.1505443735087,8,2,3,0,-220.91533384659388,2.0458262772363214
2024-01-01,Electronics,2727.847095684834,0,3.215150129148214,225.25181087277213,2727.847095684834,5,0,1,0,-2502.595284812062,12.11021161213035
2024-02-20,Sports,2284.794200853136,50,3.792091919336248,275.18633927600825,1142.397100426568,5,1,2,0,-867.2107611505596,4.151358324806809
2024-02-14,Sports,2034.049131196368,20,3.1584090474951982,124.49636560328835,1627.2393049570946,5,2,2,0,-1502.7429393538064,13.070576776050995
2024-03-17,Sports,913.3844641003907,0,3.024661693197803,37.22969438752308,913.3844641003907,5,6,3,1,-876.1547697128676,24.53376207156018
2024-01-04,Home & Kitchen,564.3736445698873,5,3.9977483127568814,297.71283217112796,536.154962341393,5,3,1,0,-238.44213017026505,1.8009131767394104
2024-03-02,Sports,2273.0064976469016,20,2.7223238068875597,143.32851859405517,1818.4051981175214,5,5,3,1,-1675.0766795234663,12.686974064580497
2024-03-05,Home & Kitchen,1430.3614684490528,50,2.645419396802312,198.86096535357373,715.1807342245264,5,1,3,0,-516.3197688709527,3.596385710754943
2024-02-01,Electronics,688.9818131696279,15,3.4306132379651784,211.56007032284623,585.6345411941837,5,3,2,0,-374.0744708713375,2.768171424316933
2024-02-03,Electronics,1855.616604823346,20,4.301661136269656,176.22154406685505,1484.493283858677,5,5,2,1,-1308.2717397918218,8.424017004955358
2024-04-01,Electronics,135.39654863327917,20,3.88701689568487,75.55097127219967,108.31723890662334,130,0,4,0,-32.76626763442367,1.4336975035882908
2024-04-04,Apparel,988.6182085728367,50,3.557191171166947,237.76719978426172,494.30910428641835,7,3,4,0,-256.5419045021566,2.078962551331429
2024-03-12,Apparel,1413.642628854537,15,3.9143789105614557,252.1068324197041,1201.5962345263563,5,1,3,0,-949.4894021066522,4.766218443956945
2024-02-08,Beauty,456.65562731657644,15,3.413628711633184,178.12779787514475,388.15728321908995,37,3,2,0,-210.0294853439452,2.179094379705751
2024-01-26,Beauty,2954.1936156086563,30,4.840365838580283,159.12554237252826,2067.935530926059,5,4,1,0,-1908.8099885535307,12.995622827696778
2024-02-03,Beauty,639.1556332999985,5,2.6372622272769357,48.611764022755665,607.1978516349985,5,5,2,1,-558.5860876122429,12.490759466181128
2024-02-23,Apparel,404.10409317914764,15,4.1834786975745875,39.76574014243623,343.48847920227547,46,4,2,0,-303.7227390598392,8.637799220432964
2024-01-03,Apparel,622.5515985523857,10,4.728206662069376,115.17162944124098,560.2964386971472,5,2,1,0,-445.12480925590626,4.864882449049685
2024-02-19,Beauty,2310.647482481777,10,4.509711771838134,106.699615877631,2079.5827342335992,5,0,2,0,-1972.8831183559682,19.490067673894714
2024-01-12,Beauty,1285.1343929264508,5,2.960102587053617,296.32865303416503,1220.8776732801282,5,4,1,0,-924.5490202459632,4.12001222554529
2024-03-05,Sports,1702.766580161326,0,3.2398158724507207,246.16870902081178,1702.766580161326,5,1,3,0,-1456.5978711405141,6.917071576377197
2024-02-23,Beauty,77.71233360428681,50,4.292619846767762,209.67766710142268,38.856166802143406,249,4,2,0,170.82150029927928,0.1853138073276463
2024-01-05,Sports,117.77745609134395,0,2.710676397951914,167.7061862601935,117.77745609134395,133,4,1,0,49.928730168849555,0.702284505525718
2024-04-03,Home & Kitchen,1345.7892662336433,10,4.52965424958146,64.37342156436215,1211.2103396102789,5,2,4,0,-1146.8369180459167,18.815379238452948
2024-04-03,Apparel,2452.7159009568463,15,4.297267361511976,303.64471829436377,2084.8085158133194,5,2,4,0,-1781.1637975189556,6.865946911654276
2024-02-26,Beauty,2657.4380529420823,5,4.324016623088356,125.63700598086196,2524.566150294978,5,0,2,0,-2398.929144314116,20.094128561767384
2024-01-17,Apparel,273.81910427298607,0,2.7506034256689786,46.543052721937215,273.81910427298607,63,2,1,0,-227.27605155104885,5.883135898044059
2024-02-16,Apparel,1622.013859771553,0,4.294401362040578,160.6706742361451,1622.013859771553,5,4,2,0,-1461.3431855354079,10.095270138641508
2024-01-23,Apparel,2740.990613543622,50,4.199545313049925,272.82941342585957,1370.495306771811,5,1,1,0,-1097.6658933459516,5.023268164391808
2024-03-19,Home & Kitchen,1173.0986718776908,20,4.577306227054626,276.7508455243122,938.4789375021527,5,1,3,0,-661.7280919778404,3.391060777878305
2024-03-25,Electronics,2491.2540068136805,10,2.6039898906411736,18.23494523665194,2242.1286061323126,5,0,3,0,-2223.8936608956606,122.95779214218155
2024-01-14,Beauty,414.08152838231706,15,2.5577766711694805,276.45724470166294,351.9692991249695,56,6,1,1,-75.51205442330655,1.2731418903664287
2024-03-06,Electronics,2807.1525516583793,5,3.4325177496964017,95.08784416245827,2666.79492407546,5,2,3,0,-2571.707079913002,28.04559244732925
2024-03-15,Electronics,2257.9986028309386,0,2.8719707096228824,26.496847370684804,2257.9986028309386,5,4,3,0,-2231.5017554602537,85.21763254481023
2024-02-20,Electronics,2824.8831624689014,50,3.8959611939255545,265.0981297570479,1412.4415812344507,5,1,2,0,-1147.3434514774028,5.32799526925708
2024-02-07,Apparel,2034.702442154232,20,4.793372253766872,269.8406930165214,1627.7619537233857,5,2,2,0,-1357.9212607068644,6.032307194021783
2024-03-04,Sports,1099.7607370182895,10,3.4786993258350396,190.88816855349324,989.7846633164606,5,0,3,0,-798.8964947629674,5.185154589814664
2024-04-07,Apparel,2815.4707999862967,10,4.61237594318151,184.45795840242573,2533.923719987667,5,6,4,1,-2349.465761585241,13.737134152051551
2024-02-07,Apparel,837.5668272828977,50,2.500602186294666,254.87048042331872,418.7834136414489,47,2,2,0,-163.91293321813015,1.6431224712484724
2024-02-19,Electronics,1006.5349783542716,5,2.9212866086479607,246.96131804953254,956.208229436558,5,0,2,0,-709.2469113870254,3.87189474444242
2024-04-07,Apparel,2106.913127735195,0,2.576058849135214,277.5811146655977,2106.913127735195,5,6,4,1,-1829.3320130695972,7.5902610675563995
2024-03-22,Electronics,2299.469154083278,5,3.320367951287672,178.06049704102753,2184.495696379114,5,4,3,0,-2006.4351993380867,12.268278100312036
2024-01-30,Sports,2789.2693992897243,50,4.770473989241257,300.45589235617854,1394.6346996448622,5,1,1,0,-1094.1788072886836,4.641728570234123
2024-03-19,Beauty,626.3351910327854,50,2.742380308997469,308.86331512533485,313.1675955163927,114,1,3,0,-4.30428039105783,1.013935874479982
2024-03-31,Electronics,2397.0241351293835,5,4.016024441859501,49.38065994959661,2277.172928372914,5,6,3,1,-2227.7922684233176,46.11467183098099
2024-02-20,Sports,2219.5599693899358,30,3.6287398477986104,265.615409068466,1553.691978572955,5,1,2,0,-1288.0765695044888,5.849404535760459
2024-03-03,Beauty,205.42675041698962,20,4.846170530914531,162.44756603583377,164.3414003335917,174,6,3,1,-1.8938342977579339,1.0116581266434006
2024-04-07,Home & Kitchen,1170.8610765124677,10,2.8062978563427348,129.33206979845048,1053.774968861221,5,6,4,1,-924.4428990627705,8.147824205577248
2024-02-21,Electronics,859.0548893243943,30,3.0300696262555724,195.85633141540092,601.338422527076,5,2,2,0,-405.48209111167506,3.0703037179414383
2024-02-07,Electronics,923.9039166967807,15,2.573854921528733,31.509839392292072,785.3183291922636,5,2,2,0,-753.8084897999715,24.92295563348279
2024-04-06,Home & Kitchen,2949.096435470782,10,3.584838124078434,164.40603003628857,2654.186791923704,5,5,4,1,-2489.7807618874153,16.1440963651872
2024-03-28,Home & Kitchen,1933.6905792375849,10,3.194582248911636,271.91271815786666,1740.3215213138265,5,3,3,0,-1468.4088031559597,6.400294672143409
2024-03-19,Electronics,2157.263331013596,20,4.674764834725803,77.97114726099579,1725.810664810877,5,1,3,0,-1647.839517549881,22.1339652606881
2024-01-30,Home & Kitchen,2930.2036473853022,15,4.012352032994388,140.78501895698042,2490.673100277507,5,1,1,0,-2349.8880813205265,17.6913219796389
2024-02-20,Apparel,1140.9473206360515,0,4.035226844939254,292.14686187588825,1140.9473206360515,5,1,2,0,-848.8004587601632,3.9053896157226435
2024-03-21,Beauty,2408.4929028316255,15,3.829776742203256,141.4263321526807,2047.2189674068816,5,3,3,0,-1905.7926352542008,14.475514822775366
2024-01-05,Beauty,1312.0749254639186,0,2.7296258430730025,120.71845153805751,1312.0749254639186,5,4,1,0,-1191.356473925861,10.868884654723027
2024-01-29,Beauty,2610.5580103677144,15,3.612546709313388,144.95831119639658,2218.974308812557,5,0,1,0,-2074.0159976161603,15.307672188634859
2024-01-04,Apparel,554.26276081424,5,4.998762974271291,168.23856612267912,526.549622773528,5,3,1,0,-358.31105665084885,3.129779544064643
2024-01-10,Home & Kitchen,2843.8432385368747,50,4.5880732271150375,201.4374465187833,1421.9216192684373,5,2,1,0,-1220.4841727496541,7.058874324719205
2024-02-25,Sports,668.0335496064758,15,4.73364763541779,251.2043762704357,567.8285171655044,5,6,2,1,-316.62414089506876,2.2604244623278578
2024-01-17,Home & Kitchen,988.7682133380806,30,4.558065898116249,148.3701507004727,692.1377493366564,5,2,1,0,-543.7675986361837,4.664939316088807
2024-03-14,Electronics,2272.2338188087397,30,2.7576042335774567,256.1568758515914,1590.5636731661177,5,3,3,0,-1334.4067973145263,6.209334291255318
2024-01-17,Beauty,1190.359097572739,20,3.068620635161999,172.4475950988638,952.2872780581913,5,2,1,0,-779.8396829593275,5.522183579958
2024-03-24,Home & Kitchen,1830.5109596478433,50,2.507804128391024,114.8517505585534,915.2554798239216,5,6,3,1,-800.4037292653683,7.969016365643539
2024-03-28,Sports,1342.051900692244,50,3.2587753121952785,209.09549429522718,671.025950346122,5,3,3,0,-461.93045605089486,3.2091841701700354
2024-03-09,Electronics,2230.974262212999,0,2.7715185058662315,226.72806514932995,2230.974262212999,5,5,3,1,-2004.246197063669,9.839868129001196
2024-02-03,Apparel,696.5687883203034,10,3.6819833632539574,179.62444781069883,626.9119094882731,5,5,2,1,-447.28746167757424,3.490125743623485
2024-01-06,Apparel,189.49709190207787,20,4.1928187214347545,31.701417074743407,151.5976735216623,134,5,1,1,-119.8962564469189,4.782047224079473
2024-02-22,Sports,910.2892514571028,30,4.686263237595193,65.11544817244334,637.2024760199719,5,3,2,0,-572.0870278475286,9.78573432117809
2024-03-06,Electronics,1430.8113646322643,30,4.373042912727246,99.16282766261732,1001.567955242585,5,2,3,0,-902.4051275799676,10.100235933672945
2024-03-17,Beauty,516.5398557951455,0,4.8464639894462636,98.37455375569047,516.5398557951455,5,6,3,1,-418.165302039455,5.250746621712287
2024-02-12,Home & Kitchen,1074.0699096243202,30,2.634745725984472,213.6591360728268,751.8489367370241,5,0,2,0,-538.1898006641973,3.518917798491671
2024-03-15,Electronics,1208.949309606302,30,2.5304495885413534,20.41285519372161,846.2645167244114,5,4,3,0,-825.8516615306897,41.45743007008139
2024-01-23,Apparel,186.31465340949654,0,4.153345284590531,237.92612422960838,186.31465340949654,142,1,1,0,51.61147082011183,0.7830777474006819
2024-02-24,Sports,1756.1721358298505,30,3.2233810255556157,93.27603006804529,1229.3204950808952,5,5,2,1,-1136.04446501285,13.179382679388267
2024-03-20,Sports,2654.765132494293,10,3.1337525402644326,106.45644463375021,2389.2886192448636,5,2,3,0,-2282.8321746111133,22.443813781917157
2024-04-04,Home & Kitchen,467.95259516486146,5,3.3272177192344854,170.73339924345765,444.55496540661835,5,3,4,0,-273.8215661631607,2.603796136997801
2024-03-15,Sports,1799.4569200035194,20,3.1744901447309104,78.69805227699247,1439.5655360028156,5,4,3,0,-1360.8674837258231,18.292263840736442
2024-01-16,Sports,1999.246526658876,10,3.7785910157539684,275.91903750478065,1799.3218739929885,5,1,1,0,-1523.4028364882079,6.521195094998883
2024-01-08,Electronics,1266.7140210515756,10,3.6003711180603313,40.18378990133676,1140.042618946418,5,0,1,0,-1099.8588290450814,28.370709227416434
2024-01-04,Beauty,2107.776298282346,5,3.7810713784416405,146.09279687881414,2002.3874833682287,5,3,1,0,-1856.2946864894145,13.706271124573204
2024-01-04,Home & Kitchen,1241.033657320671,50,4.181784028751091,265.5795694891925,620.5168286603355,5,3,1,0,-354.93725917114295,2.3364629660851484
2024-02-25,Electronics,1521.3423046126431,20,3.467826272427871,196.67394885426455,1217.0738436901145,5,6,2,1,-1020.3998948358499,6.188281929458621
2024-01-25,Beauty,36.948837994964535,10,3.128269217855392,101.23720717357686,33.25395419546808,184,3,1,0,67.98325297810878,0.32847561804477987
2024-03-07,Electronics,2079.784540692046,30,2.9155013420218636,139.1242612940559,1455.849178484432,5,3,3,0,-1316.7249171903761,10.464380295305354
2024-04-05,Electronics,1989.1078966500024,5,3.373685298831564,223.4748422010418,1889.6525018175023,5,4,4,0,-1666.1776596164605,8.455772843179988
2024-03-07,Sports,129.6266188191385,50,4.35451618811543,302.1119192923503,64.81330940956926,259,3,3,0,237.29860988278105,0.21453410233328182
2024-01-27,Beauty,1114.2265705744724,20,4.3917622752786745,278.47592192193287,891.3812564595779,5,5,1,1,-612.9053345376451,3.2009275714309875
2024-04-02,Home & Kitchen,2937.410044763127,15,4.1672634667105255,116.01767847280115,2496.798538048658,5,1,4,0,-2380.780859575857,21.520845537639335
2024-02-01,Home & Kitchen,1270.8986392673212,0,3.0850704382671865,309.468374389918,1270.8986392673212,5,3,2,0,-961.4302648774033,4.1067157242569765
2024-02-19,Beauty,1513.3070343185475,30,3.970215614636744,16.03387574166219,1059.3149240229832,5,0,2,0,-1043.281048281321,66.06730282126827
2024-03-01,Sports,2731.14152210676,5,3.92672415394212,23.15077796348245,2594.584446001422,5,4,3,0,-2571.4336680379392,112.07331563950312
2024-02-20,Apparel,2156.026699459283,0,3.7106654952743137,258.0329519755022,2156.026699459283,5,1,2,0,-1897.9937474837807,8.35562544610185
2024-01-19,Electronics,1752.4793414058074,50,3.8749474659596608,73.84149261575035,876.2396707029037,5,4,1,0,-802.3981780871534,11.866494563735325
2024-01-21,Sports,2396.4469738031016,50,3.72947658155917,32.92693417689105,1198.2234869015508,5,6,1,1,-1165.2965527246597,36.39037513982988
2024-01-05,Beauty,2595.13330537108,15,3.9136409151852707,84.95868160476816,2205.863309565418,5,4,1,0,-2120.90462796065,25.96395409979641
2024-03-22,Electronics,1378.8108941357416,10,4.288764886552822,140.69954542435374,1240.9298047221675,5,4,3,0,-1100.2302592978137,8.819714384858093
2024-04-01,Home & Kitchen,1433.1984693215286,10,2.774070486008599,230.51704977785442,1289.8786223893758,5,0,4,0,-1059.3615726115213,5.595588801923377
2024-02-11,Apparel,1167.36204292073,20,4.374064380372559,199.17898033260562,933.889634336584,5,6,2,1,-734.7106540039783,4.688695728721462
2024-03-01,Home & Kitchen,2900.617827955105,5,2.8397153753189857,85.09825918032402,2755.5869365573494,5,4,3,0,-2670.4886773770254,32.3812374436266
2024-01-22,Beauty,2096.041269056696,5,2.666569996025937,163.4647821896724,1991.239205603861,5,0,1,0,-1827.7744234141885,12.18145694094141
2024-01-21,Electronics,263.4208526310958,50,4.940199215553669,288.2331610925778,131.7104263155479,244,6,1,1,156.5227347770299,0.45695792190005413
2024-03-10,Beauty,2590.93447558936,20,4.892479422176104,255.42729421020852,2072.747580471488,5,6,3,1,-1817.3202862612798,8.11482416896952
2024-01-01,Electronics,1449.4714233962602,0,2.6510913623514103,110.34098652537905,1449.4714233962602,5,0,1,0,-1339.130436870881,13.13629204378079
2024-01-05,Sports,220.23041067112507,10,3.6081336036874054,304.7680455999304,198.20736960401257,142,4,1,0,106.56067599591785,0.6503548271074315
2024-01-12,Apparel,1655.9060066624834,10,2.9656123457494368,224.04301812836363,1490.315405996235,5,4,1,0,-1266.2723878678714,6.651916308065315
2024-03-30,Sports,1260.2353727424706,50,3.713362242836045,33.422559921700625,630.1176863712353,5,5,3,1,-596.6951264495347,18.853064751695218
2024-02-15,Sports,2635.0819735149353,5,4.575443107498968,25.372410420148412,2503.3278748391886,5,3,2,0,-2477.9554644190403,98.66338410052195
2024-02-03,Beauty,623.9238917740213,50,4.876529436857226,64.68034495795885,311.96194588701064,127,5,2,1,-247.2816009290518,4.823133613306805
2024-02-18,Apparel,2481.996859334166,5,4.085631633628843,229.7174810747933,2357.8970163674576,5,6,2,1,-2128.1795352926642,10.264334282856575
2024-03-18,Electronics,1679.7007431885763,20,3.384764168029543,69.20298312351623,1343.7605945508612,5,0,3,0,-1274.557611427345,19.417668630736106
2024-03-30,Electronics,178.0117550922051,15,4.008313914111496,165.88859691660588,151.30999182837434,185,5,3,1,14.57860508823154,0.9121180999827229
2024-02-14,Home & Kitchen,2915.9582244565718,0,3.2800032652711257,42.511735453345366,2915.9582244565718,5,2,2,0,-2873.4464890032264,68.59184160234294
2024-01-27,Electronics,1545.1565036480517,30,4.7745591020801506,286.66141655990754,1081.6095525536361,5,5,1,1,-794.9481359937286,3.773125680928872
2024-03-13,Beauty,883.2674098812737,15,4.676001157764592,116.46838100715243,750.7772983990826,5,2,3,0,-634.3089173919302,6.446189874941051
2024-01-26,Sports,1416.1794233379353,15,3.8955793756991524,282.89895668538605,1203.752509837245,5,4,1,0,-920.8535531518589,4.255061679764153
2024-02-16,Sports,2575.705483799705,5,3.3119972884509012,293.7383143636106,2446.920209609719,5,4,2,0,-2153.1818952461085,8.33027252475053
2024-03-26,Sports,925.1358262894146,5,3.233474188957446,16.807950957535834,878.8790349749438,5,1,3,0,-862.071084017408,52.28948116253867
2024-02-25,Apparel,590.1390435128004,5,2.5835449867626488,151.91988022362594,560.6320913371603,5,6,2,1,-408.7122111135344,3.690314200563549
2024-04-03,Electronics,400.27767208868113,15,4.539552127563239,22.2735364335334,340.23602127537896,42,2,4,0,-317.96248484184554,15.275348047701334
2024-03-03,Beauty,904.1103041947806,50,3.62595803259752,283.0643660593572,452.0551520973903,41,6,3,1,-168.9907860380331,1.5970048027966774
2024-02-17,Apparel,2343.4435398145297,0,3.312832321000661,167.93022569669986,2343.4435398145297,5,5,2,1,-2175.51331411783,13.954864468812433
2024-03-01,Home & Kitchen,1422.8047001078562,50,3.6777758874943847,37.108483746056564,711.4023500539281,5,4,3,0,-674.2938663078716,19.17088164858062
2024-03-21,Beauty,694.0325870252168,5,4.546844976136629,47.53163484158723,659.3309576739559,5,3,3,0,-611.7993228323687,13.871413425424246
2024-01-26,Beauty,511.06222383510135,10,2.811535519268803,128.13516222535802,459.95600145159125,5,4,1,0,-331.82083922623326,3.58961578901069
2024-02-05,Beauty,1008.1974873834816,50,4.644139970604568,292.36908689750237,504.0987436917408,46,0,2,0,-211.72965679423845,1.7241861957466995
2024-01-01,Sports,2820.6742530638408,0,4.7437720877708855,219.40819971258387,2820.6742530638408,5,0,1,0,-2601.2660533512567,12.855828801105945
2024-01-08,Beauty,1038.934737081223,10,4.866769787584721,270.94756552579406,935.0412633731006,5,0,1,0,-664.0936978473065,3.451004483316109
2024-04-08,Electronics,2964.5503667245866,0,3.4937199810565693,123.104710670294,2964.5503667245866,5,0,4,0,-2841.4456560542926,24.081534740489445
2024-02-21,Beauty,1463.4129104595881,5,3.0428510100941795,27.748041367249506,1390.2422649366088,5,2,2,0,-1362.4942235693593,50.10235665056654
2024-03-19,Sports,549.8042960961004,50,3.434102046166746,302.42370297530215,274.9021480480502,140,1,3,0,27.52155492725194,0.9089967001379534
2024-02-16,Beauty,2675.0531740036254,30,3.332280240578508,20.066032245399015,1872.5372218025377,5,4,2,0,-1852.4711895571386,93.31875873128311
2024-02-25,Home & Kitchen,1389.1607888074582,20,2.94038478125715,294.5572376589213,1111.3286310459666,5,6,2,1,-816.7713933870454,3.772878371207484
2024-03-26,Home & Kitchen,2133.3689603610055,5,4.01816667525372,123.75984003549769,2026.700512342955,5,1,3,0,-1902.9406723074574,16.37607572667872
2024-01-14,Sports,2951.379075879318,15,3.6915604012715724,17.976669481455048,2508.67221449742,5,6,1,1,-2490.695545015965,139.55155692690445
2024-03-30,Electronics,164.7734207051224,30,4.664252480810009,218.30138335872994,115.34139449358567,188,5,3,1,102.95998886514427,0.5283585138993263
2024-01-28,Electronics,303.6332609658879,15,2.580273951205146,304.2593896892495,258.08827182100475,98,6,1,1,46.17111786824472,0.848250803646846
2024-03-27,Apparel,2165.5633732663273,0,4.109669818887816,299.8595882370898,2165.5633732663273,5,2,3,0,-1865.7037850292375,7.221924721493591
2024-03-18,Sports,856.2476348369839,15,4.407372196278903,62.47641830471344,727.8104896114363,5,0,3,0,-665.3340713067229,11.64936322152334
2024-03-28,Beauty,565.1396698960457,30,4.398716422970768,68.46810278951571,395.597768927232,24,3,3,0,-327.1296661377163,5.777840378363873
2024-01-02,Sports,132.49521126189254,30,4.715184917738813,181.83397981279973,92.74664788332477,238,1,1,0,89.08733192947496,0.5100622445750159
2024-01-26,Apparel,80.21243527881239,5,4.322584357073735,203.0049237963557,76.20181351487177,177,4,1,0,126.80311028148394,0.375369287058838
2024-01-14,Sports,2326.839525312576,10,4.8195251541192405,233.12828453143035,2094.1555727813184,5,6,1,1,-1861.027288249888,8.982846405747837
2024-02-28,Sports,416.28378069810674,5,3.3316414995522288,68.40985633928352,395.46959166320136,24,2,2,0,-327.05973532391783,5.780886159179197
2024-02-25,Apparel,1411.1460386738854,0,3.758023541878858,297.9070905955082,1411.1460386738854,5,6,2,1,-1113.2389480783772,4.736866235217977
2024-01-07,Electronics,1823.6019933107568,15,2.535199158207227,203.42808060532516,1550.0616943141433,5,6,1,1,-1346.633613708818,7.619703679559601
2024-01-03,Beauty,1293.630124698006,10,2.517393968258228,264.87884106681366,1164.2671122282054,5,2,1,0,-899.3882711613917,4.395470425418117
2024-01-23,Apparel,95.91335722365582,50,3.1003165511288,174.3193860088307,47.95667861182791,223,1,1,0,126.36270739700278,0.275108120271824
2024-01-18,Home & Kitchen,2353.751985224908,20,2.7520179928477133,137.21167003901536,1883.0015881799263,5,3,1,0,-1745.789918140911,13.723334084079768
2024-02-07,Electronics,46.38197525683566,30,3.150528419839384,303.2689574455238,32.46738267978496,268,2,2,0,270.80157476573885,0.10705804825281887
2024-04-08,Home & Kitchen,2289.24133471679,10,2.9426082363209933,186.72580439185163,2060.317201245111,5,0,4,0,-1873.5913968532593,11.033917930922136
2024-01-15,Electronics,2681.5139139575463,50,2.5713000620966207,270.7277069257578,1340.7569569787731,5,0,1,0,-1070.0292500530154,4.952418694797469
2024-03-04,Beauty,1307.0271643556594,10,4.773260366015124,296.22125692805554,1176.3244479200935,5,0,3,0,-880.103190992038,3.9711007242326035
2024-03-29,Beauty,1613.5942821969277,5,2.5205578284722288,214.22961496755448,1532.9145680870813,5,4,3,0,-1318.6849531195269,7.155474598221373
2024-01-28,Sports,1438.7954269636964,50,4.340205360842713,176.93691016300912,719.3977134818482,5,6,1,1,-542.4608033188391,4.06584308960227
2024-03-14,Home & Kitchen,1176.787726590965,20,2.8803697172987914,16.035701018641934,941.430181272772,5,3,3,0,-925.39448025413,58.70838949780456
2024-02-08,Electronics,2663.9622380805254,30,4.780574054999001,26.805794018006765,1864.7735666563676,5,3,2,0,-1837.9677726383609,69.56606341911409
2024-02-26,Beauty,2683.3915293499217,0,4.731989848974715,74.25110873507933,2683.3915293499217,5,0,2,0,-2609.1404206148422,36.13941360692672
2024-01-17,Apparel,1017.4118484549806,0,4.134752865923144,69.8724873975186,1017.4118484549806,5,2,1,0,-947.539361057462,14.56097938329747
2024-03-26,Beauty,1850.9832157338735,10,4.180585374501513,90.15384458395438,1665.8848941604863,5,1,3,0,-1575.7310495765319,18.478245734813413
2024-03-30,Apparel,2781.8190730054043,50,2.513347854924221,104.95571812080995,1390.9095365027022,5,5,3,1,-1285.9538183818922,13.252346431489201
2024-02-13,Electronics,2886.744619339934,10,4.962178915284005,121.21932059746483,2598.070157405941,5,1,2,0,-2476.850836808476,21.432805798618514
2024-01-25,Beauty,1534.2427356598118,15,4.694581508939536,139.05861857031857,1304.10632531084,5,3,1,0,-1165.0477067405213,9.378104994271787
2024-01-17,Beauty,1366.6820437737153,20,4.73776556432523,44.16556984452433,1093.3456350189724,5,2,1,0,-1049.1800651744481,24.755610283482532
2024-01-13,Electronics,846.9025330466494,30,4.14811134262718,27.4967699260707,592.8317731326546,5,5,1,1,-565.3350032065839,21.560051407004316
2024-03-24,Beauty,2877.2325414733737,10,3.3619673216363415,213.81361247654192,2589.5092873260364,5,6,3,1,-2375.6956748494945,12.111059054344066
2024-01-25,Apparel,441.3006988515091,15,4.734121622726202,173.5137733287079,375.1055940237827,66,3,1,0,-201.5918206950748,2.1618202798989063
2024-03-08,Beauty,1745.7912845024591,50,3.228792320377981,146.0225396549353,872.8956422512296,5,4,3,0,-726.8731025962943,5.977814413541652
2024-01-10,Home & Kitchen,858.4125485431371,20,3.906778858355507,202.15978264466395,686.7300388345097,5,2,1,0,-484.5702561898458,3.396966646138389
2024-03-07,Sports,847.8397466881729,30,2.749327430859706,259.1654251250444,593.487822681721,5,3,3,0,-334.3223975566766,2.289996138162989
2024-01-18,Apparel,1223.8312333179226,0,4.804889075331875,141.16940818928038,1223.8312333179226,5,3,1,0,-1082.6618251286422,8.669238250804353
2024-04-09,Home & Kitchen,2996.3969134097288,15,2.8519261444280333,204.13024219033392,2546.9373763982694,5,1,4,0,-2342.8071342079356,12.47702128341899
2024-03-26,Electronics,179.07442591686888,50,3.062242014326018,296.30380603137183,89.53721295843444,238,1,3,0,206.76659307293738,0.30218043486405466
2024-02-03,Apparel,1741.9473273375413,20,3.8953353953205374,262.6892262791604,1393.557861870033,5,5,2,1,-1130.8686355908726,5.304967705029122
2024-01-08,Sports,261.47789173530236,15,4.410232500532453,140.6702390982108,222.25620797500702,143,0,1,0,-81.58596887679622,1.579980309977549
2024-02-09,Sports,476.24467752169915,10,4.048378264840747,205.1914671553492,428.62020976952925,5,4,2,0,-223.42874261418007,2.0888793072716982
2024-03-23,Electronics,1327.0953811921026,5,3.0803347820003903,67.23592196520224,1260.7406121324975,5,5,3,1,-1193.5046901672954,18.750997610845438
2024-02-11,Electronics,1538.7234920691274,0,2.502357606318726,180.3540445440515,1538.7234920691274,5,6,2,1,-1358.3694475250759,8.53168275742934
2024-02-10,Apparel,787.4953389681041,10,4.392876450768598,304.49184588584063,708.7458050712937,5,5,2,1,-404.2539591854531,2.3276347614806574
2024-01-06,Beauty,959.6245356601323,10,4.9630183147777345,167.90295898474406,863.6620820941191,5,5,1,1,-695.7591231093751,5.143816924468811
2024-02-21,Electronics,274.59655546396016,50,4.524782800765227,288.6532982610934,137.29827773198008,227,2,2,0,151.35502052911335,0.47565116546075525
2024-01-26,Beauty,920.1110547750878,50,3.6505165453915382,135.1638015484619,460.0555273875439,5,4,1,0,-324.891725839082,3.403688873182475
2024-03-04,Home & Kitchen,2900.1769415509243,20,4.759418153497767,309.6592240194662,2320.1415532407395,5,0,3,0,-2010.4823292212734,7.492563997043692
2024-04-07,Sports,2834.951534292358,50,3.524619182795875,185.86991039212955,1417.475767146179,5,6,4,1,-1231.6058567540495,7.626171251472235
2024-02-28,Beauty,1014.6116960589002,15,3.8123352106086688,27.46935329960069,862.4199416500651,5,2,2,0,-834.9505883504644,31.395713333469764
2024-02-25,Sports,1718.9989997921034,0,3.692824418489208,188.09266502395948,1718.9989997921034,5,6,2,1,-1530.906334768144,9.139107043717708
2024-02-28,Beauty,2730.1422424661687,10,3.6190596816638125,95.99894522548101,2457.128018219552,5,2,2,0,-2361.129072994071,25.59536474539677
2024-03-10,Home & Kitchen,33.458710583076574,20,4.437976923234764,24.581990000588938,26.76696846646126,208,6,3,1,-2.184978465872323,1.0888853370219407
2024-02-02,Electronics,2434.890457457712,0,3.8169222681737303,257.15172488492567,2434.890457457712,5,4,2,0,-2177.738732572786,9.468691911544887
2024-02-22,Home & Kitchen,2845.8831150749234,50,3.2917928050630403,96.340242909323,1422.9415575374617,5,3,2,0,-1326.6013146281387,14.769960242644991
2024-01-22,Electronics,287.6073169856678,50,3.1453954191461957,249.98182344371705,143.8036584928339,176,0,1,0,106.17816495088314,0.5752564586969302
2024-01-21,Electronics,496.9213428082693,15,2.5943682924185834,100.02418697198075,422.3831413870289,5,6,1,1,-322.3589544150482,4.222810043988149
2024-03-10,Sports,2882.827713772496,50,3.9579879047076147,72.32627439276342,1441.413856886248,5,6,3,1,-1369.0875824934844,19.929325393683875
2024-03-10,Home & Kitchen,1619.5573287664338,10,3.0749035385025856,302.3109943608061,1457.6015958897904,5,6,3,1,-1155.2906015289843,4.821530222450835
2024-01-04,Beauty,57.37695389809525,30,2.8703348050409576,121.68537168773076,40.16386772866667,197,3,1,0,81.52150395906409,0.330063237442667
2024-04-03,Home & Kitchen,784.0315163091345,10,4.134574909569194,192.40598237573232,705.6283646782211,5,2,4,0,-513.2223823024888,3.6673930610965257
2024-03-15,Sports,1358.081867692546,10,4.203023144553872,194.9445403802691,1222.2736809232915,5,4,3,0,-1027.3291405430225,6.2698533569550605
2024-03-02,Electronics,2083.3330994089315,50,4.380387230644165,180.33967724118304,1041.6665497044658,5,5,3,1,-861.3268724632827,5.7761362648517975
2024-03-02,Sports,2203.4837287383466,0,3.758942240846479,284.83524433875834,2203.4837287383466,5,5,3,1,-1918.6484843995881,7.735993956273592
2024-04-03,Apparel,2986.3332160824866,50,4.735136513009716,213.96011605322622,1493.1666080412433,5,2,4,0,-1279.2064919880172,6.978714704332058
2024-04-04,Apparel,873.2209301605207,0,4.84085688349557,134.1012362109544,873.2209301605207,5,3,4,0,-739.1196939495662,6.511654588976782
2024-01-24,Beauty,1621.5870040773987,0,4.5184273494812235,269.40221343466084,1621.5870040773987,5,2,1,0,-1352.1847906427379,6.019204457912475
2024-02-24,Sports,1606.970790360921,0,4.088983705020468,68.4135552392095,1606.970790360921,5,5,2,1,-1538.5572351217115,23.489070035055367
2024-01-09,Beauty,1225.8510994500039,20,3.2593023839779716,175.54984349507316,980.6808795600032,5,1,1,0,-805.13103606493,5.586338671885664
2024-01-03,Beauty,519.9482531196243,5,4.9573623040505534,295.41235972340814,493.95084046364303,47,2,1,0,-198.5384807402349,1.672072356505749
2024-01-31,Apparel,2932.70784110377,50,3.185340417979846,199.49230081472174,1466.353920551885,5,2,1,0,-1266.8616197371632,7.3504286359089095
2024-02-09,Beauty,2562.1518021997595,20,3.0066423049760775,256.0056928900885,2049.7214417598075,5,4,2,0,-1793.715748869719,8.006546333482587
2024-02-05,Apparel,1502.524089458298,10,3.6053852844664567,207.8004140358319,1352.2716805124683,5,0,2,0,-1144.4712664766364,6.50755046272088
2024-01-24,Electronics,1815.687586711829,20,2.6421014267809713,262.61440474367765,1452.5500693694632,5,2,1,0,-1189.9356646257856,5.531113461910862
2024-04-04,Sports,693.374244875592,15,4.946236161679477,293.62392455434684,589.3681081442531,5,3,4,0,-295.7441835899063,2.0072210023034653
2024-01-06,Beauty,1638.2044051193645,30,3.971083891041062,95.51190962215736,1146.743083583555,5,5,1,1,-1051.2311739613976,12.006283699279399
2024-03-06,Apparel,2089.4858473676054,0,3.8923802291604384,65.05001897073205,2089.4858473676054,5,2,3,0,-2024.4358283968734,32.12121810921727
2024-03-24,Home & Kitchen,1552.7735797339676,50,4.1394906997493,157.77727134809928,776.3867898669838,5,6,3,1,-618.6095185188846,4.92077713876839
2024-04-01,Beauty,2971.0012341960496,15,3.7425591194430163,222.04941591314366,2525.351049066642,5,0,4,0,-2303.3016331534986,11.372923629100887
2024-03-15,Electronics,1839.8548438994626,50,2.580158792736354,82.02141968875375,919.9274219497313,5,4,3,0,-837.9060022609775,11.21569738052054
2024-01-04,Electronics,1122.3565320876246,30,4.030778222100992,16.209927876899286,785.6495724613371,5,3,1,0,-769.4396445844378,48.467184951573024
2024-03-19,Home & Kitchen,2319.873802433277,15,4.290434692391076,116.16585917182807,1971.8927320682853,5,1,3,0,-1855.7268728964573,16.97480435410491
2024-01-06,Apparel,523.8305970712015,50,3.5418726515601326,300.8135039629976,261.91529853560075,141,5,1,1,38.89820542739682,0.8706899626680935
2024-04-03,Beauty,1162.7797039132056,10,4.393238930177983,220.01540087872476,1046.5017335218852,5,2,4,0,-826.4863326431604,4.756493087948557
2024-02-20,Apparel,1050.6724668770937,0,3.0675032483460516,133.39100596266104,1050.6724668770937,5,1,2,0,-917.2814609144327,7.87663650404735
2024-03-02,Electronics,1303.9441788967151,15,3.05319147766546,71.8099487173179,1108.352552062208,5,5,3,1,-1036.54260334489,15.434526439021317
2024-02-26,Apparel,2348.612780397248,10,2.9035424692189347,120.04645375765035,2113.7515023575233,5,0,2,0,-1993.705048599873,17.607779623584403
2024-03-06,Electronics,1460.2565010077712,0,3.4299868994729046,65.10263282386815,1460.2565010077712,5,2,3,0,-1395.1538681839031,22.430068303971986
2024-03-19,Apparel,2385.1331340438987,5,4.617530088472709,46.360217287320665,2265.876477341704,5,1,3,0,-2219.516260054383,48.875449899183536
2024-03-15,Home & Kitchen,1735.8193758724997,10,4.56978015537266,282.4889999089034,1562.2374382852497,5,4,3,0,-1279.7484383763463,5.530259368644575
2024-01-08,Sports,1036.0772624528026,20,3.4570605199087594,309.3068498207647,828.8618099622422,5,0,1,0,-519.5549601414775,2.6797395868941996
2024-01-26,Home & Kitchen,2432.786549895165,50,3.9727968399505915,63.41375968075814,1216.3932749475825,5,4,1,0,-1152.9795152668244,19.181850769789275
2024-02-20,Home & Kitchen,726.2946666009784,0,4.302040791187289,31.08415486909252,726.2946666009784,5,1,2,0,-695.2105117318858,23.3654307044759
2024-02-14,Sports,684.7831947023896,15,3.1030169365700573,112.27067660813265,582.0657154970311,5,2,2,0,-469.79503888889843,5.184485683012865
2024-02-13,Sports,1520.9412283036847,30,2.9203527147368677,151.18945832461753,1064.6588598125793,5,1,2,0,-913.4694014879617,7.04188553626973
2024-01-05,Beauty,793.6349991968355,15,4.930239983030777,75.42226788737707,674.5897493173101,5,4,1,0,-599.167481429933,8.944172168418866
2024-03-10,Beauty,42.12479932938072,20,4.043893283024046,103.92034898057474,33.69983946350458,219,6,3,1,70.22050951707016,0.324285279967679
2024-01-26,Home & Kitchen,1950.1681189869225,50,4.95353930458416,74.25686702903903,975.0840594934613,5,4,1,0,-900.8271924644223,13.131230800676564
2024-03-08,Home & Kitchen,1540.615057095108,20,3.3443899678305726,243.40686768757314,1232.4920456760865,5,4,3,0,-989.0851779885134,5.063505633119858
2024-01-19,Electronics,1344.8706762620861,15,4.257579249935329,225.21049325794192,1143.1400748227732,5,4,1,0,-917.9295815648312,5.075873944796579
2024-03-24,Electronics,2901.4010161356714,50,3.056509091353094,202.3106971494896,1450.7005080678357,5,6,3,1,-1248.389810918346,7.170656463092987
2024-04-06,Beauty,1720.0295641292973,30,3.1530004281847823,129.2292678383654,1204.0206948905081,5,5,4,1,-1074.7914270521428,9.316935049082282
2024-01-20,Beauty,2592.343259701313,0,3.77975530317406,283.1670776876996,2592.343259701313,5,5,1,1,-2309.1761820136135,9.154818705867942
2024-01-12,Electronics,431.2589550724031,50,3.2990453137701783,301.0120997528309,215.62947753620156,154,4,1,0,85.38262221662936,0.7163482056477487
2024-02-16,Electronics,1714.0812924413417,10,2.919053909601461,66.22359722449653,1542.6731631972075,5,4,2,0,-1476.4495659727108,23.29491643239463
2024-01-01,Apparel,2605.9191857917453,50,3.157201754973315,80.78872921650402,1302.9595928958727,5,0,1,0,-1222.1708636793687,16.12798722708088
2024-03-30,Apparel,1755.5706854804955,20,2.5893709861646617,170.06115326010905,1404.4565483843965,5,5,3,1,-1234.3953951242875,8.258538304960663
2024-01-14,Electronics,2158.2723217090997,20,4.2610590536937165,41.91891793826236,1726.6178573672798,5,6,1,1,-1684.6989394290174,41.18946629085751
2024-03-04,Apparel,1125.550049919439,20,3.730291642714654,143.7522776528183,900.4400399355513,5,0,3,0,-756.687762282733,6.263831465058516
2024-02-07,Sports,290.9618083556438,30,2.735607666011314,186.6284231094245,203.67326584895068,164,2,2,0,-17.04484273952619,1.0913303689520668
2024-02-06,Beauty,1381.8323809543083,50,2.929234982821228,169.01170348551327,690.9161904771541,5,1,2,0,-521.9044869916409,4.08797838391337
2024-01-11,Beauty,1192.5209816539898,50,2.75633634528161,112.61803200801769,596.2604908269949,5,3,1,0,-483.6424588189772,5.294538362955453
2024-04-09,Electronics,2603.174644401158,5,4.031482020689691,175.021512792776,2473.0159121811,5,1,4,0,-2297.994399388324,14.129782520558656
2024-03-17,Home & Kitchen,743.3259775221296,30,2.7355259090312343,297.8462815063601,520.3281842654907,5,6,3,1,-222.48190275913055,1.7469688781539472
2024-01-03,Electronics,2900.7016691922977,0,4.38570583258804,75.77513426595593,2900.7016691922977,5,2,1,0,-2824.926534926342,38.28038969896643
2024-02-02,Apparel,2875.042287616421,0,2.551277298300978,208.17525072623107,2875.042287616421,5,4,2,0,-2666.8670368901903,13.810682478280556
2024-01-06,Home & Kitchen,754.1804545682445,0,3.12343946998973,27.802024776035296,754.1804545682445,5,5,1,1,-726.3784297922092,27.126817584103826
2024-02-19,Apparel,1053.9350870998016,0,4.726666689729768,34.59283932202331,1053.9350870998016,5,0,2,0,-1019.3422477777783,30.46685694946181
2024-01-10,Sports,2688.2338865085467,0,4.296328295305615,177.78932614595757,2688.2338865085467,5,2,1,0,-2510.444560362589,15.120333401239282
2024-01-05,Apparel,2900.3673293748807,15,2.6824208323142193,45.957058196745095,2465.3122299686484,5,4,1,0,-2419.3551717719033,53.643821573924285
2024-01-23,Sports,1338.6657219655915,20,4.552815261212949,21.592302585922916,1070.9325775724733,5,1,1,0,-1049.3402749865504,49.59788671499384
2024-01-10,Sports,973.17618123808,30,3.732587803850512,65.59633430616654,681.223326866656,5,2,1,0,-615.6269925604894,10.385082246930008
2024-02-13,Apparel,1585.390629555853,15,4.616957567922073,181.63050544487444,1347.582035122475,5,1,2,0,-1165.9515296776005,7.419359604939663
2024-01-02,Apparel,2067.991081001718,30,4.001849436125983,222.48558158308506,1447.5937567012027,5,1,1,0,-1225.1081751181175,6.5064609868240515
2024-01-13,Sports,831.3214283943147,5,4.204582580082147,74.73117642170709,789.755356974599,5,5,1,1,-715.0241805528918,10.567950282463364
2024-02-09,Home & Kitchen,2213.3724262379324,50,4.983753900989271,212.13653397641147,1106.6862131189662,5,4,2,0,-894.5496791425547,5.216858182674108
2024-01-02,Sports,169.19721098720348,10,3.0808388648100453,68.83051767427266,152.27748988848313,145,1,1,0,-83.44697221421048,2.2123542729855297
2024-03-24,Beauty,162.1440609017831,20,4.05986393690347,195.96994085622086,129.7152487214265,174,6,3,1,66.25469213479437,0.6619140065802026
2024-03-05,Sports,1168.0687998594524,5,3.650803475143496,136.52810556926067,1109.6653598664798,5,1,3,0,-973.1372542972191,8.12774304045072
2024-03-03,Home & Kitchen,1070.117478301251,15,2.5986298823067284,207.87085525341695,909.5998565560633,5,6,3,1,-701.7290013026463,4.375793111772033
2024-03-13,Beauty,957.1651478709496,10,2.5361766037571627,308.54056198137795,861.4486330838546,5,2,3,0,-552.9080711024767,2.792010967866998
2024-01-17,Electronics,1480.6939915666965,50,2.7980714445446466,291.65600474360576,740.3469957833482,5,2,1,0,-448.69099103974247,2.538425349528414
2024-01-09,Electronics,972.3897432000401,5,4.12272935134637,16.263118561650572,923.7702560400381,5,1,1,0,-907.5071374783876,56.80154470609007
2024-03-15,Home & Kitchen,588.8898866272544,50,3.9179077197834804,276.2044354868802,294.4449433136272,136,4,3,0,-18.240507826747034,1.0660398801872732
2024-01-15,Sports,938.7666040294737,50,3.8835739029093186,34.614784576556126,469.38330201473684,5,0,1,0,-434.7685174381807,13.560197116830835
2024-01-24,Apparel,2925.089254338551,30,2.57964190632065,296.14874291715427,2047.5624780369858,5,2,1,0,-1751.4137351198315,6.913966467890017
2024-02-07,Home & Kitchen,1242.1735497296231,10,3.6732574909000175,98.13857533440698,1117.9561947566608,5,2,2,0,-1019.8176194222539,11.391608151506455
2024-02-04,Beauty,1342.4676389221322,30,4.811557044606321,127.70027497132493,939.7273472454925,5,6,2,1,-812.0270722741676,7.358851399940275
2024-04-03,Beauty,1735.986795004153,50,3.4939796732766166,42.033270526839715,867.9933975020765,5,2,4,0,-825.9601269752368,20.650151335424454
2024-04-04,Electronics,2950.2721937164665,5,4.062306174471141,48.12046370702833,2802.758584030643,5,3,4,0,-2754.6381203236147,58.244629584092735
2024-02-18,Beauty,736.1798101607526,50,4.449546689057859,229.38846674264929,368.0899050803763,82,6,2,1,-138.701438337727,1.6046574193868954
2024-03-09,Home & Kitchen,2048.627099939315,15,4.459813197854719,293.578009545746,1741.3330349484177,5,5,3,1,-1447.7550254026717,5.931415086718473
2024-03-02,Beauty,2152.2143102220466,50,3.798200205988178,195.1708060115213,1076.1071551110233,5,5,3,1,-880.936349099502,5.5136686531258094
2024-02-29,Home & Kitchen,1827.8633841273017,30,4.644879863505841,226.17575458040926,1279.5043688891112,5,3,2,0,-1053.328614308702,5.657124351205496
2024-02-19,Apparel,279.40634381538257,10,3.478445233409367,239.78107465616029,251.46570943384432,127,0,2,0,-11.684634777684039,1.0487304295989144
2024-03-18,Electronics,2035.4637433453158,5,4.721733036961996,92.5302109931178,1933.69055617805,5,0,3,0,-1841.160345184932,20.89793739173332
2024-03-15,Beauty,206.3227124429838,30,3.1005679159888633,28.342741121463405,144.42589871008866,131,4,3,0,-116.08315758862526,5.0956926886905
2024-01-09,Home & Kitchen,1794.4858089064423,50,3.2005410174764277,15.552459456154732,897.2429044532212,5,1,1,0,-881.6904449970665,57.69138360287743
2024-02-03,Sports,2222.649814006902,15,2.632801560497503,118.4415384714355,1889.2523419058666,5,5,2,1,-1770.8108034344311,15.950927067377606
2024-03-16,Electronics,644.745123500552,20,4.488954591355707,86.23194731876875,515.7960988004417,5,5,3,1,-429.5641514816729,5.981496589584455
2024-04-08,Apparel,2527.2416925151806,15,3.542638090581764,33.38372888950977,2148.1554386379034,5,0,4,0,-2114.7717097483937,64.34737850129505
2024-02-04,Home & Kitchen,105.60610951601772,50,3.0727915347784975,67.96084628563169,52.80305475800886,193,6,2,1,15.157791527622827,0.7769628785386756
2024-01-01,Apparel,2533.7813980200435,15,3.079475694041449,51.7271749890446,2153.714188317037,5,0,1,0,-2101.9870133279924,41.6360295874108
2024-02-09,Apparel,1389.0822161686538,20,4.753499853073083,284.8891222821243,1111.265772934923,5,4,2,0,-826.3766506527987,3.9006956953394734
2024-03-04,Beauty,664.5000006959588,15,4.584791501152592,56.378827970454836,564.825000591565,5,0,3,0,-508.4461726211101,10.018388478872954
2024-01-22,Beauty,414.3277628069945,20,3.8838272133929586,173.60629687636535,331.4622102455956,73,0,1,0,-157.85591336923025,1.9092752752029967
2024-02-29,Home & Kitchen,2860.621895233382,50,4.0402770010393025,189.96625675808855,1430.310947616691,5,3,2,0,-1240.3446908586025,7.529289527656021
2024-03-04,Sports,231.9067789297528,20,3.6858139263757277,175.32939002404697,185.52542314380224,126,0,3,0,-10.19603311975527,1.05815358804566
2024-04-02,Home & Kitchen,609.2938585087381,30,3.4791663571970224,44.22164809371645,426.5057009561167,5,1,4,0,-382.28405286240024,9.644726493509404
2024-03-12,Sports,1053.2497070876423,30,4.788692203045828,109.0455167164126,737.2747949613496,5,1,3,0,-628.229278244937,6.7611655862820195
2024-01-11,Apparel,1866.4010241489445,20,2.814031758800755,30.124748076630212,1493.1208193191558,5,3,1,0,-1462.9960712425257,49.56459106383266
2024-01-14,Electronics,1641.2312395491538,5,3.5461169742905696,131.72262465841322,1559.169677571696,5,6,1,1,-1427.4470529132827,11.836764425359563
2024-02-29,Home & Kitchen,390.04582485075724,10,3.3614047699696883,70.63668472511964,351.0412423656815,27,3,2,0,-280.40455764056185,4.969673247431516
2024-01-30,Home & Kitchen,879.8380314585706,5,3.745376800627871,180.68159731889205,835.8461298856421,5,1,1,0,-655.16453256675,4.626072285659642
2024-02-04,Sports,727.6740366917819,20,3.6440796863629377,219.37847618548466,582.1392293534255,5,6,2,1,-362.7607531679409,2.653584068389765
2024-03-25,Apparel,652.425420653669,10,3.7972238291277036,171.97535876038842,587.1828785883021,5,0,3,0,-415.20751982791364,3.41434309438725
2024-02-06,Apparel,1242.2658443927614,30,2.849797443067485,143.09982550036173,869.5860910749329,5,1,2,0,-726.4862655745712,6.0767795350856995
2024-01-05,Sports,2116.533885986096,10,3.7828537537831926,129.26335915272426,1904.8804973874862,5,4,1,0,-1775.617138234762,14.736430415187305
2024-03-23,Apparel,664.0970026684492,20,3.106047034718027,263.29907158861613,531.2776021347594,5,5,3,1,-267.97853054614325,2.0177724096378067
2024-03-18,Beauty,1109.5364559133995,30,2.9608283724704783,79.71357919425466,776.6755191393796,5,0,3,0,-696.961939945125,9.743327636144562
2024-01-26,Electronics,1181.8885191208694,10,2.662085546965478,231.5944101610163,1063.6996672087826,5,4,1,0,-832.1052570477663,4.592941886936062
2024-03-02,Home & Kitchen,2929.7227403646993,10,4.4066313968903525,238.4572857983351,2636.7504663282293,5,5,3,1,-2398.293180529894,11.057537862601299
2024-01-04,Electronics,2864.6790752840207,5,3.5686048021414,138.66400214486669,2721.4451215198196,5,3,1,0,-2582.781119374953,19.626183287834426
2024-03-29,Home & Kitchen,2403.4106845149468,10,4.066609208279396,102.70367677156361,2163.069616063452,5,4,3,0,-2060.3659392918885,21.06126756177008
2024-02-11,Beauty,736.3518786452677,50,4.318983358261859,153.8097383835627,368.17593932263384,111,6,2,1,-214.36620093907115,2.393710198014224
2024-03-29,Apparel,218.09138256363403,20,4.198291663283884,42.498108138346055,174.47310605090723,120,4,3,0,-131.97499791256118,4.1054323049613615
2024-01-18,Sports,960.9588510960649,0,3.6762517977242055,28.549359507581542,960.9588510960649,5,3,1,0,-932.4094915884833,33.65955901185361
2024-02-09,Beauty,811.3817300599851,0,3.469746322379325,47.92294383830808,811.3817300599851,5,4,2,0,-763.458786221677,16.930965943945044
2024-03-12,Electronics,1525.1885134369857,0,3.4398997741016593,70.20778428135671,1525.1885134369857,5,1,3,0,-1454.980729155629,21.7239231952516
2024-02-08,Sports,2336.517811552362,20,4.100121992325141,163.73216199972268,1869.2142492418898,5,3,2,0,-1705.4820872421672,11.416292476764925
2024-01-14,Apparel,2577.0939725533913,0,3.7369858873546837,265.49530766753105,2577.0939725533913,5,6,1,1,-2311.59866488586,9.706740187591492
2024-02-01,Beauty,2536.9192949503677,5,4.6228306199712765,84.51448793990765,2410.0733302028493,5,3,2,0,-2325.5588422629417,28.516688545950654
2024-02-20,Sports,1088.6315502508573,20,4.6867549608167804,290.87279317029953,870.905240200686,5,1,2,0,-580.0324470303865,2.9941103487488787
2024-02-07,Beauty,2066.3945152301385,50,2.926400945016296,296.697833135826,1033.1972576150692,5,2,2,0,-736.4994244792433,3.482321548139111
2024-04-06,Beauty,948.8100796097968,30,2.840584128864314,297.8768584293355,664.1670557268577,5,5,4,1,-366.2901972975222,2.2296698683775604
2024-01-23,Apparel,196.8030465570204,50,4.076002315089999,262.08100672951554,98.4015232785102,255,1,1,0,163.67948345100535,0.375462245457821
2024-03-03,Home & Kitchen,2109.1723178247826,20,3.2530643701556983,122.32838703532758,1687.3378542598261,5,6,3,1,-1565.0094672244986,13.793510199497153
2024-01-15,Sports,44.33524442081672,20,2.546426796912747,36.4417537457738,35.468195536653376,214,0,1,0,0.9735582091204265,0.9732845401483091
2024-04-06,Apparel,1236.4100235635883,10,4.721606673407388,182.80152587111598,1112.7690212072296,5,5,4,1,-929.9674953361136,6.08730707199778
2024-01-25,Beauty,998.1971188666961,10,3.0672519181095206,179.81102596148395,898.3774069800265,5,3,1,0,-718.5663810185426,4.996230916186762
2024-01-17,Apparel,2084.7319524787745,10,4.823201629214523,265.7428512973307,1876.2587572308971,5,2,1,0,-1610.5159059335665,7.0604298406191734
2024-04-06,Home & Kitchen,2302.242736189731,15,4.293586127195634,308.81736002910105,1956.9063257612715,5,5,4,1,-1648.0889657321704,6.336775644921207
2024-03-06,Sports,922.7224883742822,5,4.406633724778711,164.90640543524353,876.586363955568,5,2,3,0,-711.6799585203245,5.315659883810828
2024-03-18,Home & Kitchen,2437.706638117888,20,3.003653739482901,116.83518915673635,1950.1653104943105,5,0,3,0,-1833.3301213375742,16.691592015810677
2024-02-22,Electronics,892.3415301072273,50,3.0854860640420325,69.84100490909876,446.17076505361365,32,3,2,0,-376.3297601445149,6.388378369330813
2024-02-20,Sports,1347.2841845598853,20,3.8031693845601646,16.415948321124368,1077.8273476479083,5,1,2,0,-1061.4113993267838,65.65733069840009
2024-02-08,Home & Kitchen,2185.15030313719,10,2.9302496316246556,165.18853928421936,1966.635272823471,5,3,2,0,-1801.4467335392517,11.905397803898044
2024-02-20,Beauty,2083.366884235994,20,3.2635792317075807,178.87800667726574,1666.6935073887953,5,1,2,0,-1487.8155007115295,9.31748703123614
2024-03-10,Sports,2962.294889851917,30,3.303656194869511,258.35685154613225,2073.606422896342,5,6,3,1,-1815.2495713502096,8.026132887465065
2024-01-06,Sports,687.1056572845566,20,2.8990748331319103,163.85020552837616,549.6845258276453,5,5,1,1,-385.83432029926917,3.3547991231078984
2024-03-07,Apparel,1992.0189719156533,50,3.012957083487902,285.3581628564867,996.0094859578267,5,3,3,0,-710.65132310134,3.49038371984033
2024-01-07,Beauty,1834.9004962031954,0,4.471379605020641,200.28462558857348,1834.9004962031954,5,6,1,1,-1634.615870614622,9.161464544824648
2024-02-20,Electronics,2746.5688866527394,30,2.917989636368171,262.89919027521955,1922.5982206569174,5,1,2,0,-1659.6990303816979,7.313062541745449
2024-03-12,Home & Kitchen,481.74099280995205,30,2.5711434796098063,58.7490117682854,337.21869496696644,45,1,3,0,-278.469683198681,5.739989232448807
2024-02-11,Apparel,2259.117518306995,20,4.073387356572346,267.32415843918284,1807.294014645596,5,6,2,1,-1539.9698562064132,6.760683453369073
2024-03-04,Home & Kitchen,1711.2818195622735,15,4.9399577984811245,214.16743706093527,1454.5895466279326,5,0,3,0,-1240.4221095669973,6.791833373875929
2024-01-15,Electronics,834.8776213168977,10,3.3280345365578032,65.21874456930752,751.3898591852079,5,0,1,0,-686.1711146159004,11.521072111204333
2024-01-29,Electronics,1431.1882187293147,5,2.7966392579906305,70.9802496530732,1359.6288077928489,5,0,1,0,-1288.6485581397756,19.15502994760151
2024-02-02,Sports,1011.3231422533464,5,3.925968313418827,288.3176826180453,960.756985140679,5,4,2,0,-672.4393025226337,3.3322860270539194
2024-04-03,Electronics,1744.2505073235557,0,4.7658855277391154,24.50353133286,1744.2505073235557,5,2,4,0,-1719.7469759906958,71.18363813074001
2024-01-27,Home & Kitchen,2668.6668232817774,5,4.460154449571197,151.4478082722333,2535.2334821176883,5,5,1,1,-2383.7856738454548,16.739981324526717
2024-02-05,Beauty,1714.375378470423,5,4.05628967103179,107.47521053055996,1628.6566095469018,5,0,2,0,-1521.1813990163419,15.153788501617335
2024-01-29,Beauty,1900.6914187048533,10,3.2876412415189984,211.19784479953628,1710.622276834368,5,0,1,0,-1499.4244320348316,8.099619948574986
2024-02-07,Sports,1563.4623236374077,10,3.85470043319055,262.6906693328526,1407.116091273667,5,2,2,0,-1144.4254219408144,5.356551471155319
2024-02-26,Home & Kitchen,167.72903673974557,15,2.7281121032606386,121.31154585918802,142.56968122878374,155,0,2,0,-21.25813536959572,1.1752358789844375
2024-04-06,Home & Kitchen,710.0827922751413,50,4.197363560701675,140.936115760237,355.04139613757064,84,5,4,1,-214.10528037733366,2.5191654688537986
2024-01-27,Electronics,1483.625162354767,0,4.312740047244127,304.6657464279172,1483.625162354767,5,5,1,1,-1178.95941592685,4.869681543625014
2024-02-24,Home & Kitchen,941.0523219779437,5,4.912579057274797,246.25537035536482,893.9997058790465,5,5,2,1,-647.7443355236817,3.6303764851460434
2024-02-02,Apparel,557.5643393171647,15,3.1509933968626793,279.6752186248785,473.92968841959,5,4,2,0,-194.2544697947115,1.6945716204311267
2024-03-08,Electronics,1519.8365331265384,0,2.5461410476075566,144.43485509223078,1519.8365331265384,5,4,3,0,-1375.4016780343077,10.522643804752162
2024-03-26,Apparel,978.5872334418332,30,3.8640211610678765,84.05248017531399,685.0110634092832,5,1,3,0,-600.9585832339692,8.149801909241809
2024-03-06,Sports,785.4513148726429,5,4.2669762609920365,136.49972228900324,746.1787491290107,5,2,3,0,-609.6790268400075,5.46652210433929
2024-01-10,Beauty,1399.9964710595366,5,4.47601868970747,226.24711576029648,1329.9966475065596,5,2,1,0,-1103.749531746263,5.878513160431446
2024-01-05,Sports,412.8535103752868,10,2.9843473325620264,47.2819694266139,371.5681593377581,15,4,1,0,-324.2861899111442,7.8585592741534835
2024-03-14,Beauty,2784.321013230091,20,3.154382172592559,94.7883861568701,2227.456810584073,5,3,3,0,-2132.668424427203,23.499258726672927
2024-04-06,Sports,2605.0907622889285,0,3.781477313168241,28.757590636169162,2605.0907622889285,5,5,4,1,-2576.3331716527596,90.58793538191752
2024-02-07,Home & Kitchen,2127.247448435498,5,3.326502024925005,142.5425828097488,2020.885076013723,5,2,2,0,-1878.342493203974,14.177413066178215
2024-01-13,Apparel,332.0482753515418,0,4.651278716468612,259.0964921139859,332.0482753515418,95,5,1,1,-72.9517832375559,1.281562218933716
2024-01-31,Beauty,2330.9936045920335,50,3.6844003843468007,22.275788047913185,1165.4968022960168,5,2,1,0,-1143.2210142481035,52.321237739789034
2024-02-16,Electronics,2426.7526244054216,15,4.4989466102550075,214.22044040811397,2062.739730744608,5,4,2,0,-1848.5192903364941,9.629051862720745
2024-04-09,Apparel,2306.777383877298,15,3.9515494012058845,290.0862829815532,1960.760776295703,5,1,4,0,-1670.6744933141497,6.759232998343424
2024-03-28,Electronics,355.18817305093484,20,4.4327253540427805,84.89371914579877,284.1505384407479,67,3,3,0,-199.2568192949491,3.347132641847627
2024-02-21,Apparel,1937.0652518472778,5,3.3316824663258098,219.6222780146562,1840.2119892549138,5,2,2,0,-1620.5897112402577,8.378985983981597
2024-02-25,Apparel,2505.459515311955,50,4.578541554825778,302.6550608245591,1252.7297576559774,5,6,2,1,-950.0746968314184,4.1391336865242465
2024-01-15,Sports,1738.3999026407082,10,3.186430788877554,298.87202774497666,1564.5599123766374,5,0,1,0,-1265.6878846316608,5.234882381537742
2024-01-29,Beauty,1944.5260150558456,5,3.865247020008227,84.30411194359726,1847.2997143030532,5,0,1,0,-1762.995602359456,21.91233228978165
2024-01-08,Beauty,1383.214986087524,0,3.035017782934686,44.597660697560265,1383.214986087524,5,0,1,0,-1338.6173253899638,31.015415706842074
2024-01-05,Apparel,1593.191349853897,30,3.688816304065483,58.7433486792952,1115.2339448977277,5,4,1,0,-1056.4905962184325,18.984854795838448
2024-01-29,Home & Kitchen,117.61492217989976,15,3.2954380237717578,222.10052220223193,99.9726838529148,177,0,1,0,122.12783834931713,0.450123587561336
2024-02-16,Home & Kitchen,1922.3046205902544,0,3.1667585765930357,229.0988682587163,1922.3046205902544,5,4,2,0,-1693.2057523315382,8.390720718966792
2024-03-08,Electronics,258.11993048011016,20,4.9174625450700935,213.8997856803187,206.49594438408815,168,4,3,0,7.403841296230553,0.9653864015212438
2024-03-16,Electronics,1313.5185641055668,15,2.9001852637168266,114.14312438396023,1116.4907794897317,5,5,3,1,-1002.3476551057715,9.781498320775112
2024-02-14,Sports,888.5754665372124,10,4.468314593643488,65.08419722864603,799.7179198834912,5,2,2,0,-734.6337226548451,12.28743618168966
2024-01-02,Apparel,1643.1024313819635,15,4.960412398708037,186.32452212591468,1396.6370666746689,5,1,1,0,-1210.3125445487542,7.495723325837097
2024-01-27,Electronics,413.24776153677317,30,2.5497537093501945,157.68573149857062,289.2734330757412,51,5,1,1,-131.58770157717058,1.8344933959884848
2024-04-04,Electronics,2079.555554890355,50,4.247568535105238,230.0060734010795,1039.7777774451774,5,3,4,0,-809.771704044098,4.520653572621258
2024-02-05,Apparel,2388.109437731484,5,3.132279513890718,145.20122321225833,2268.70396584491,5,0,2,0,-2123.5027426326515,15.624551334037102
2024-02-05,Sports,502.6130324833221,30,2.601219560820761,114.89870993250817,351.82912273832545,48,0,2,0,-236.9304128058173,3.0620807052141044
2024-01-26,Electronics,326.3745657453683,50,3.507223947391577,101.57618032090924,163.18728287268414,167,4,1,0,-61.61110255177489,1.6065506928605424
2024-02-12,Sports,449.36371612026704,30,4.838044525427188,77.38374441467522,314.5546012841869,77,0,2,0,-237.17085686951168,4.064866641740511
2024-01-27,Beauty,2633.2257722670274,5,2.5294127359174943,93.39518097506512,2501.564483653676,5,5,1,1,-2408.1693026786106,26.784727622312225
2024-03-09,Sports,1591.6449463427232,15,3.9697142298244543,42.9749794590099,1352.8982043913147,5,5,3,1,-1309.9232249323047,31.481066923643947
2024-01-20,Home & Kitchen,1409.7740730823953,20,3.753491196488311,117.32281822402241,1127.8192584659162,5,5,1,1,-1010.4964402418938,9.612957441172256
2024-01-11,Home & Kitchen,333.53478002052753,5,4.683460410927619,25.78809464707267,316.8580410195011,53,3,1,0,-291.06994637242843,12.286989223357345
2024-03-14,Sports,1953.924680169531,5,2.7100042863015643,69.99208491406641,1856.2284461610543,5,3,3,0,-1786.2363612469878,26.52054797967599
2024-02-07,Home & Kitchen,2605.9787818068435,50,4.203815074716626,235.2972811627316,1302.9893909034217,5,2,2,0,-1067.69210974069,5.537630458221378
2024-01-06,Beauty,2487.134819930507,10,4.200274246083193,111.01335165960369,2238.4213379374564,5,5,1,1,-2127.4079862778526,20.16353262444547
2024-03-12,Apparel,1883.7733063076919,15,4.172700042155708,212.12992000831642,1601.207310361538,5,1,3,0,-1389.0773903532215,7.5482388825619875
2024-01-23,Home & Kitchen,239.70696920524577,5,4.855836237337592,226.4808318011968,227.72162074498348,131,1,1,0,-1.2407889437866686,1.0054785605206353
2024-02-16,Home & Kitchen,350.5051261203987,20,4.5577188225172005,186.44967610597348,280.404100896319,122,4,2,0,-93.95442479034551,1.503913049100413
2024-03-30,Sports,162.18732652282665,0,2.604931815608765,297.81583370279253,162.18732652282665,140,5,3,1,135.62850717996588,0.5445893339730307
2024-02-15,Beauty,783.5754612300209,15,3.677707126761283,21.32476065381841,666.0391420455178,5,3,2,0,-644.7143813916994,31.23313564254504
2024-01-12,Apparel,419.9494794737276,10,3.4948826405033335,232.90253192350193,377.95453152635486,52,4,1,0,-145.05199960285293,1.6228012997750323
2024-03-30,Sports,791.2434001535152,30,3.2753680527270053,297.84205996242036,553.8703801074606,5,5,3,1,-256.02832014504025,1.8596110306829872
2024-01-13,Sports,1164.3982963211006,5,3.6283418128852434,269.37016015911706,1106.1783815050455,5,5,1,1,-836.8082213459285,4.106536450999715
2024-03-02,Beauty,2829.80361045234,20,3.460485462314944,64.52834408247892,2263.842888361872,5,5,3,1,-2199.3145442793934,35.08292240489343
2024-03-22,Apparel,1836.9725384483509,15,3.5808347496966633,111.41199034426097,1561.4266576810983,5,4,3,0,-1450.0146673368372,14.014888818127377
2024-03-29,Beauty,2507.3967502636424,20,4.948154664021606,65.87329276355729,2005.917400210914,5,4,3,0,-1940.0441074473565,30.4511481976598
2024-04-06,Apparel,2135.399229626312,20,2.721582436873952,192.3859673253377,1708.3193837010494,5,5,4,1,-1515.9334163757117,8.879646511910952
2024-02-29,Beauty,350.82184462199575,50,4.8055771745968245,225.09545468395024,175.41092231099788,181,3,2,0,49.68453237295236,0.7792734978024638
2024-02-12,Sports,2211.7224130262375,30,3.7005917836775666,108.53676196210218,1548.205689118366,5,0,2,0,-1439.6689271562639,14.264343814300943
2024-03-16,Sports,836.1701614539865,10,4.059355613748853,174.15443932536715,752.5531453085878,5,5,3,1,-578.3987059832207,4.321182671103875
2024-04-09,Electronics,1922.7369232791984,15,4.575457416544235,218.82156817100253,1634.3263847873186,5,1,4,0,-1415.504816616316,7.468762784435131
2024-03-08,Home & Kitchen,1032.7714913243208,5,3.4011575728731387,139.29524590025926,981.1329167581047,5,4,3,0,-841.8376708578454,7.043549192343818
2024-01-05,Beauty,2993.0517058450077,10,3.5760547702199172,266.9345814843605,2693.7465352605072,5,4,1,0,-2426.8119537761468,10.09141086284593
2024-02-06,Electronics,801.7011662978817,5,3.523796200696785,242.60723090990606,761.6161079829876,5,1,2,0,-519.0088770730815,3.139296817850492
2024-03-12,Home & Kitchen,848.204455261195,0,3.4368275563393995,34.076335435918345,848.204455261195,5,1,3,0,-814.1281198252766,24.891304901498902
2024-04-01,Beauty,2793.056682853759,20,4.813823304117237,198.23196323179457,2234.4453462830074,5,0,4,0,-2036.213383051213,11.271872153484393
2024-01-31,Apparel,88.56354783942317,0,4.57232472798253,84.42103753312614,88.56354783942317,158,2,1,0,-4.1425103062970265,1.049069644573742
2024-01-09,Home & Kitchen,2094.616628801493,50,2.7724999746574404,179.4678880768462,1047.3083144007464,5,1,1,0,-867.8404263239003,5.835630683703707
2024-02-20,Sports,2180.099276346596,20,2.77030838119274,297.28209057672507,1744.079421077277,5,1,2,0,-1446.7973305005519,5.866749045305002
2024-01-29,Electronics,2511.590053570042,30,3.569673787132478,274.3232913429138,1758.1130374990294,5,0,1,0,-1483.7897461561156,6.408909097337003
2024-03-18,Home & Kitchen,2923.701342255849,10,2.7466434418320227,134.33233891896384,2631.331208030264,5,0,3,0,-2496.9988691113003,19.588218512428476
2024-02-09,Home & Kitchen,2927.1717286826074,5,4.0477327381778,100.99658821158425,2780.813142248477,5,4,2,0,-2679.8165540368927,27.53373348040998
2024-02-10,Sports,209.85112133589473,50,2.859229018154335,84.1496946004364,104.92556066794737,226,5,2,1,-20.77586606751096,1.246891758385576
2024-03-26,Beauty,2468.1903784174137,30,3.8059331599170028,172.09188657817342,1727.7332648921895,5,1,3,0,-1555.641378314016,10.039597445562082
2024-01-11,Apparel,1944.2351519672832,5,2.518049867509294,48.70329371112662,1847.0233943689188,5,3,1,0,-1798.3201006577922,37.923993504918805
2024-01-23,Sports,1947.316271103677,10,3.291490871031617,177.03612739783333,1752.5846439933093,5,1,1,0,-1575.548516595476,9.899587557374227
2024-01-01,Apparel,398.124530944864,15,4.192976809181639,15.393423649783644,338.4058513031344,51,0,1,0,-323.01242765335076,21.983793794169415
2024-02-15,Beauty,1955.8086918402753,50,3.710097350569621,110.53564107002423,977.9043459201376,5,3,2,0,-867.3687048501134,8.846959554888148
2024-01-21,Home & Kitchen,2947.7105030947246,0,4.94567371499747,79.88062258002147,2947.7105030947246,5,6,1,1,-2867.8298805147033,36.901446281816554
2024-03-30,Apparel,2736.778430075249,0,4.685259490165527,301.5095430384307,2736.778430075249,5,5,3,1,-2435.2688870368183,9.076921421775419
2024-02-05,Electronics,1325.8050225024788,5,3.397676947607878,229.5364842731438,1259.5147713773547,5,0,2,0,-1029.978287104211,5.487209475067839
2024-02-23,Electronics,134.2447002589916,5,2.6137163536806867,118.14774723636012,127.53246524604201,112,4,2,0,-9.38471800968189,1.0794320520636531
2024-03-27,Sports,1096.4460676506114,5,4.614065750287547,42.38930052653305,1041.6237642680808,5,2,3,0,-999.2344637415478,24.572799063199675
2024-02-26,Beauty,2481.7750801276575,50,4.778085775786678,167.45617543373407,1240.8875400638287,5,0,2,0,-1073.4313646300948,7.410222626008045
2024-01-01,Sports,2108.974817873521,10,4.551568483547592,77.96712499118249,1898.0773360861688,5,0,1,0,-1820.1102110949862,24.34458544291363
2024-03-03,Sports,1386.14081194796,15,2.819874852299412,173.24671604001554,1178.2196901557659,5,6,3,1,-1004.9729741157503,6.800819762053252
2024-02-23,Sports,179.47808244911081,0,4.994787836030719,261.43189448277326,179.47808244911081,157,4,2,0,81.95381203366244,0.6865194577891769
2024-02-24,Electronics,1289.2807625525584,30,3.1464605538819344,196.6588028699087,902.4965337867908,5,5,2,1,-705.837730916882,4.589148925023199
2024-02-09,Electronics,1415.0394450578822,20,4.310512282020925,201.96758376577566,1132.0315560463057,5,4,2,0,-930.06397228053,5.605016086933718
2024-01-15,Sports,2786.738265688996,50,4.770087190839304,174.60393527352937,1393.369132844498,5,0,1,0,-1218.7651975709687,7.980170267420874
2024-01-21,Electronics,1928.642019192746,50,3.0892177858267735,288.5433616262657,964.321009596373,5,6,1,1,-675.7776479701072,3.342031520535914
2024-02-16,Beauty,945.283956214127,10,4.770646386692665,289.911291904078,850.7555605927143,5,4,2,0,-560.8442686886364,2.9345375097504003
2024-03-13,Sports,1583.0750193854033,0,3.2737039479871672,166.2533443166979,1583.0750193854033,5,2,3,0,-1416.8216750687054,9.522064208042549
2024-02-22,Electronics,212.1750938491478,15,4.9410330559601405,105.1990487073338,180.34882977177563,155,3,2,0,-75.14978106444183,1.714357990760071
2024-01-09,Apparel,2918.1161834144646,10,3.2031500509511863,150.57816673443594,2626.3045650730182,5,1,1,0,-2475.7263983385824,17.441469915786968
2024-03-14,Sports,1089.7788072632172,30,4.883589561894588,70.03458409770663,762.845165084252,5,3,3,0,-692.8105809865453,10.89240658615166
2024-02-21,Sports,1441.4340544157103,0,2.6338616272316875,202.72157301883635,1441.4340544157103,5,2,2,0,-1238.712481396874,7.11041273481918
2024-02-26,Beauty,1075.522663097214,10,4.273180029174533,162.5272390557588,967.9703967874926,5,0,2,0,-805.4431577317339,5.95574257220605
2024-01-26,Home & Kitchen,2052.2975143968574,0,3.8302778345925095,45.47364095491757,2052.2975143968574,5,4,1,0,-2006.82387344194,45.13158549216455
2024-02-10,Home & Kitchen,1991.7629926138352,0,3.694692692806827,73.30609543028652,1991.7629926138352,5,5,2,1,-1918.4568971835488,27.170496272141314
2024-02-04,Beauty,2150.2370969294698,50,3.0587357856396,156.4914270788604,1075.1185484647349,5,6,2,1,-918.6271213858745,6.870143422763681
2024-03-03,Beauty,815.4075403915837,15,4.26398947444123,276.8387522620632,693.0964093328461,5,6,3,1,-416.25765707078284,2.503610508534375
2024-01-25,Beauty,957.2704162747369,50,2.9770237286157677,182.08526258617374,478.63520813736847,21,3,1,0,-296.5499455511947,2.62863233047677
2024-03-30,Home & Kitchen,388.87492482218073,20,3.882104489961921,216.05282506149888,311.09993985774463,80,5,3,1,-95.04711479624575,1.4399253505210627
2024-03-15,Beauty,1971.697265960646,15,3.133113407600627,115.01342217445337,1675.9426760665492,5,4,3,0,-1560.9292538920959,14.571713843315301
2024-02-07,Electronics,133.79442509692285,0,4.889053449453391,183.56636094804912,133.79442509692285,186,2,2,0,49.77193585112627,0.7288613469588137
2024-01-02,Sports,1799.0817715375254,10,2.571577984589132,146.9770476782299,1619.1735943837728,5,1,1,0,-1472.196546705543,11.016506454317652
2024-01-07,Sports,2611.042216282127,30,2.9993207002780915,209.4433242238324,1827.7295513974886,5,6,1,1,-1618.2862271736562,8.726606866897276
2024-03-22,Apparel,2674.133962644556,15,3.1057765159686195,29.91979199330806,2273.013868247873,5,4,3,0,-2243.0940762545647,75.97024300022744
2024-03-31,Apparel,1355.3777147043356,20,3.535169564419541,160.52356379049294,1084.3021717634686,5,6,3,1,-923.7786079729756,6.754785068057943
2024-02-03,Sports,1386.0215093160252,0,3.081825604675134,102.31782441747025,1386.0215093160252,5,5,2,1,-1283.703684898555,13.54623710196255
2024-03-31,Electronics,244.75301127893184,30,3.728372725671963,111.22459307698323,171.32710789525228,154,6,3,1,-60.10251481826906,1.5403707323673423
2024-01-17,Home & Kitchen,2017.2336009474616,15,4.681163808146348,298.47064230962815,1714.6485608053424,5,2,1,0,-1416.1779184957143,5.744781287489563
2024-02-12,Home & Kitchen,2466.459369812944,50,4.280158553522927,68.89496974985792,1233.229684906472,5,0,2,0,-1164.334715156614,17.90014117698361
2024-02-28,Electronics,745.2953379950684,50,3.9499049513377775,106.81734951068609,372.6476689975342,65,2,2,0,-265.8303194868481,3.488643658587075
2024-02-20,Home & Kitchen,1272.5831316755934,15,2.722507944956699,165.41830984060718,1081.6956619242544,5,1,2,0,-916.2773520836472,6.539153150377056
2024-02-23,Beauty,2518.935420244332,15,4.234980270973189,269.59294970413896,2141.095107207682,5,4,2,0,-1871.502157503543,7.941955119959172
2024-01-24,Sports,2633.20459597193,15,2.91603571077735,137.91767454587927,2238.2239065761405,5,2,1,0,-2100.306232030261,16.228695226670023
2024-01-25,Sports,740.8922410887144,30,4.465918464904245,234.44025786201047,518.6245687621,5,3,1,0,-284.18431090008954,2.2121822143164422
2024-03-11,Electronics,1658.4533441059723,50,3.125141896275383,267.6303589733667,829.2266720529861,5,0,3,0,-561.5963130796194,3.0984028689193175
2024-02-21,Home & Kitchen,589.5920546479438,10,3.5426218208022524,106.45482496744543,530.6328491831495,5,2,2,0,-424.178024215704,4.984582421185892
2024-03-10,Apparel,319.1081109565763,20,3.3761755057948197,130.86130414391943,255.28648876526105,89,6,3,1,-124.42518462134163,1.95081724452708
2024-03-28,Apparel,2734.694696654993,20,4.647034786687142,120.18408598806509,2187.7557573239947,5,3,3,0,-2067.5716713359298,18.203373095014012
2024-02-02,Home & Kitchen,2464.2149001328457,0,2.81636114678352,260.69246354228676,2464.2149001328457,5,4,2,0,-2203.5224365905588,9.452574373072073
2024-02-18,Apparel,2283.704181882474,5,3.9141122059619713,28.08232427631234,2169.5189727883503,5,6,2,1,-2141.436648512038,77.25567696753492
2024-01-29,Electronics,160.56746165722416,10,2.8551540236076556,105.98422120446061,144.51071549150174,149,0,1,0,-38.52649428704113,1.3635116043615334
2024-03-03,Electronics,2533.5304462401186,50,4.261989590330467,215.4255244905633,1266.7652231200593,5,6,3,1,-1051.339698629496,5.88029309022548
2024-01-22,Home & Kitchen,1322.5615665775704,0,4.762695319486203,181.8058323717761,1322.5615665775704,5,0,1,0,-1140.7557342057944,7.2745827200584765
2024-01-26,Apparel,1037.049443038141,0,3.5865191346681335,143.70536099163982,1037.049443038141,5,4,1,0,-893.3440820465011,7.216497950264166
2024-01-28,Electronics,1646.2319376607486,15,3.7202306506624394,174.28472703030837,1399.2971470116363,5,6,1,1,-1225.0124199813279,8.028799601977152
2024-03-25,Electronics,287.68942952981416,5,4.818557091206905,73.28745281935389,273.30495805332345,86,0,3,0,-200.01750523396956,3.729218952758426
2024-02-18,Beauty,2273.5899498169106,50,3.8024784716233926,142.06140337436307,1136.7949749084553,5,6,2,1,-994.7335715340922,8.002138145240972
2024-03-11,Beauty,1753.5687045115633,5,3.7189960951239023,163.00238033202297,1665.8902692859851,5,0,3,0,-1502.8878889539621,10.220036455251133
2024-03-21,Electronics,571.971439166405,10,3.9458227567607604,280.85079097660747,514.7742952497646,5,3,3,0,-233.9235042731571,1.83291025622442
2024-03-24,Home & Kitchen,576.8731163106011,5,4.22307434090738,91.94637302717302,548.029460495071,5,6,3,1,-456.083087467898,5.960316241436856
2024-02-18,Sports,564.9822249444326,0,2.7672084377175783,271.0094081386551,564.9822249444326,5,6,2,1,-293.9728168057775,2.084732883721047
2024-01-20,Sports,185.15212684252296,5,4.55277631935379,205.05121324366468,175.8945205003968,152,5,1,1,29.156692743267882,0.857807753087417
2024-03-26,Electronics,1769.578371374479,5,3.588762568633148,21.000545164942288,1681.099452805755,5,1,3,0,-1660.0989076408127,80.05027677148756
2024-04-01,Electronics,2523.4393101016967,20,2.680871274743714,228.76624438532113,2018.7514480813575,5,0,4,0,-1789.9852036960363,8.824516280824565
2024-03-03,Electronics,67.23216875235497,50,4.465456672995533,25.48780387697125,33.61608437617748,232,6,3,1,-8.128280499206234,1.318908625413204
2024-03-01,Home & Kitchen,161.27886523925153,50,3.4423749292156804,309.22743241007487,80.63943261962577,255,4,3,0,228.5879997904491,0.2607770985618366
2024-02-18,Beauty,1724.7192759105333,0,2.750918737737635,272.4278228689034,1724.7192759105333,5,6,2,1,-1452.29145304163,6.330921921805673
2024-03-11,Electronics,2461.194620877366,30,4.084447598858127,102.71640552431347,1722.8362346141562,5,0,3,0,-1620.1198290898428,16.77274653274693
2024-01-01,Electronics,990.3155883473713,5,4.700328383584104,90.9363129080281,940.7998089300027,5,0,1,0,-849.8634960219746,10.345699961263179
2024-04-05,Apparel,1058.5989804410506,5,4.719383773534966,127.52511922115463,1005.669031418998,5,4,4,0,-878.1439121978433,7.886046588789792
2024-01-13,Home & Kitchen,1795.0942950278761,15,4.894158687022433,120.0692547677607,1525.8301507736946,5,5,1,1,-1405.760896005934,12.707917224313356
2024-04-03,Electronics,833.5254740355788,50,4.66926364941672,124.83965642368742,416.7627370177894,37,2,4,0,-291.923080594102,3.33838420384111
2024-03-27,Apparel,94.42597274188714,5,2.5053522983636882,108.89158110524673,89.70467410479277,162,2,3,0,19.186907000453957,0.823798067713708
2024-02-20,Sports,2209.657126533264,50,3.4506029160334757,198.23435502025777,1104.828563266632,5,1,2,0,-906.5942082463743,5.5733455644140415
2024-02-25,Electronics,1882.5649901302374,5,4.546356449763758,63.457780797584064,1788.4367406237254,5,6,2,1,-1724.9789598261414,28.18309619632671
2024-03-23,Electronics,1748.5566571811426,20,3.4156325149961857,264.56448127157387,1398.8453257449141,5,5,3,1,-1134.2808444733403,5.287351193257902
2024-03-02,Apparel,2228.927125040592,0,4.0038712659492655,254.65873278923803,2228.927125040592,5,5,3,1,-1974.2683922513538,8.752604321192896
2024-02-01,Home & Kitchen,2030.564050122682,50,4.01579236843633,155.56254631730476,1015.282025061341,5,3,2,0,-859.7194787440362,6.526519712466297
2024-01-30,Electronics,629.5577347122886,10,3.4125632600970577,266.5553397571715,566.6019612410597,5,1,1,0,-300.0466214838882,2.125644760135838
2024-01-29,Sports,1067.1559251259032,0,4.761184818203219,87.90779565893652,1067.1559251259032,5,0,1,0,-979.2481294669667,12.139491351441007
2024-02-18,Electronics,391.4387729106956,15,3.758070863465294,20.18180943267025,332.72295697409123,43,6,2,1,-312.54114754142097,16.486279789932034
2024-02-14,Sports,402.6231850523749,0,3.661960514843752,197.66633788379778,402.6231850523749,43,2,2,0,-204.9568471685771,2.0368829076454342
2024-04-02,Beauty,2033.4443028742696,5,4.99378436415474,150.08327505459104,1931.772087730556,5,1,4,0,-1781.688812675965,12.871334844125013
2024-01-30,Beauty,2577.921319342757,15,3.7337509101815414,182.31354115728183,2191.2331214413434,5,1,1,0,-2008.9195802840616,12.019036586815936
2024-01-16,Sports,2888.7567628255,0,2.9459956298214527,280.30512566042887,2888.7567628255,5,1,1,0,-2608.451637165071,10.305757898715838
2024-02-09,Home & Kitchen,1890.6161458850916,15,3.782673557158595,301.12804420195334,1607.0237240023278,5,4,2,0,-1305.8956798003744,5.336679047151675
2024-01-19,Electronics,564.5424502324565,10,4.535041838799826,202.1636762279029,508.0882052092109,5,4,1,0,-305.924528981308,2.5132517111354544
2024-01-18,Electronics,330.3662811650581,0,4.442150817245704,240.39639900646932,330.3662811650581,90,3,1,0,-89.9698821585888,1.3742563637825858
2024-01-01,Beauty,2441.360150037222,50,4.471454412771178,39.723487878713456,1220.680075018611,5,0,1,0,-1180.9565871398975,30.72942836101596
2024-03-18,Sports,1742.5880819345978,50,4.27005945999478,62.411097542994156,871.2940409672989,5,0,3,0,-808.8829434243047,13.960562708692573
2024-02-16,Electronics,1860.5807877259538,30,3.1355445726667206,231.2954174611281,1302.4065514081676,5,4,2,0,-1071.1111339470394,5.630922418197292
2024-03-06,Electronics,2347.664334932807,5,4.6552102146005785,142.25280963446056,2230.2811181861666,5,2,3,0,-2088.0283085517062,15.67829221733617
2024-04-01,Home & Kitchen,2114.282524781368,15,4.733608663440663,146.55975476929967,1797.1401460641628,5,0,4,0,-1650.5803912948631,12.262166710725252
2024-04-03,Apparel,2505.8578847754484,30,2.9853817415463726,106.0392660824538,1754.1005193428139,5,2,4,0,-1648.06125326036,16.54199037910036
2024-02-07,Beauty,182.79850779773724,30,2.8261390913784847,194.17013312593443,127.95895545841606,154,2,2,0,66.21117766751837,0.6590043144041351
2024-02-20,Beauty,2246.349100688317,20,4.93901242147278,69.62368839777977,1797.0792805506535,5,1,2,0,-1727.4555921528738,25.811319708939184
2024-03-03,Apparel,2554.795480606455,15,4.67080990912592,199.9403023975992,2171.5761585154864,5,6,3,1,-1971.6358561178872,10.861122707502526
2024-01-04,Electronics,869.1131017380683,30,4.733090368024866,66.2706628548957,608.3791712166477,5,3,1,0,-542.108508361752,9.180218591577043
2024-01-01,Home & Kitchen,1926.7351128698597,20,4.715940961560988,33.82868023936551,1541.3880902958879,5,0,1,0,-1507.5594100565224,45.56453516333802
2024-01-08,Home & Kitchen,952.7737605533617,30,3.854217060084321,112.455518166223,666.9416323873531,5,0,1,0,-554.4861142211302,5.930715035268717
2024-01-29,Beauty,2874.543633450125,5,4.1160043416645,83.18640089290507,2730.8164517776186,5,0,1,0,-2647.6300508847135,32.82767883290559
2024-02-24,Home & Kitchen,114.76936371997871,10,3.863407130334104,277.25253337411806,103.29242734798085,133,5,2,1,173.96010602613723,0.372557199355147
2024-01-03,Apparel,1745.6816388413708,20,2.6280158729758227,31.211268891244845,1396.5453110730969,5,2,1,0,-1365.334042181852,44.74490658932631
2024-02-01,Electronics,512.0130879428025,10,4.363757713381932,67.10103930936624,460.81177914852225,5,3,2,0,-393.710739839156,6.867431322843911
2024-01-10,Apparel,2140.9773124538187,15,3.7633300833397008,176.8722836469996,1819.8307155857458,5,2,1,0,-1642.9584319387461,10.288953577473736
2024-03-14,Sports,540.0324960047063,5,4.119272686975575,156.91482130000472,513.0308712044709,5,3,3,0,-356.1160499044662,3.2694863809175145
2024-03-23,Beauty,717.6190367665973,20,3.7565995124388385,28.526345420536956,574.0952294132779,5,5,3,1,-545.568883992741,20.125088613698477
2024-02-03,Home & Kitchen,1490.696870971588,15,3.7295283058061397,17.13946626446762,1267.0923403258498,5,5,2,1,-1249.952874061382,73.9283429702067
2024-04-06,Sports,2745.7823257406812,30,2.929472773694417,306.4800428785392,1922.0476280184766,5,5,4,1,-1615.5675851399374,6.271363087678115
2024-03-27,Home & Kitchen,646.9674008616929,50,3.1967842878528723,209.35623660585725,323.48370043084645,83,2,3,0,-114.1274638249892,1.5451352473432656
2024-02-24,Electronics,445.556463037539,0,2.8971317298598893,122.79480861595927,445.556463037539,5,5,2,1,-322.76165442157975,3.6284633532922124
2024-04-01,Electronics,2280.5458430842814,15,2.989165739063356,153.7775130606562,1938.4639666216392,5,0,4,0,-1784.686453560983,12.605639979735068
2024-02-01,Electronics,1509.349304016784,10,4.932443451050762,93.63228553401464,1358.4143736151054,5,3,2,0,-1264.7820880810907,14.507969829718853
2024-02-19,Home & Kitchen,2736.6785604595875,5,2.882783614430496,116.73776618949688,2599.844632436608,5,0,2,0,-2483.106866247111,22.27081018679387
2024-01-07,Sports,452.6444531221292,5,3.1731760607630193,206.46811784412313,430.01223046602274,16,6,1,1,-223.54411262189961,2.0827052377678394
2024-04-02,Electronics,1943.0947606737723,15,3.9764741443464624,275.42948066587434,1651.6305465727064,5,1,4,0,-1376.2010659068321,5.996564138957631
2024-01-08,Sports,710.1442512631679,30,4.025446440591605,69.31835680894955,497.1009758842175,5,0,1,0,-427.782619075268,7.171274663279927
2024-03-05,Home & Kitchen,482.92987952514335,0,2.8849353243595726,262.90664408866905,482.92987952514335,5,1,3,0,-220.0232354364743,1.8368873148837892
2024-02-26,Sports,2055.0368042444525,10,4.484293564463031,50.85920570788937,1849.5331238200072,5,0,2,0,-1798.673918112118,36.36574928918137
2024-03-07,Home & Kitchen,1787.1485904275687,15,4.463007169782062,78.4227059585754,1519.0763018634334,5,3,3,0,-1440.653595904858,19.370363255073638
2024-03-28,Home & Kitchen,2268.1599632115585,15,3.0932942605097278,25.966709974645564,1927.9359687298247,5,3,3,0,-1901.9692587551792,74.24644749420706
2024-03-27,Beauty,938.7457906918544,50,3.221665756688651,56.53949931743484,469.3728953459272,11,2,3,0,-412.83339602849236,8.301681143490224
2024-02-28,Home & Kitchen,1352.195394300837,5,4.844969663648742,285.6044279118949,1284.5856245857951,5,2,2,0,-998.9811966739003,4.497779092493875
2024-03-12,Home & Kitchen,1225.3329538462992,10,4.564178614948695,150.53443025242169,1102.7996584616694,5,1,3,0,-952.2652282092478,7.325896518241404
2024-02-23,Apparel,2952.507049940045,0,4.24449258265631,37.911429224614295,2952.507049940045,5,4,2,0,-2914.5956207154304,77.87907526374939
2024-03-07,Electronics,887.3631358670729,5,2.7055830537765013,298.11941722149356,842.9949790737192,5,3,3,0,-544.8755618522256,2.827709066824721
2024-02-20,Beauty,895.0294564650991,15,3.5456602022564394,274.3027307888018,760.7750379953342,5,1,2,0,-486.4723072065324,2.773486927409008
2024-04-06,Beauty,1073.326403353393,5,3.8982546801920677,237.63134365610168,1019.6600831857234,5,5,4,1,-782.0287395296217,4.290932616453863
2024-04-01,Beauty,1700.3133326516097,5,2.9685282199594423,290.37447362452957,1615.297666019029,5,0,4,0,-1324.9231923944994,5.56280876158453
2024-01-08,Apparel,768.1833916272795,20,3.6205664552705614,79.93817914655043,614.5467133018237,5,0,1,0,-534.6085341552733,7.687774726206574
2024-02-03,Home & Kitchen,2747.1404720321325,5,4.002564693721725,261.72894143797544,2609.783448430526,5,5,2,1,-2348.05450699255,9.971321605062132
2024-02-04,Electronics,808.0714111257965,30,3.3184417002884983,218.54740292452033,565.6499877880575,5,6,2,1,-347.1025848635372,2.588225621621392
2024-04-05,Sports,2689.009958707181,5,4.4523620473762175,271.57897862246807,2554.5594607718217,5,4,4,0,-2282.9804821493535,9.40632251335995
2024-03-28,Home & Kitchen,323.8730649850552,30,4.601123954097014,250.08891189407578,226.7111454895386,155,3,3,0,23.37776640453717,0.9065221795421352
2024-03-18,Apparel,1974.8396666629621,10,3.309023673585177,117.21604363716337,1777.3556999966659,5,0,3,0,-1660.1396563595024,15.163075333769028
2024-02-01,Home & Kitchen,2722.3517725381575,5,4.596642886231143,243.4475684200904,2586.2341839112496,5,3,2,0,-2342.7866154911594,10.623372419347696
2024-02-15,Home & Kitchen,518.7170736187152,0,2.7589414152575378,92.42460938054265,518.7170736187152,5,3,2,0,-426.29246423817256,5.612326382500418
2024-01-16,Apparel,2905.4559758962764,30,4.5943227465566405,111.93468809327618,2033.8191831273934,5,1,1,0,-1921.8844950341172,18.169695362286564
2024-03-08,Beauty,1366.8568308403023,30,2.8818760791690416,46.832186580777964,956.7997815882115,5,4,3,0,-909.9675950074336,20.430388829654287
2024-02-06,Beauty,2837.959598696458,15,2.707317881274315,290.8476017142383,2412.2656588919895,5,1,2,0,-2121.418057177751,8.293916280121413
2024-02-23,Electronics,2035.3078302356903,10,4.104438511102528,100.84599220308306,1831.7770472121213,5,4,2,0,-1730.9310550090381,18.16410357214097
2024-03-25,Electronics,915.2368065725514,5,3.6798434143882357,168.58362722557828,869.4749662439237,5,0,3,0,-700.8913390183454,5.157529118058998
2024-01-14,Beauty,577.0830368775627,50,4.769726501032082,130.44318675752683,288.54151843878134,107,6,1,1,-158.0983316812545,2.2120091176178804
2024-04-04,Sports,921.6491129819217,0,3.407972990227123,298.17879557213297,921.6491129819217,5,3,4,0,-623.4703174097888,3.0909277476069352
2024-02-24,Home & Kitchen,292.65696664908484,15,3.217880658594072,113.83950542685231,248.7584216517221,94,5,2,1,-134.9189162248698,2.1851678002199515
2024-02-17,Sports,444.4458795348394,10,3.751837265360496,244.67101731969325,400.0012915813555,44,5,2,1,-155.33027426166223,1.6348535922368925
2024-03-22,Home & Kitchen,327.41141443424624,30,3.6398654644216535,267.3477656161981,229.18799010397234,147,4,3,0,38.159775512225764,0.8572654032687613
2024-01-07,Beauty,1277.4864780685498,0,3.3610701155429705,143.50391675688493,1277.4864780685498,5,6,1,1,-1133.9825613116648,8.902101816724521
2024-03-14,Electronics,2389.8014531288954,5,4.234353246745822,126.56068526361472,2270.3113804724508,5,3,3,0,-2143.750695208836,17.9385199735889
2024-01-07,Electronics,437.02990933577547,50,4.398904584784771,235.58501717512524,218.51495466788774,184,6,1,1,17.07006250723751,0.9275418160631657
2024-02-02,Sports,404.0064930194226,20,4.632459922575341,284.3043141903391,323.2051944155381,111,4,2,0,-38.90088022519899,1.1368283148849976
2024-01-23,Electronics,1935.6354143092324,20,4.932141511775857,237.7048612563103,1548.508331447386,5,1,1,0,-1310.8034701910756,6.514415915868351
2024-03-25,Beauty,603.5912011746778,10,3.166640480331261,82.00227784960036,543.23208105721,5,0,3,0,-461.2298032076097,6.624597453909111
2024-01-19,Sports,306.3659637553399,50,4.290233706224904,277.0507854941231,153.18298187766996,218,4,1,0,123.86780361645313,0.5529057844195115
2024-01-19,Home & Kitchen,513.0430059436492,0,3.485645588739363,129.33659189386577,513.0430059436492,5,4,1,0,-383.7064140497834,3.96672742362544
2024-02-05,Electronics,2772.3382166921765,15,4.19270492987777,184.98767647449063,2356.4874841883498,5,0,2,0,-2171.499807713859,12.738618750710694
2024-01-29,Apparel,2467.0916895369296,0,3.689954225873051,260.2735076913498,2467.0916895369296,5,0,1,0,-2206.8181818455796,9.47884289653704
2024-02-29,Electronics,1071.882718629956,50,4.984432756919829,70.5764563831452,535.941359314978,5,3,2,0,-465.3649029318327,7.5937697467475775
2024-03-22,Home & Kitchen,1972.6249904722674,30,4.322255339476875,246.43049002487817,1380.8374933305872,5,4,3,0,-1134.4070033057092,5.603354898134504
2024-01-02,Sports,1618.7678858990937,20,4.881228251085812,190.86802538364987,1295.014308719275,5,1,1,0,-1104.1462833356252,6.784867743647798
2024-01-01,Home & Kitchen,2036.2159264954535,10,4.5874238737029644,278.5357843391444,1832.594333845908,5,0,1,0,-1554.0585495067637,6.579385618957118
2024-02-16,Apparel,2052.7733901013366,5,4.7572525279084275,65.73126854384518,1950.1347205962697,5,4,2,0,-1884.4034520524247,29.66829583237783
2024-03-09,Beauty,1891.771034954079,0,4.5360479930366875,139.1012599270739,1891.771034954079,5,5,3,1,-1752.669775027005,13.599956146665175
2024-01-20,Electronics,809.3125850838661,20,3.6478978259397783,260.68871239571706,647.450068067093,5,5,1,1,-386.7613556713759,2.4836137403766245
2024-01-11,Sports,131.43416597701213,15,3.129471133367211,20.673352519744252,111.7190410804603,154,3,1,0,-91.04568856071604,5.404011805717632
2024-01-02,Beauty,1374.8668442404748,10,3.4258004386263057,48.09940319586464,1237.3801598164273,5,1,1,0,-1189.2807566205627,25.7254784384271
2024-03-07,Home & Kitchen,2674.557045801751,5,2.550590581599876,307.2167377632367,2540.829193511663,5,3,3,0,-2233.6124557484263,8.270477748090043
2024-03-27,Sports,1714.9493166779491,0,3.809982918661668,97.71628268415341,1714.9493166779491,5,2,3,0,-1617.2330339937957,17.55029222940407
2024-01-12,Beauty,2499.6872594801953,15,3.762644500676022,302.7852421485662,2124.7341705581657,5,4,1,0,-1821.9489284095994,7.0172976578416995
2024-01-20,Sports,2974.998663739266,5,3.8131261620762205,68.8468075475588,2826.2487305523023,5,5,1,1,-2757.4019230047434,41.05126775268342
2024-01-05,Apparel,503.39436935275467,30,4.93507806243016,121.52286068716401,352.3760585469282,92,4,1,0,-230.8531978597642,2.8996688899058176
2024-02-06,Apparel,2079.9562528388174,20,4.778635008637098,237.09648612855332,1663.965002271054,5,1,2,0,-1426.8685161425005,7.018092209805483
2024-02-07,Electronics,2027.7663174945735,30,2.9042819458252698,209.04463013526265,1419.4364222462013,5,2,2,0,-1210.3917921109387,6.790111859499825
2024-04-03,Electronics,2940.167010364461,20,3.4222063038897232,186.43110797907138,2352.133608291569,5,2,4,0,-2165.7025003124977,12.616636964661595
2024-01-09,Apparel,2957.018190849109,15,3.559890448658155,171.32025686247724,2513.4654622217427,5,1,1,0,-2342.145205359265,14.67115160958088
2024-04-07,Sports,2064.7356559965265,30,3.4013322946291193,263.81493088109835,1445.3149591975684,5,6,4,1,-1181.50002831647,5.478518423390423
2024-02-22,Apparel,742.1901540668499,20,4.496239909009782,84.30982603585085,593.7521232534799,5,3,2,0,-509.44229721762906,7.0425020566523315
2024-02-13,Electronics,2398.689176819838,10,3.8100941746689676,145.52892346308792,2158.820259137854,5,1,2,0,-2013.291335674766,14.83430377800753
2024-04-08,Apparel,334.4819656199487,15,3.9302495424290624,60.8584261861549,284.3096707769564,87,0,4,0,-223.4512445908015,4.671656639744588
2024-03-26,Apparel,2345.3874229523117,20,4.632533897469814,190.8027707405578,1876.3099383618494,5,1,3,0,-1685.5071676212915,9.833766727177895
2024-01-24,Sports,2731.935430571919,0,4.514820383538396,88.91060516003945,2731.935430571919,5,2,1,0,-2643.0248254118796,30.726766797441364
2024-03-21,Beauty,1157.7576833837793,20,2.830528807050749,113.48340898129881,926.2061467070234,5,3,3,0,-812.7227377257246,8.161599611971958
2024-03-14,Electronics,1897.4463555244952,30,4.2847864602090855,154.0189614039408,1328.2124488671466,5,3,3,0,-1174.1934874632057,8.623694360486462
2024-01-30,Sports,1298.9760553090266,10,3.588590322255089,22.897322782422716,1169.078449778124,5,1,1,0,-1146.1811269957013,51.05742976535121
2024-02-28,Apparel,1321.7286891395634,5,3.236622257656251,42.12169109664711,1255.6422546825852,5,2,2,0,-1213.5205635859381,29.80987282304376
2024-03-27,Apparel,941.4571039877384,5,2.625047052255466,217.34912010892478,894.3842487883514,5,2,3,0,-677.0351286794266,4.114966043295366
2024-04-05,Beauty,2289.956917044219,20,3.7181239008636275,141.54614431166465,1831.9655336353753,5,4,4,0,-1690.4193893237107,12.942532221871375
2024-03-21,Electronics,2809.4870440370178,5,3.3885917018113285,270.1131154899691,2669.0126918351666,5,3,3,0,-2398.8995763451976,9.881092545224012
2024-03-21,Electronics,2823.1413148148663,20,3.128782599191002,219.92824107503884,2258.513051851893,5,3,3,0,-2038.5848107768543,10.269318032154386
2024-01-14,Home & Kitchen,536.7221353516775,10,4.236679323992394,17.38977778596012,483.04992181650977,5,6,1,1,-465.66014403054965,27.777808765705267
2024-01-09,Electronics,2626.10979422485,5,4.423713468288968,196.9301375763048,2494.8043045136073,5,1,1,0,-2297.8741669373026,12.668473882251476
2024-02-09,Beauty,2216.2328526599595,30,3.1119737975735617,42.64883548761634,1551.3629968619716,5,4,2,0,-1508.7141613743552,36.375272129351124
2024-03-06,Home & Kitchen,769.7196410605135,30,2.623618591698368,245.3752880381958,538.8037487423594,5,2,3,0,-293.4284607041636,2.1958354203072306
2024-01-25,Home & Kitchen,215.84456957072095,0,4.621881751413087,307.4947680421581,215.84456957072095,152,3,1,0,91.65019847143716,0.7019455028292653
2024-03-13,Apparel,814.9718416498682,20,2.5248993530107584,171.7036443012459,651.9774733198947,5,2,3,0,-480.27382901864877,3.7971091177076657
2024-01-22,Apparel,2737.941586792854,5,4.84278123480368,216.41995255726846,2601.0445074532113,5,0,1,0,-2384.6245548959428,12.018506042158613
2024-01-04,Electronics,1905.0383445638802,30,4.069049684956765,85.00767746395171,1333.526841194716,5,3,1,0,-1248.5191637307644,15.687134162208002
2024-01-26,Home & Kitchen,2167.3481627801475,50,3.3046165880033005,144.0913344073691,1083.6740813900738,5,4,1,0,-939.5827469827046,7.5207442962972015
2024-02-27,Apparel,782.5997680606511,10,3.1161947739418405,267.5481230097332,704.339791254586,5,1,2,0,-436.79166824485276,2.632572351213851
2024-01-29,Beauty,2162.3736443908383,10,2.522514160661188,64.38976958514411,1946.1362799517544,5,0,1,0,-1881.7465103666104,30.224308806981092
2024-04-07,Apparel,98.94269623960241,50,3.0886785425271928,93.33300365605982,49.471348119801206,200,6,4,1,43.86165553625861,0.5300520307061733
2024-03-27,Apparel,1135.3342171324462,50,2.8443207537928528,146.4029342093789,567.6671085662231,5,2,3,0,-421.26417435684414,3.8774298591199754
2024-02-06,Home & Kitchen,1885.8587453988587,0,4.030415551807864,225.11342309398412,1885.8587453988587,5,1,2,0,-1660.7453223048747,8.37737136897216
2024-03-15,Home & Kitchen,451.09824814084084,10,2.916363971484503,125.88576666472377,405.9884233267568,15,4,3,0,-280.10265666203304,3.225054222436765
2024-03-10,Sports,2471.6656697241,10,3.8215745938415484,288.68102253598613,2224.4991027516903,5,6,3,1,-1935.8180802157042,7.7057337652820275
2024-01-18,Beauty,716.5684269535772,5,3.975291055861177,42.86483012427216,680.7400056058983,5,3,1,0,-637.8751754816261,15.881084880829379
2024-03-25,Home & Kitchen,1962.059121763062,20,3.245104245867286,124.38723827573001,1569.6472974104497,5,0,3,0,-1445.2600591347198,12.619038087580996
2024-02-11,Electronics,1224.513470587359,15,2.587662372546797,224.14146641138447,1040.8364499992551,5,6,2,1,-816.6949835878706,4.643658608393888
2024-04-09,Beauty,1794.1901325007768,10,2.59313470153549,81.66609587014027,1614.7711192506993,5,1,4,0,-1533.105023380559,19.7728457819068
2024-02-10,Beauty,335.73989959729073,10,2.5658683304847942,208.6418745977535,302.16590963756164,76,5,2,1,-93.52403503980813,1.4482515085723597
2024-02-07,Home & Kitchen,65.48470776599785,15,4.347811667841365,63.444002677067054,55.662001601098176,211,2,2,0,7.7820010759688785,0.877340635086036
2024-02-03,Beauty,2730.049815730199,10,3.2950242620357453,31.51418403419748,2457.044834157179,5,5,2,1,-2425.5306501229816,77.96631610359728
2024-01-17,Home & Kitchen,819.8455761700407,5,4.490750464919159,50.699636440851414,778.8532973615386,5,2,1,0,-728.1536609206871,15.362108134053102
2024-02-06,Apparel,2461.7358532996705,5,3.5793320596071228,289.34551102456976,2338.649060634687,5,1,2,0,-2049.3035496101174,8.082548273700713
2024-01-25,Sports,2998.060646909518,15,3.63249525207491,177.76651046716765,2548.35154987309,5,3,1,0,-2370.585039405922,14.335386025050845
2024-03-16,Apparel,646.1223051267498,30,3.7822065062739343,249.92200376649646,452.2856135887248,28,5,3,1,-202.36360982222834,1.809707055691254
2024-03-27,Home & Kitchen,806.5346624323165,10,4.28257864093776,113.13307776699011,725.8811961890849,5,2,3,0,-612.7481184220948,6.416171207541231
2024-03-26,Home & Kitchen,1993.6364660894772,30,3.183757164574268,189.83430112620675,1395.545526262634,5,1,3,0,-1205.7112251364272,7.35138759425168
2024-03-25,Apparel,2896.8641742828545,10,2.8039683738338175,161.0108794429725,2607.177756854569,5,0,3,0,-2446.1668774115965,16.192556464968504
2024-01-27,Electronics,2748.7058293493706,20,3.8901433379786536,293.9926980236767,2198.9646634794967,5,5,1,1,-1904.97196545582,7.479657414152521
2024-02-26,Electronics,1516.083427395771,10,3.3174440581068483,235.53451763596254,1364.475084656194,5,0,2,0,-1128.9405670202314,5.793100299486038
2024-01-31,Electronics,2388.404193342273,5,3.6062282841700934,230.51007629149083,2268.9839836751594,5,2,1,0,-2038.4739073836686,9.843318002315536
2024-01-06,Home & Kitchen,420.20137150320465,0,4.1173667708432635,28.67421448311246,420.20137150320465,5,5,1,1,-391.5271570200922,14.654328952958073
2024-03-31,Beauty,2932.652979848977,50,3.7353143528531767,177.15255235608888,1466.3264899244884,5,6,3,1,-1289.1739375683997,8.277196520302292
2024-02-09,Home & Kitchen,2893.59440359742,0,4.050697042752107,152.7624789010354,2893.59440359742,5,4,2,0,-2740.8319246963842,18.941787436376877
2024-04-07,Beauty,503.73093926932535,0,3.8605000052840697,288.71346864882736,503.73093926932535,14,6,4,1,-215.017470620498,1.7447434704961116
2024-01-12,Apparel,908.7780275372733,0,4.349490929840248,90.915886515912,908.7780275372733,5,4,1,0,-817.8621410213613,9.99581109928703
2024-02-22,Sports,313.96266755769926,50,4.26484154427905,94.60086872087282,156.98133377884963,175,3,2,0,-62.38046505797681,1.659406894476151
2024-03-11,Beauty,826.0770327110664,30,3.835474729521548,136.3471434200426,578.2539228977464,5,0,3,0,-441.9067794777038,4.241041714503164
2024-01-10,Electronics,2450.628031404392,50,4.197257552149267,86.79406545488094,1225.314015702196,5,2,1,0,-1138.5199502473151,14.117486135491184
2024-02-14,Home & Kitchen,1144.2720873882995,30,4.683899005681532,53.1092557535811,800.9904611718096,5,2,2,0,-747.8812054182284,15.081937221795837
2024-01-17,Apparel,278.8649469330737,50,3.580678219470421,267.9373797619862,139.43247346653686,208,2,1,0,128.50490629544936,0.5203920169346932
2024-01-26,Electronics,1036.54319146503,50,3.531907681871984,179.69157469915518,518.271595732515,5,4,1,0,-338.58002103335986,2.884228693527898
2024-03-25,Apparel,2944.429252710221,10,4.41061405213095,269.1020020921872,2649.986327439199,5,0,3,0,-2380.884325347012,9.847516208858915
2024-04-01,Sports,1894.6055318487208,30,3.956384592604985,260.1847557940903,1326.2238722941045,5,0,4,0,-1066.0391165000142,5.0972389533215985
2024-03-02,Home & Kitchen,1257.2404250223808,10,2.6775169505564715,98.20249466295297,1131.5163825201428,5,5,3,1,-1033.31388785719,11.522277375984105
2024-02-15,Home & Kitchen,512.117462789351,20,4.730280039227703,176.58254607566082,409.69397023148076,42,3,2,0,-233.11142415581995,2.3201272115305103
2024-03-04,Sports,2958.737739891829,10,2.5769577555941003,39.54922230832078,2662.863965902646,5,0,3,0,-2623.3147435943256,67.33037492224986
2024-01-02,Home & Kitchen,2465.2342926504393,0,4.370990890524357,284.99930578907373,2465.2342926504393,5,1,1,0,-2180.2349868613655,8.649965956320415
2024-02-23,Beauty,855.2097478159944,15,4.396985356760782,134.25750094422017,726.9282856435952,5,4,2,0,-592.6707846993751,5.414433313082532
2024-03-05,Apparel,224.15505672775052,15,4.882777713204826,131.13447424726132,190.53179821858794,156,1,3,0,-59.397323971326614,1.4529497244128928
2024-02-20,Electronics,184.02728877201073,5,2.635336021005802,104.31283433229619,174.8259243334102,125,1,2,0,-70.51309000111401,1.675977126424246
2024-02-22,Sports,374.3287762740185,5,3.9921421519612275,150.89580468965764,355.6123374603175,59,3,2,0,-204.71653277065988,2.3566747809304145
2024-02-05,Beauty,1748.5942220890486,10,3.5696014265676324,89.26901903090717,1573.7347998801438,5,0,2,0,-1484.4657808492366,17.629126173496736
2024-01-26,Electronics,2787.3588122983947,50,3.3265823871488553,125.58142047505734,1393.6794061491973,5,4,1,0,-1268.09798567414,11.097815272968713
2024-01-29,Electronics,1497.7791325978637,50,2.7257964007476825,250.98437933254016,748.8895662989319,5,0,1,0,-497.90518696639174,2.983809463722423
2024-01-21,Sports,2531.1922651317486,15,3.906635299178273,261.10537355762574,2151.5134253619863,5,6,1,1,-1890.4080518043606,8.240019713294599
2024-01-11,Beauty,1345.9715602815263,0,3.697601814186534,104.73383090041226,1345.9715602815263,5,3,1,0,-1241.2377293811141,12.851354225373115
2024-02-09,Electronics,2130.1218841169584,30,2.7613861453775606,153.35925701307244,1491.0853188818708,5,4,2,0,-1337.7260618687983,9.722825657369803
2024-01-11,Electronics,2199.640120800205,0,4.031223767742708,272.77683400261543,2199.640120800205,5,3,1,0,-1926.8632867975894,8.063881703308846
2024-02-05,Beauty,534.2816621214658,0,4.344882800632346,30.538632889760656,534.2816621214658,5,0,2,0,-503.7430292317052,17.495271122650873
2024-02-28,Home & Kitchen,1093.229936042798,10,4.418195752634121,277.2977637887567,983.9069424385183,5,2,2,0,-706.6091786497616,3.548196454941667
2024-02-08,Electronics,1917.3469372660013,10,4.763432970656068,79.65938196743785,1725.612243539401,5,3,2,0,-1645.9528615719632,21.66238553350533
2024-04-08,Apparel,226.02937543033306,20,3.523676854721943,215.16907704324086,180.82350034426645,131,0,4,0,34.34557669897441,0.8403786586300585
2024-02-23,Beauty,1094.1974604724255,0,4.882681921555342,186.85275043345706,1094.1974604724255,5,4,2,0,-907.3447100389685,5.8559344614094755
2024-04-07,Electronics,1611.3764068493595,50,4.663573512706716,178.11752071582936,805.6882034246797,5,6,4,1,-627.5706827088504,4.523351774641437
2024-02-24,Sports,2988.7301117382463,50,3.2412539275598475,268.5112663020823,1494.3650558691231,5,5,2,1,-1225.8537895670408,5.5653718983542495
2024-01-24,Apparel,1431.4826844279855,0,2.8982075933736464,44.96378237517507,1431.4826844279855,5,2,1,0,-1386.5189020528105,31.83634936411223
2024-01-22,Electronics,2450.9294199862557,10,3.5884734903200335,117.37326747106263,2205.83647798763,5,0,1,0,-2088.4632105165674,18.793346436670173
2024-03-09,Apparel,1304.7208459238539,10,3.5047467698899166,173.78456017170586,1174.2487613314686,5,5,3,1,-1000.4642011597628,6.756922250004634
2024-02-25,Apparel,2392.226307019831,20,3.939298263328011,254.33021191408173,1913.781045615865,5,6,2,1,-1659.4508337017833,7.524788467767179
2024-02-02,Home & Kitchen,1792.3131828360235,20,3.95846558081937,78.8507096064431,1433.850546268819,5,4,2,0,-1354.9998366623759,18.18437086267712
2024-02-05,Apparel,2661.487392884659,5,4.374967460949938,251.8643032054115,2528.413023240426,5,0,2,0,-2276.5487200350144,10.038790694282481
2024-01-20,Home & Kitchen,1241.6635187650782,15,3.7747248705140253,132.89335233571103,1055.4139909503165,5,5,1,1,-922.5206386146054,7.941811779148762
2024-03-23,Beauty,1818.8486931671143,0,2.762056602351914,70.72958764794015,1818.8486931671143,5,5,3,1,-1748.1191055191741,25.715528022311105
2024-04-08,Home & Kitchen,1895.6057616471996,50,4.6457283388827655,238.90099993082737,947.8028808235998,5,0,4,0,-708.9018808927724,3.967345808925168
2024-03-21,Sports,1260.8880812744128,0,3.2744114579629677,41.81517593499161,1260.8880812744128,5,3,3,0,-1219.0729053394211,30.15383896111463
2024-03-02,Electronics,445.7714504071323,20,4.92824365076648,166.85637535225567,356.61716032570587,77,5,3,1,-189.7607849734502,2.137270209620941
2024-04-07,Beauty,294.27482963332164,20,2.7946502716994255,33.84335623925708,235.41986370665734,57,6,4,1,-201.57650746740026,6.9561618547033675
2024-03-13,Beauty,64.7645785399048,5,4.895627930581258,120.14326727154733,61.52634961290956,219,2,3,0,58.61691765863777,0.5121081772634662
2024-01-26,Sports,2622.499778771966,15,2.7275295172062926,192.31765570688583,2229.124811956171,5,4,1,0,-2036.807156249285,11.590848504068774
2024-03-06,Home & Kitchen,720.8776130325032,5,3.077590344867649,179.05408473872785,684.833732380878,5,2,3,0,-505.77964764215017,3.824731132943288
2024-03-13,Electronics,646.3476466060777,50,2.616449855216354,134.37334828187664,323.17382330303883,75,2,3,0,-188.80047502116219,2.405044061454159
2024-03-13,Home & Kitchen,2212.0656702718056,15,4.262782866597488,141.56915822177413,1880.2558197310348,5,2,3,0,-1738.6866615092606,13.281535634940584
2024-02-09,Apparel,970.2480975658643,30,4.625746841429479,81.89701823847614,679.173668296105,5,4,2,0,-597.2766500576289,8.293020709477084
2024-01-17,Home & Kitchen,1525.5434068493323,0,3.585177704539951,149.48536358511035,1525.5434068493323,5,2,1,0,-1376.0580432642219,10.20530284880202
2024-01-01,Beauty,500.095529912907,5,4.821305187606074,296.2101824376461,475.0907534172616,16,0,1,0,-178.88057097961553,1.6038974403497115
2024-03-29,Electronics,2879.8409785639783,20,3.975747679388999,265.88361074621815,2303.872782851183,5,4,3,0,-2037.9891721049646,8.664967262875763
2024-03-01,Home & Kitchen,2556.9704790514534,5,4.075017838616308,57.843696377521425,2429.121955098881,5,4,3,0,-2371.278258721359,41.994583804690244
2024-02-12,Electronics,2593.4120245505346,30,4.613548004251925,23.785332259671677,1815.388417185374,5,0,2,0,-1791.6030849257024,76.32386200731732
2024-02-11,Electronics,1229.2196394874356,5,3.2420005126295974,290.389672251406,1167.7586575130638,5,6,2,1,-877.3689852616578,4.021350513120425
2024-01-25,Apparel,2290.648222915911,0,3.3856643033190643,170.39117621482055,2290.648222915911,5,3,1,0,-2120.2570467010905,13.443467401316473
2024-02-08,Apparel,444.47032383849375,30,4.764879797986611,173.66215782904578,311.12922668694563,104,3,2,0,-137.46706885789985,1.7915775697847967
2024-02-04,Beauty,40.72772273646413,20,4.752408740096909,245.3118087334241,32.58217818917131,250,6,2,1,212.72963054425279,0.13281944459745829
2024-01-03,Sports,74.61920374541396,20,4.941206940502177,107.83324729204134,59.69536299633117,230,2,1,0,48.137884295710165,0.5535895885121601
2024-02-13,Electronics,1766.006186152613,10,4.754595791104178,157.16273280662062,1589.4055675373518,5,1,2,0,-1432.2428347307311,10.113119943600246
2024-02-20,Sports,1374.3537921651032,30,2.8184300900834023,300.7555593782876,962.0476545155722,5,1,2,0,-661.2920951372846,3.1987693145366514
2024-04-03,Beauty,1561.2758164919314,10,4.559310715342468,213.2838626450601,1405.1482348427382,5,2,4,0,-1191.8643721976782,6.588160104644856
2024-04-07,Electronics,37.27747414539992,10,3.5245961952739853,60.35478443875685,33.54972673085993,184,6,4,1,26.80505770789692,0.5558751811118384
2024-01-12,Electronics,1276.7195596774156,0,4.977003389864844,54.30189065538422,1276.7195596774156,5,4,1,0,-1222.4176690220315,23.511512108848176
2024-01-19,Sports,2158.4334611845693,5,3.680702410822003,75.25810370823659,2050.511788125341,5,4,1,0,-1975.2536844171043,27.246391911160043
2024-02-13,Home & Kitchen,1336.440700372796,20,3.8845902062555515,241.17994395411168,1069.152560298237,5,1,2,0,-827.9726163441253,4.433007748362609
2024-02-28,Apparel,2200.6743308419836,20,3.824437288141996,102.13621613298173,1760.539464673587,5,2,2,0,-1658.4032485406053,17.237171410201434
2024-02-18,Home & Kitchen,710.5616087245518,5,3.3043425746456947,21.309709769148537,675.0335282883242,5,6,2,1,-653.7238185191757,31.677274613360265
2024-03-01,Sports,2442.2288833779503,20,2.6875552222322954,293.53143723417026,1953.7831067023603,5,4,3,0,-1660.2516694681901,6.656128982680969
2024-01-17,Apparel,1771.4672527535552,5,4.739128076004796,65.06545783649864,1682.8938901158774,5,2,1,0,-1617.8284322793788,25.86462842303791
2024-03-14,Home & Kitchen,644.1278517982701,30,4.5066895313157165,17.81966491368023,450.889496258789,21,3,3,0,-433.06983134510875,25.302916662178042
2024-02-26,Apparel,721.6106204236913,0,2.848816951399173,84.95382270308028,721.6106204236913,5,0,2,0,-636.656797720611,8.494151263160603
2024-02-24,Electronics,1889.670936740068,0,4.441920678375182,84.33349219984943,1889.670936740068,5,5,2,1,-1805.3374445402187,22.40712304741297
2024-02-16,Home & Kitchen,2492.3696857391433,50,4.064616665126525,139.49154899948832,1246.1848428695716,5,4,2,0,-1106.6932938700834,8.933765893402924
2024-01-12,Apparel,1255.6489293570282,0,3.5228594697940556,286.5150002925109,1255.6489293570282,5,4,1,0,-969.1339290645174,4.382489321938127
2024-03-02,Apparel,786.0267809458628,5,3.135052872738907,274.3595507448339,746.7254418985697,5,5,3,1,-472.3658911537358,2.721703836703889
2024-03-20,Apparel,2603.0296466281425,50,4.649321958755581,149.78389371981623,1301.5148233140712,5,2,3,0,-1151.730929594255,8.68928421468778
2024-03-28,Home & Kitchen,2012.7658508762422,5,4.250470648235133,136.21547197258292,1912.12755833243,5,3,3,0,-1775.912086359847,14.037521073357201
2024-03-23,Beauty,1352.5351795399833,15,3.869349773672842,178.72768051008111,1149.6549026089858,5,5,3,1,-970.9272220989047,6.4324390006512715
2024-01-08,Home & Kitchen,1471.382082908716,50,4.02392133474616,86.8189335316709,735.691041454358,5,0,1,0,-648.8721079226871,8.473854855473242
2024-04-04,Sports,624.7055567901433,20,2.7276654552054524,30.394572630077036,499.76444543211466,5,3,4,0,-469.3698728020376,16.442555436281125
2024-01-21,Home & Kitchen,1886.0058507435592,20,3.6847994022779798,292.071120170506,1508.8046805948475,5,6,1,1,-1216.7335604243415,5.165881103595706
2024-03-21,Apparel,1085.8463939705225,15,2.984250731964255,70.07620053876596,922.9694348749441,5,3,3,0,-852.8932343361781,13.170940030693588
2024-03-27,Electronics,2987.0008523729325,15,3.0209591975220635,73.52821512748633,2538.9507245169925,5,2,3,0,-2465.422509389506,34.530291808591464
2024-03-20,Home & Kitchen,1448.3477930567353,0,4.153259905717167,154.37579701191456,1448.3477930567353,5,2,3,0,-1293.9719960448208,9.381961558034602
2024-03-10,Home & Kitchen,1465.3685344759954,15,4.77814037958572,160.02593672789754,1245.563254304596,5,6,3,1,-1085.5373175766986,7.7835085972501314
2024-03-12,Apparel,1704.0675854208555,5,3.5093915261958664,20.438091861718874,1618.8642061498126,5,1,3,0,-1598.4261142880937,79.20818719784654
2024-01-25,Electronics,2751.516669309459,10,3.019373182530476,58.64664793832136,2476.365002378513,5,3,1,0,-2417.718354440192,42.225175511870766
2024-03-22,Electronics,2405.4420280813547,5,4.121867343091635,126.5556714754188,2285.1699266772866,5,4,3,0,-2158.6142552018678,18.056637841956693
2024-03-29,Sports,1361.6232583465567,50,4.677967615875795,216.700554585609,680.8116291732783,5,4,3,0,-464.11107458766935,3.1417161366992215
2024-01-12,Home & Kitchen,2160.317308928796,15,4.370797002806227,82.38344476542107,1836.2697125894767,5,4,1,0,-1753.8862678240557,22.28930482110912
2024-01-15,Electronics,1764.9129638605734,20,4.671893076341468,139.78926164131997,1411.9303710884587,5,0,1,0,-1272.1411094471387,10.100420837126087
2024-02-28,Electronics,1484.715640373228,5,3.8413866775269985,179.4167940913577,1410.4798583545667,5,2,2,0,-1231.063064263209,7.861470636000556
2024-01-26,Beauty,589.0625817612863,20,4.379690610922977,277.13478591387116,471.25006540902905,26,4,1,0,-194.1152794951579,1.7004363557431064
2024-01-26,Beauty,1399.8497464128493,5,2.8501613983973413,111.19079818650138,1329.8572590922067,5,4,1,0,-1218.6664609057054,11.960137716266992
2024-02-16,Electronics,748.7684822623853,20,3.3706865384079787,54.39968842972764,599.0147858099083,5,4,2,0,-544.6150973801806,11.011364276170495
2024-02-01,Sports,2745.803817307189,30,3.473872911203806,159.33530663979442,1922.0626721150322,5,3,2,0,-1762.7273654752378,12.063005448379336
2024-01-10,Electronics,1016.1893382865956,5,3.7782393656150863,235.28287249679832,965.3798713722657,5,2,1,0,-730.0969988754674,4.103060546344708
2024-01-16,Apparel,2857.508083382116,50,4.822690900642059,47.40862833055636,1428.754041691058,5,1,1,0,-1381.3454133605017,30.137004423099516
2024-03-11,Home & Kitchen,1606.170040932713,20,4.685741400555436,140.28163005060333,1284.9360327461704,5,0,3,0,-1144.6544026955671,9.159688494371357
2024-01-17,Sports,1900.1599703483384,10,2.8363137307229613,20.246616672432612,1710.1439733135046,5,2,1,0,-1689.897356641072,84.46566658428429
2024-01-23,Apparel,1635.6772268006434,50,2.931974129706158,24.899958585939086,817.8386134003217,5,1,1,0,-792.9386548143826,32.84497886121594
2024-01-26,Sports,401.20114164560215,0,3.394101373972278,157.47124214891636,401.20114164560215,28,4,1,0,-243.7298994966858,2.5477740327100293
2024-03-25,Apparel,1136.8263387387037,5,3.2268596647266845,102.96820295452419,1079.9850218017684,5,0,3,0,-977.0168188472443,10.488529379101069
2024-03-26,Home & Kitchen,310.95114514870744,10,4.036927382890656,264.3066532065966,279.8560306338367,78,1,3,0,-15.549377427240131,1.0588308210882829
2024-01-07,Home & Kitchen,1874.5178218873946,0,4.756940119411363,192.635520307304,1874.5178218873946,5,6,1,1,-1681.8823015800906,9.730904346701214
2024-01-14,Beauty,1348.91947267331,5,4.905728854181467,148.91022371418217,1281.4734990396446,5,6,1,1,-1132.5632753254624,8.60567842204912
2024-03-19,Apparel,2337.2851401392463,10,4.1340073813380664,135.3409344610174,2103.5566261253216,5,1,3,0,-1968.2156916643041,15.54264889999865
2024-01-07,Beauty,673.1043857831189,10,4.595398003502717,161.68741665592117,605.7939472048071,5,6,1,1,-444.10653054888587,3.746698164483428
2024-01-09,Apparel,506.22968441156473,50,3.8130055005769927,26.929455207735096,253.11484220578237,111,1,1,0,-226.18538699804728,9.39918168612185
2024-02-17,Beauty,1227.901709426847,30,3.0208173671500993,278.3740401440947,859.5311965987928,5,5,2,1,-581.1571564546981,3.087684455611859
2024-03-12,Home & Kitchen,2780.8573689068676,10,3.8117210302336932,309.4994309415177,2502.771632016181,5,1,3,0,-2193.272201074663,8.086514486965564
2024-02-28,Sports,2135.609117812049,30,3.887706503594128,68.53870183331611,1494.9263824684342,5,2,2,0,-1426.3876806351182,21.811419569983197
2024-03-27,Beauty,1265.4870200068622,15,4.356143910533891,50.51297460851282,1075.6639670058328,5,2,3,0,-1025.15099239732,21.294805450331843
2024-04-02,Apparel,1559.057426716617,50,3.0497074742683727,57.355351717335594,779.5287133583086,5,1,4,0,-722.173361640973,13.591211456605834
2024-03-22,Apparel,266.37583836363854,20,3.420775955216829,210.00298217913831,213.10067069091085,141,4,3,0,-3.0976885117725317,1.014750688202752
2024-04-04,Home & Kitchen,2953.9590506826976,50,3.410068673036416,210.12504734297855,1476.9795253413488,5,3,4,0,-1266.8544779983702,7.0290502918033155
2024-04-03,Apparel,2004.225804514333,0,4.898598989352912,265.13762787213125,2004.225804514333,5,2,4,0,-1739.0881766422017,7.559190374445521
2024-02-08,Electronics,866.9311443633161,20,3.609862400816797,236.7887845857447,693.5449154906529,5,3,2,0,-456.7561309049082,2.9289601562168164
2024-04-08,Sports,1763.6380567325043,20,4.387734918245366,147.65845364395523,1410.9104453860036,5,0,4,0,-1263.2519917420484,9.555229724862846
2024-01-18,Beauty,341.804862715947,30,4.377028453436098,195.79233166176905,239.2634039011629,137,3,1,0,-43.471072239393834,1.2220264290763443
2024-02-28,Sports,2898.0224563906368,20,3.1638604620081034,218.04397775856233,2318.4179651125096,5,2,2,0,-2100.373987353947,10.632799809218616
2024-01-17,Home & Kitchen,536.7331888318473,10,3.9296742234293305,166.25725873414143,483.0598699486626,5,2,1,0,-316.80261121452116,2.9054964193840926
2024-01-14,Beauty,1949.3704993948143,30,4.735757233296621,155.31704041323283,1364.5593495763699,5,6,1,1,-1209.242309163137,8.78563836875758
2024-01-31,Beauty,747.6815706787073,20,3.6879942986423737,205.3037464645827,598.1452565429659,5,2,1,0,-392.8415100783832,2.9134648872379585
2024-01-24,Electronics,2156.9207272058793,30,4.862793768356365,179.45499194781786,1509.8445090441155,5,2,1,0,-1330.3895170962976,8.413499633842171
2024-04-08,Home & Kitchen,2333.811781212239,15,3.036145573310404,204.96298007409357,1983.7400140304032,5,0,4,0,-1778.7770339563097,9.67852835333135
2024-02-29,Apparel,2025.1578908006265,30,2.685397764435077,195.79215831919234,1417.6105235604384,5,3,2,0,-1221.818365241246,7.240384577861199
2024-02-14,Electronics,1849.2808888617496,5,4.728634682861873,227.16298535152814,1756.8168444186622,5,2,2,0,-1529.6538590671341,7.733728458005775
2024-04-07,Electronics,2679.020245446755,10,4.6192029949055415,204.62703509094843,2411.1182209020794,5,6,4,1,-2206.491185811131,11.782989573349559
2024-01-03,Sports,249.70073230442776,0,4.981474689834612,168.32403349899386,249.70073230442776,106,2,1,0,-81.3766988054339,1.4834526425836887
2024-02-06,Sports,1002.7805758538826,5,4.198483720281065,216.13005932889402,952.6415470611885,5,1,2,0,-736.5114877322944,4.4077235254514715
2024-02-12,Sports,756.1381266980752,5,4.841719816667874,147.59717972970128,718.3312203631714,5,0,2,0,-570.7340406334702,4.866835678558838
2024-02-09,Electronics,2964.2216767652835,5,4.567372562710277,86.2930116619173,2816.0105929270194,5,4,2,0,-2729.717581265102,32.6331244986525
2024-03-30,Apparel,1177.3284923056174,20,4.611065832800217,15.41837493950506,941.8627938444939,5,5,3,1,-926.4444189049889,61.08703397990711
2024-02-24,Beauty,2201.84890723259,30,3.9228539261356707,180.18942340802374,1541.294235062813,5,5,2,1,-1361.1048116547893,8.553744198252314
2024-03-27,Sports,2058.9046141847984,30,3.455911494791777,189.2432918495491,1441.233229929359,5,2,3,0,-1251.9899380798097,7.615769181795665
2024-02-08,Apparel,648.0624938699725,50,4.8363951813582045,301.75444460883574,324.03124693498626,115,3,2,0,-22.276802326150516,1.073824272431274
2024-01-15,Home & Kitchen,728.4080754314807,20,3.580292939039736,121.63610855781128,582.7264603451846,5,0,1,0,-461.0903517873733,4.790735804148371
2024-01-04,Sports,854.6344222058068,10,3.8470484181241726,131.26930663435195,769.1709799852262,5,3,1,0,-637.9016733508743,5.859488403696202
2024-04-02,Beauty,1242.214925604247,20,3.6152857678129693,74.53087649594612,993.7719404833975,5,1,4,0,-919.2410639874514,13.333694533130183
2024-03-26,Home & Kitchen,714.4603209668225,20,3.912045784900493,35.80761709500996,571.568256773458,5,1,3,0,-535.760639678448,15.962197519507937
2024-01-25,Home & Kitchen,73.65967599934069,20,3.676262697480818,242.97732539421347,58.92774079947256,214,3,1,0,184.0495845947409,0.24252362109866213
2024-01-13,Beauty,2639.9882745694786,10,2.6199188964486897,88.65591398010088,2375.989447112531,5,5,1,1,-2287.3335331324297,26.800123538806783
2024-03-22,Sports,2897.345346671939,50,4.705120465019247,194.62693400386118,1448.6726733359694,5,4,3,0,-1254.0457393321083,7.443330907669898
2024-02-02,Electronics,1034.5876052892304,10,3.6109845472894246,217.89304548591704,931.1288447603074,5,4,2,0,-713.2357992743904,4.273329801250993
2024-01-16,Beauty,1025.4430350850366,15,3.9723591212683718,154.01482275103606,871.6265798222811,5,1,1,0,-717.611757071245,5.659368132580717
2024-02-11,Beauty,36.1690611314974,50,2.8479695068949678,273.52387334302153,18.0845305657487,236,6,2,1,255.43934277727283,0.06611682682289749
2024-03-06,Beauty,2045.5483046661666,15,2.508469619956598,145.91947808901998,1738.7160589662415,5,2,3,0,-1592.7965808772215,11.915585785644849
2024-02-24,Home & Kitchen,2478.9380888096566,15,3.113225234109107,99.04804379732072,2107.097375488208,5,5,2,1,-2008.0493316908871,21.273488043841667
2024-04-08,Apparel,452.62577657460946,15,4.261465080333376,279.3245792736786,384.73191008841803,84,0,4,0,-105.40733081473945,1.3773650392272236
2024-02-11,Electronics,491.60405286094493,30,2.7479863252821963,269.16146385373713,344.1228370026614,58,6,2,1,-74.96137314892428,1.2784996487820353
2024-02-03,Sports,2373.398501164742,5,4.77221860096617,63.39178438754184,2254.7285761065045,5,5,2,1,-2191.3367917189626,35.56815126582268
2024-01-30,Sports,1854.6278838371218,5,3.0375564233904617,22.65850041440668,1761.8964896452655,5,1,1,0,-1739.2379892308588,77.75874208008135
2024-01-13,Apparel,148.9087645187353,15,3.0114840357294392,41.545739123138105,126.572449840925,115,5,1,1,-85.0267107177869,3.0465807688671713
2024-01-13,Beauty,1873.3027665299107,15,2.953769904053739,99.53148257337604,1592.307351550424,5,5,1,1,-1492.775868977048,15.998027060197282
2024-01-18,Electronics,937.1194026886417,0,2.5349542824284117,301.81664151380465,937.1194026886417,5,3,1,0,-635.3027611748371,3.104929529360558
2024-02-01,Sports,1115.644589080475,5,4.429513671195586,179.76226518244337,1059.8623596264513,5,3,2,0,-880.1000944440079,5.895911238939838
2024-04-05,Sports,2312.648283616187,0,4.687586328113147,125.1122109486343,2312.648283616187,5,4,4,0,-2187.536072667553,18.484592879312647
2024-04-08,Beauty,2435.6415501277424,50,4.035406756540497,277.1712479107602,1217.8207750638712,5,0,4,0,-940.649527153111,4.3937485732862465
2024-02-08,Apparel,1210.0645311168944,0,2.9704999541996555,148.6752177861574,1210.0645311168944,5,3,2,0,-1061.389313330737,8.13897937487709
2024-02-15,Electronics,2842.251513978969,20,3.213194992352199,107.99539537830123,2273.8012111831754,5,3,2,0,-2165.8058158048743,21.054612589899687
2024-01-29,Apparel,1228.2912130869356,30,3.6898167434124085,292.65976097996895,859.8038491608548,5,0,1,0,-567.1440881808859,2.937895685699354
2024-03-02,Apparel,2318.930565161878,50,4.885864879058252,265.60771152684003,1159.465282580939,5,5,3,1,-893.8575710540989,4.365329891650278
2024-04-02,Electronics,1459.3736347243132,10,3.1183784295443573,263.8821707487351,1313.4362712518819,5,1,4,0,-1049.5541005031469,4.9773589004712155
2024-03-02,Electronics,2694.1339946684207,5,4.329114759799721,166.12399919981286,2559.4272949349993,5,5,3,1,-2393.3032957351866,15.406728150437415
2024-02-26,Sports,2724.667312295783,15,3.5986205582323008,247.88432765055921,2315.9672154514155,5,0,2,0,-2068.0828878008565,9.342935220641372
2024-01-16,Sports,275.9391714951853,50,3.2446183709000547,67.90924098304279,137.96958574759265,185,1,1,0,-70.06034476454985,2.031676157035008
2024-02-25,Electronics,2810.432593961024,15,3.6397898425552846,184.1007724790919,2388.86770486687,5,6,2,1,-2204.766932387778,12.97587007755859
2024-01-10,Home & Kitchen,2479.2215019384407,10,2.6780167938530814,305.23454724002596,2231.2993517445966,5,2,1,0,-1926.0648045045707,7.310114048099475
2024-01-30,Sports,2377.062482223311,50,4.496718427325906,100.8327370027987,1188.5312411116554,5,1,1,0,-1087.6985041088567,11.787156398210898
2024-01-25,Home & Kitchen,614.7203489612845,5,3.108254819957418,249.33393712806418,583.9843315132202,5,3,1,0,-334.65039438515606,2.3421774758775467
2024-03-24,Electronics,2418.280838132675,50,4.313530307982426,159.69113012637985,1209.1404190663375,5,6,3,1,-1049.4492889399576,7.571744392499581
2024-01-05,Sports,2552.646213034835,15,2.670870928620487,26.74267655051576,2169.74928107961,5,4,1,0,-2143.006604529094,81.13433511342991
2024-03-05,Apparel,878.1137483456406,15,4.887746390414215,240.0907223556219,746.3966860937945,5,1,3,0,-506.30596373817264,3.108811030974505
2024-04-03,Electronics,2857.4963339115366,20,2.9825374635142463,64.72789759567328,2285.9970671292294,5,2,4,0,-2221.269169533556,35.31702947327052
2024-02-18,Beauty,163.8325370015053,0,4.706855190517701,201.2847023041613,163.8325370015053,154,6,2,1,37.452165302656,0.81393436821611
2024-01-03,Home & Kitchen,462.4791209427119,50,4.523683024038586,40.270937243857006,231.23956047135596,154,2,1,0,-190.96862322749894,5.742095324752582
2024-02-14,Electronics,1619.6796970837702,15,4.9196498102035395,294.32588226130963,1376.7277425212046,5,2,2,0,-1082.4018602598949,4.677562611700294
2024-01-14,Electronics,1733.7405263000944,30,3.6947266523643743,101.05854671820647,1213.618368410066,5,6,1,1,-1112.5598216918595,12.009062150815824
2024-01-30,Sports,1940.7729986531967,5,4.318493234614879,81.8070840448315,1843.734348720537,5,1,1,0,-1761.9272646757054,22.537587914882078
2024-03-08,Sports,65.65285100666738,30,3.42677664259446,53.095239199568624,45.95699570466716,223,4,3,0,7.138243494901467,0.8655577486322077
2024-01-18,Sports,2881.6948222470587,10,2.9609205950492345,294.0706470350191,2593.525340022353,5,3,1,0,-2299.4546929873336,8.81939549619009
2024-03-02,Beauty,148.0954568114198,50,3.607689832333622,225.01160402018502,74.0477284057099,236,5,3,1,150.9638756144751,0.3290840431459141
2024-02-06,Sports,442.0399288793561,20,2.914372538471137,233.78996217183615,353.6319431034849,32,1,2,0,-119.84198093164875,1.5126053309490022
2024-01-25,Electronics,56.83333481528008,5,4.95511155696596,162.32434560717215,53.99166807451608,228,3,1,0,108.33267753265608,0.3326159601787454
2024-02-17,Sports,1707.0724233828726,20,2.740616227851791,155.0446966547926,1365.6579387062982,5,5,2,1,-1210.6132420515055,8.808156410192726
2024-03-05,Apparel,2797.816648504102,0,3.973029308631551,47.45626668248561,2797.816648504102,5,1,3,0,-2750.3603818216166,58.95568370818926
2024-02-22,Sports,2002.8522907501856,15,4.06615963813514,180.15312319727758,1702.4244471376578,5,3,2,0,-1522.2713239403802,9.449874733914045
2024-03-19,Beauty,2470.6325434140754,5,3.8451988571851357,87.84036605709318,2347.1009162433716,5,1,3,0,-2259.2605501862786,26.72007212171495
2024-03-13,Apparel,54.644392323861545,10,4.155464714279584,303.25787317611974,49.17995309147539,204,2,3,0,254.07792008464435,0.16217205699030174
2024-01-15,Electronics,1632.9156659619823,50,2.790451937529727,249.99137730446847,816.4578329809912,5,0,1,0,-566.4664556765226,3.2659439768861076
2024-02-18,Electronics,1386.7954878539829,0,3.887546310513228,136.83265775690182,1386.7954878539829,5,6,2,1,-1249.962830097081,10.134974432183995
2024-03-28,Home & Kitchen,1504.4193134990674,0,3.2180314278184037,59.64567131400224,1504.4193134990674,5,3,3,0,-1444.773642185065,25.22260677692958
2024-03-08,Apparel,230.55635822553603,20,4.850440158252642,246.67284888594128,184.44508658042884,157,4,3,0,62.22776230551244,0.7477316105661639
2024-01-12,Home & Kitchen,2058.0395527918827,0,4.405179133599314,51.005861288988214,2058.0395527918827,5,4,1,0,-2007.0336915028945,40.34907951326367
2024-02-28,Apparel,1517.1129383530238,5,4.931286205399356,70.8534572816358,1441.2572914353725,5,2,2,0,-1370.4038341537366,20.341382717663457
2024-02-06,Apparel,2298.969316835873,20,2.5938901743504736,77.39855273454708,1839.1754534686986,5,1,2,0,-1761.7769007341515,23.762401084894925
2024-03-01,Beauty,1463.5925426742203,0,3.212832937951772,179.28273829056283,1463.5925426742203,5,4,3,0,-1284.3098043836576,8.163599890482383
2024-02-12,Home & Kitchen,460.90418413589975,50,2.9885564665958726,247.18171292715806,230.45209206794988,141,0,2,0,16.729620859208183,0.9323185333530792
2024-03-10,Beauty,1950.0470079222987,10,2.527886468279576,107.72288922378421,1755.0423071300688,5,6,3,1,-1647.3194179062846,16.29219490654519
2024-02-08,Apparel,529.5732908839212,50,3.1058143256158033,39.97759521121038,264.7866454419606,92,3,2,0,-224.80905023075024,6.623376019568832
2024-02-25,Electronics,2619.0977716141224,30,4.196939958801073,152.03884673970367,1833.3684401298856,5,6,2,1,-1681.3295933901818,12.058552662325061
2024-03-03,Apparel,1845.151973621686,5,3.0777223053364215,235.69252114218096,1752.8943749406017,5,6,3,1,-1517.2018537984206,7.437208301926442
2024-02-15,Beauty,484.25359241750846,10,3.7725086137065453,80.39083371077955,435.82823317575765,17,3,2,0,-355.4373994649781,5.421367251193438
2024-03-28,Home & Kitchen,2887.5791015814025,10,4.719545287412497,79.8777416716154,2598.8211914232625,5,3,3,0,-2518.943449751647,32.534985805022515
2024-01-11,Home & Kitchen,1562.320908055932,20,4.234394800872688,294.43197306727967,1249.8567264447456,5,3,1,0,-955.424753377466,4.244976228037385
2024-03-02,Beauty,232.60187883689017,15,3.48657267476508,296.4753495001575,197.71159701135664,136,5,3,1,98.76375248880086,0.6668736451266132
2024-03-17,Home & Kitchen,1886.0962196789758,20,3.431172347280271,307.18739095816505,1508.8769757431808,5,6,3,1,-1201.6895847850158,4.911910515066259
2024-04-07,Sports,770.7987374332386,5,3.639339535021212,253.25958246456014,732.2588005615765,5,6,4,1,-478.9992180970164,2.8913369967513276
2024-01-25,Electronics,2414.024953853748,5,2.9426036026497657,70.51432990454394,2293.3237061610603,5,3,1,0,-2222.8093762565163,32.52280365232938
2024-03-11,Electronics,2456.198889595079,20,4.08500191853997,77.5345486357821,1964.9591116760632,5,0,3,0,-1887.424563040281,25.343013485593918
2024-02-21,Electronics,2937.1578572261656,15,3.4103820477615137,115.36644624910564,2496.5841786422407,5,2,2,0,-2381.217732393135,21.640470516457423
2024-01-04,Home & Kitchen,1513.0805501081436,50,4.630913373155109,108.8490967433798,756.5402750540718,5,3,1,0,-647.691178310692,6.9503587782420855
2024-02-28,Home & Kitchen,1373.0462859872953,20,4.391381650144541,297.17568597801267,1098.4370287898362,5,2,2,0,-801.2613428118235,3.696254709313961
2024-03-12,Apparel,2264.1246822577446,5,4.0262829102304,247.7768249500996,2150.9184481448574,5,1,3,0,-1903.1416231947578,8.680870168459203
2024-01-20,Apparel,410.4249091806508,15,3.4105055566237903,228.5825936876584,348.86117280355313,59,5,1,1,-120.27857911589473,1.5261930804768395
2024-04-02,Electronics,1647.5428086724758,5,3.024829579183711,69.8591510971489,1565.1656682388518,5,1,4,0,-1495.306517141703,22.4045904317141
2024-03-03,Sports,1645.54908639059,15,4.440379660264057,283.3100400118872,1398.7167234320013,5,6,3,1,-1115.4066834201142,4.937053142815953
2024-02-23,Apparel,282.0772715890058,15,3.7160227474777163,259.22176195432127,239.76568085065495,150,4,2,0,19.45608110366632,0.9249442602465808
2024-03-14,Apparel,1262.682495238137,20,3.0618750954433938,63.27434319173749,1010.1459961905098,5,3,3,0,-946.8716529987723,15.964543371544897
2024-04-07,Home & Kitchen,2562.055123723098,20,2.9879365376000155,271.9952479284869,2049.6440989784783,5,6,4,1,-1777.6488510499914,7.535587899378932
2024-02-26,Sports,2570.618561654061,20,2.9135022612533974,95.31302322928903,2056.494849323249,5,0,2,0,-1961.1818260939601,21.57622095750817
2024-03-30,Electronics,311.22442978524776,15,4.442902990513987,38.85657502047128,264.54076531746057,94,5,3,1,-225.6841902969893,6.80813389183399
2024-02-10,Apparel,285.8018350022751,15,3.072467963250779,208.76258042169195,242.9315597519338,93,5,2,1,-34.168979330241854,1.1636738694320692
2024-01-03,Sports,799.1459988507769,5,3.8166056588129935,207.87237451837754,759.188698908238,5,2,1,0,-551.3163243898605,3.6521865912544325
2024-01-06,Sports,2626.1766967236704,10,3.628865902432641,43.00494282185734,2363.5590270513035,5,5,1,1,-2320.5540842294463,54.960171365465
2024-01-05,Electronics,399.77421644439437,20,3.94902724807071,109.0612836362918,319.8193731555155,55,4,1,0,-210.7580895192237,2.9324739494363583
2024-01-05,Sports,2164.190455842927,30,4.692887250927986,307.8802663653839,1514.9333190900488,5,4,1,0,-1207.053052724665,4.920527505625084
2024-02-23,Sports,316.9793745451131,5,4.669368475204326,215.13586676757737,301.1304058178574,96,4,2,0,-85.99453905028005,1.3997220005308761
2024-02-16,Sports,1875.0664934372587,5,3.627690179562149,230.3721741479821,1781.3131687653956,5,4,2,0,-1550.9409946174135,7.7323278097863914
2024-03-27,Apparel,1077.8608878706473,0,2.5384156268368083,77.81059925327017,1077.8608878706473,5,2,3,0,-1000.0502886173771,13.852365850084977
2024-02-18,Electronics,2369.908179453113,20,3.566109514285758,38.24071094615472,1895.9265435624905,5,6,2,1,-1857.6858326163358,49.57874727360775
2024-01-09,Sports,712.5659897437104,50,4.015483843560351,96.6859984735766,356.2829948718552,86,1,1,0,-259.5969963982786,3.6849492221898505
2024-04-08,Sports,1923.01746072903,5,3.8944118977451545,88.42502363199164,1826.8665876925784,5,0,4,0,-1738.4415640605866,20.660063324332878
2024-01-20,Apparel,718.5123657090165,0,4.128340264500514,84.19050972067566,718.5123657090165,5,5,1,1,-634.3218559883409,8.534362935832931
2024-03-01,Electronics,2145.2759450897793,30,2.885189331182709,71.86252495667668,1501.6931615628455,5,4,3,0,-1429.8306366061688,20.896749209245876
2024-02-04,Home & Kitchen,2622.928933163835,30,4.116337746951832,184.55292874334427,1836.0502532146845,5,6,2,1,-1651.4973244713403,9.948637855365924
2024-02-19,Apparel,393.5033703933787,50,2.9566290468594305,111.79052537333742,196.75168519668935,127,0,2,0,-84.96115982335193,1.7600032251357107
2024-03-22,Electronics,2601.788130457578,20,4.376309951741872,257.00177943902145,2081.4305043660625,5,4,3,0,-1824.428724927041,8.098895303018404
2024-03-02,Sports,1786.8221344266792,15,3.3477190331567,69.26448826497828,1518.7988142626773,5,5,3,1,-1449.534325997699,21.927525234177136
2024-01-17,Electronics,394.42481523806657,0,4.274738583453634,152.0649859062206,394.42481523806657,29,2,1,0,-242.35982933184596,2.593791153746009
2024-03-28,Electronics,1291.2124382487405,15,2.6196639972652678,19.029061745693596,1097.5305725114295,5,3,3,0,-1078.501510765736,57.67654691434316
2024-01-03,Electronics,495.1679760530172,30,3.5196500639772834,157.09628512428165,346.617583237112,88,2,1,0,-189.52129811283035,2.2064021626157277
2024-02-01,Home & Kitchen,2105.53844826671,30,4.262586305658331,31.472275158559945,1473.8769137866968,5,3,2,0,-1442.4046386281368,46.83096173890137
2024-04-08,Electronics,2280.22138123758,10,3.067176290828735,303.42843600242986,2052.199243113822,5,0,4,0,-1748.770807111392,6.763371522296572
2024-01-13,Home & Kitchen,330.8026130143049,10,4.488217611993056,248.2246779518718,297.7223517128744,111,5,1,1,-49.4976737610026,1.1994067397706512
2024-03-29,Sports,1525.8274602935135,50,4.07694933276233,159.58288560775435,762.9137301467567,5,4,3,0,-603.3308445390023,4.780673862621805
2024-03-13,Home & Kitchen,2446.6557922373627,10,3.968904430374496,40.54327066290833,2201.9902130136265,5,2,3,0,-2161.446942350718,54.31210104684902
2024-03-08,Sports,2809.4466790297247,10,3.3838721355108428,189.77140503317221,2528.502011126752,5,4,3,0,-2338.73060609358,13.323935767270985
2024-01-14,Sports,1547.8508322241835,50,3.706128675952794,238.83530645705386,773.9254161120917,5,6,1,1,-535.0901096550378,3.2404146086803753
2024-04-07,Home & Kitchen,2851.58348248005,5,3.993373252444633,71.26158963639986,2709.004308356047,5,6,4,1,-2637.742718719647,38.01492953185974
2024-01-11,Apparel,1614.031576811249,10,3.681155284787226,182.62146053230978,1452.628419130124,5,3,1,0,-1270.0069585978142,7.95431388455642
2024-02-25,Beauty,1191.6586263807253,5,4.245783309851401,255.19221502294604,1132.075695061689,5,6,2,1,-876.883480038743,4.436168614939513
2024-03-07,Electronics,2546.886338730393,5,3.584242332767399,241.63309440566331,2419.5420217938736,5,3,3,0,-2177.90892738821,10.013289064335904
2024-04-01,Beauty,1486.5533907173958,20,3.005682954355076,251.88264527081012,1189.2427125739166,5,0,4,0,-937.3600673031065,4.721415845443855
2024-01-29,Electronics,1423.6289940351012,5,3.034834457002618,274.40041033656735,1352.447544333346,5,0,1,0,-1078.0471339967787,4.928737324679996
2024-01-09,Electronics,1478.5827808883375,5,2.514509422107353,291.61622013704374,1404.6536418439207,5,1,1,0,-1113.037421706877,4.816788452932453
2024-03-07,Sports,2542.6532305811897,10,3.252394288896681,134.6287407850431,2288.3879075230707,5,3,3,0,-2153.7591667380275,16.99776655548504
2024-01-25,Electronics,2498.3455019388357,5,4.3722941011962995,182.7868852442488,2373.428226841894,5,3,1,0,-2190.641341597645,12.984674604364546
2024-04-07,Electronics,1219.5071774340304,15,4.485406772094024,248.2445601834552,1036.5811008189257,5,6,4,1,-788.3365406354706,4.175644775671548
2024-03-16,Home & Kitchen,1009.9000817135171,50,3.006168855239375,220.65624511400603,504.95004085675856,18,5,3,1,-284.29379574275254,2.2884013121671085
2024-02-11,Beauty,1483.405151756801,10,4.89760999217852,308.6784673379917,1335.0646365811208,5,6,2,1,-1026.3861692431292,4.325098048122914
2024-01-09,Home & Kitchen,1724.7259415652704,50,3.756006983700317,19.03490707587002,862.3629707826352,5,1,1,0,-843.3280637067652,45.30429107667286
2024-03-19,Electronics,726.436573724571,0,4.792446872546257,119.76429851815824,726.436573724571,5,1,3,0,-606.6722752064127,6.065551944216758
2024-02-09,Sports,2384.955927876038,10,4.266913204654077,97.90323824970973,2146.4603350884345,5,4,2,0,-2048.5570968387246,21.924303766273006
2024-01-25,Home & Kitchen,1467.1510557112822,5,4.306083557556033,92.38317579883271,1393.793502925718,5,3,1,0,-1301.4103271268852,15.087092329026959
2024-01-05,Home & Kitchen,1012.1259620335794,15,2.7126090532651776,80.6462858371713,860.3070677285425,5,4,1,0,-779.6607818913712,10.667658885934852
2024-01-11,Apparel,333.860663997512,50,3.0499778172423264,224.19153304049257,166.930331998756,163,3,1,0,57.26120104173657,0.7445880303098054
2024-02-28,Electronics,727.9528038047666,10,2.5220370832361816,40.00404461621994,655.1575234242899,5,2,2,0,-615.15347880807,16.377282090087746
2024-04-07,Sports,2848.6042976916115,15,4.290319101191844,233.7746060132848,2421.3136530378697,5,6,4,1,-2187.5390470245848,10.357470789193728
2024-03-28,Home & Kitchen,925.7225651562869,50,3.361095721071275,219.56062339480067,462.86128257814346,27,3,3,0,-243.3006591833428,2.108125197594535
2024-03-19,Home & Kitchen,519.0449787606004,0,4.4666312901908665,88.98721908776443,519.0449787606004,5,1,3,0,-430.057759672836,5.8328036776684495
2024-02-07,Sports,1390.1082830901546,30,3.3473405498425657,89.58596603372257,973.0757981631082,5,2,2,0,-883.4898321293856,10.861922254617607
2024-03-12,Electronics,931.6569139303423,0,4.548334380747153,200.51387267662815,931.6569139303423,5,1,3,0,-731.1430412537142,4.646346417301709
2024-01-05,Apparel,119.95036205951455,30,2.8267456343707824,239.84047611768497,83.96525344166018,182,4,1,0,155.8752226760248,0.3500879201076139
2024-02-17,Home & Kitchen,979.5884735790605,20,2.9334328918937707,273.5632558607728,783.6707788632484,5,5,2,1,-510.1075230024756,2.8646785051501564
2024-03-30,Apparel,1639.1642424593138,30,3.352191348959841,266.3811713370703,1147.4149697215196,5,5,3,1,-881.0337983844493,4.307417690079967
2024-01-18,Beauty,1661.8614304796013,20,3.521218472205683,299.64048327833666,1329.4891443836812,5,3,1,0,-1029.8486611053445,4.436947670881694
2024-03-10,Electronics,1079.3283797130127,10,3.3717570271074457,186.5085441242708,971.3955417417114,5,6,3,1,-784.8869976174407,5.20831657500082
2024-02-06,Beauty,1350.1987274140129,20,4.40911758130805,283.0533905954061,1080.1589819312103,5,1,2,0,-797.1055913358042,3.816096248340581
2024-02-29,Beauty,2897.0709859307776,15,2.742378481566787,253.51141561182118,2462.510338041161,5,3,2,0,-2208.99892242934,9.713607302843426
2024-02-17,Beauty,1141.3852045324802,20,3.3780425490962203,278.926949172634,913.1081636259842,5,5,2,1,-634.1812144533501,3.273646258758746
2024-03-17,Electronics,785.8070375810491,15,4.593099998788649,18.42984737918316,667.9359819438918,5,6,3,1,-649.5061345647086,36.242078851848625
2024-01-28,Electronics,741.7491265392789,50,2.66699269315543,299.9413826004142,370.87456326963945,57,6,1,1,-70.93318066922524,1.236490143688253
2024-03-09,Sports,1381.4273689218405,50,4.855858769178393,154.6913980397111,690.7136844609203,5,5,3,1,-536.0222864212092,4.465107260092161
2024-03-17,Apparel,2282.1676439200783,30,4.965792105680032,250.46398192457866,1597.5173507440547,5,6,3,1,-1347.053368819476,6.378231865790226
2024-03-21,Apparel,629.8747298025925,30,2.7214204345627,52.525215204645356,440.9123108618147,29,3,3,0,-388.38709565716937,8.39429803655179
2024-02-09,Sports,2132.248939515193,30,3.2281813056393425,131.80262326512235,1492.5742576606349,5,4,2,0,-1360.7716343955126,11.324313740389721
2024-02-14,Sports,78.13222269800761,20,3.4310016650883903,95.08089559119232,62.50577815840609,201,2,2,0,32.57511743278623,0.6573957656767825
2024-04-05,Beauty,1265.5149392820788,30,4.440978421631815,101.03933729777643,885.8604574974551,5,4,4,0,-784.8211201996786,8.767480876153273
2024-03-02,Sports,2330.957219630319,20,3.9898170302918343,51.360407885510114,1864.7657757042552,5,5,3,1,-1813.4053678187452,36.30745651127015
2024-04-02,Home & Kitchen,1026.1178729866779,20,4.110914251231419,252.70033060018707,820.8942983893423,5,1,4,0,-568.1939677891553,3.24848921423902
2024-02-27,Apparel,1697.7552478145174,5,4.393774557046265,17.726482801418058,1612.8674854237913,5,1,2,0,-1595.1410026223732,90.98632275178511
2024-03-07,Sports,626.8630099853438,5,2.794947498592564,107.18910981063473,595.5198594860765,5,3,3,0,-488.3307496754418,5.555786968826866
2024-02-25,Home & Kitchen,2229.8562425116243,20,4.583023642275656,66.45111024884244,1783.8849940092996,5,6,2,1,-1717.433883760457,26.845074331024804
2024-02-09,Home & Kitchen,171.05312325724745,50,4.26404951045036,188.76648747946044,85.52656162862372,241,4,2,0,103.23992585083671,0.45308127926006897
2024-04-07,Home & Kitchen,2559.8397949533687,15,3.943354312990926,90.00445877129043,2175.8638257103635,5,6,4,1,-2085.859366939073,24.175067051282788
2024-02-09,Home & Kitchen,606.6162134686795,10,4.724338336957642,91.4045440857894,545.9545921218115,5,4,2,0,-454.55004803602213,5.972948036471752
2024-03-31,Beauty,2625.078124649367,0,4.2507658847095176,159.05975247861903,2625.078124649367,5,6,3,1,-2466.018372170748,16.50372318416774
2024-03-17,Home & Kitchen,1067.2997852820442,5,3.0042499065775634,207.54326660557308,1013.934796017942,5,6,3,1,-806.3915294123689,4.885414075826804
2024-02-02,Beauty,2172.2104698063426,20,3.574363452689167,50.78488784672327,1737.7683758450742,5,4,2,0,-1686.983487998351,34.21821824417395
2024-01-06,Beauty,967.8875138917725,0,3.7351071673393332,66.77587847732136,967.8875138917725,5,5,1,1,-901.1116354144511,14.494568038075151
2024-03-28,Home & Kitchen,2719.146338635423,5,2.638044066876014,87.9165496553827,2583.1890217036516,5,3,3,0,-2495.272472048269,29.382283902510906
2024-01-19,Apparel,393.0118196723475,10,4.886593783400139,302.2557231647984,353.71063770511273,86,4,1,0,-51.45491454031435,1.170236361454303
2024-03-20,Home & Kitchen,547.8815709787071,15,2.821443151992196,132.1599874831615,465.69933533190107,5,2,3,0,-333.53934784873957,3.5237543843686865
2024-02-09,Home & Kitchen,1486.6949235990248,20,4.2436531680668175,191.7020767361528,1189.3559388792198,5,4,2,0,-997.653862143067,6.204189120580982
2024-04-01,Home & Kitchen,259.5862405288662,10,3.7655775902272004,86.25512975121347,233.62761647597958,120,0,4,0,-147.3724867247661,2.708564895210685
2024-04-06,Apparel,600.0008513347593,50,2.5640806247110564,159.68555992145895,300.00042566737966,101,5,4,1,-140.3148657459207,1.8786947662326783
2024-02-28,Electronics,2832.142650902863,5,4.811868689660904,36.86515644385763,2690.5355183577194,5,2,2,0,-2653.6703619138616,72.98315748246361
2024-02-28,Electronics,2929.821638526443,20,4.629592022047333,25.248933047086446,2343.8573108211544,5,2,2,0,-2318.608377774068,92.82995469353584
2024-02-17,Beauty,1138.1340980513096,0,3.810644819759589,153.27639041233076,1138.1340980513096,5,5,2,1,-984.8577076389788,7.425371219857152
2024-02-10,Beauty,2771.0087727265977,50,3.072355840348613,132.60448981793155,1385.5043863632989,5,5,2,1,-1252.8998965453673,10.448397247073778
2024-01-13,Apparel,1641.3016568851938,50,2.8040572267002357,55.37969430908917,820.6508284425969,5,5,1,1,-765.2711341335078,14.818623300127317
2024-02-14,Sports,820.1812606331946,30,3.4084811985803167,217.84242153161645,574.1268824432361,5,2,2,0,-356.2844609116197,2.635514599987636
2024-03-29,Electronics,2111.6601824255868,15,3.138570702615226,307.906529815283,1794.9111550617488,5,4,3,0,-1487.0046252464658,5.829402696131642
2024-02-22,Beauty,1981.8218926259487,50,3.766728002515747,131.71581225303018,990.9109463129744,5,3,2,0,-859.1951340599442,7.523097867774626
2024-02-11,Electronics,2967.539077539569,5,4.916023240308572,199.24479759563135,2819.1621236625906,5,6,2,1,-2619.917326066959,14.149238312280048
2024-04-09,Apparel,806.1661529167106,15,3.9373837330741033,299.07790299752327,685.241229979204,5,1,4,0,-386.16332698168077,2.291179733144239
2024-03-03,Apparel,2021.0976154452803,20,4.724827639725245,260.3028168718282,1616.8780923562244,5,6,3,1,-1356.5752754843961,6.2115274501711095
2024-01-27,Sports,170.29090876289897,30,4.1271970937394435,151.7479058742923,119.20363613402927,207,5,1,1,32.54426974026302,0.7855372728028113
2024-02-07,Sports,354.23342550970744,10,3.688116316468001,232.55939791567621,318.8100829587367,90,2,2,0,-86.25068504306049,1.3708759388615812
2024-02-29,Apparel,26.696349229013386,15,4.6365189068334285,52.79983687390459,22.69189684466138,203,3,2,0,30.10794002924321,0.42977210135807176
2024-01-07,Beauty,2998.3901329631244,0,3.6784202754324937,166.07063736182076,2998.3901329631244,5,6,1,1,-2832.3194956013035,18.054908324525087
2024-01-05,Electronics,2409.7869859852212,5,4.671570426275903,97.32278176808127,2289.2976366859602,5,4,1,0,-2191.974854917879,23.522731215609127
2024-02-14,Home & Kitchen,2363.368198979619,0,3.2289419239394133,62.54328792936752,2363.368198979619,5,2,2,0,-2300.8249110502516,37.78771914979365
2024-02-27,Sports,1536.5323347352164,15,2.8220326844074703,140.7528673450878,1306.052484524934,5,1,2,0,-1165.2996171798463,9.279047092680877
2024-01-31,Home & Kitchen,910.7002424727382,30,4.638286160907346,53.64929355791626,637.4901697309167,5,2,1,0,-583.8408761730004,11.882545462462131
2024-01-23,Beauty,466.5238891210876,10,3.968537909481667,221.20060691147324,419.8715002089789,19,1,1,0,-198.67089329750564,1.898148047925636
2024-02-11,Sports,864.754095456694,10,4.722730995622401,149.59081299573398,778.2786859110246,5,6,2,1,-628.6878729152907,5.202717134328426
2024-01-10,Home & Kitchen,1137.2740974584804,0,4.844568017480958,171.68766660657582,1137.2740974584804,5,2,1,0,-965.5864308519045,6.6240873321702045
2024-02-01,Beauty,2272.5856394861776,20,2.6340709759286227,58.18090190710632,1818.068511588942,5,3,2,0,-1759.8876096818358,31.248544659753374
2024-02-22,Electronics,1625.89043987591,20,3.7524232546471707,56.232640022580874,1300.7123519007282,5,3,2,0,-1244.4797118781473,23.130913849650522
2024-01-30,Beauty,246.28862526811582,30,3.437411372686323,187.1075534017366,172.40203768768106,146,1,1,0,14.705515714055537,0.9214060819742457
2024-02-08,Sports,68.81659174235304,10,4.064645992675293,305.57787560968666,61.93493256811774,250,3,2,0,243.6429430415689,0.20268133759535317
2024-01-31,Apparel,320.4615559091785,0,4.483977993005809,43.39392205512905,320.4615559091785,64,2,1,0,-277.06763385404946,7.384941040868666
2024-03-22,Electronics,1240.3386603866772,0,3.2014755399359225,99.29077142690548,1240.3386603866772,5,4,3,0,-1141.0478889597719,12.491983318910687
2024-04-09,Home & Kitchen,2800.5808573913196,0,3.8919959609329293,271.49043937867685,2800.5808573913196,5,1,4,0,-2529.0904180126427,10.315578197893918
2024-01-02,Sports,1917.6464064095264,15,4.271821449762249,36.3202436152949,1629.9994454480975,5,1,1,0,-1593.6792018328026,44.87853833562077
2024-03-18,Apparel,2408.4503111284125,30,2.836077707089335,273.38628780325064,1685.9152177898886,5,0,3,0,-1412.528929986638,6.1667877761418675
2024-03-17,Beauty,1407.1281645960773,20,4.535167264878167,169.6643650955516,1125.702531676862,5,6,3,1,-956.0381665813104,6.634878992078795
2024-04-02,Apparel,1094.5732583372028,20,4.0152739996324325,135.4386983082956,875.6586066697623,5,1,4,0,-740.2199083614667,6.465350137052582
2024-01-12,Sports,338.57511255911885,15,4.873843592784129,106.35576648367947,287.788845675251,81,4,1,0,-181.43307919157155,2.7059073070514974
2024-02-08,Sports,2629.660071225822,5,3.3488222978267332,102.64956164771336,2498.1770676645306,5,3,2,0,-2395.5275060168174,24.336948230116292
2024-03-06,Apparel,2352.73268664829,15,2.7703648558429967,105.21176182259624,1999.8227836510464,5,2,3,0,-1894.6110218284502,19.00759714510879
2024-04-05,Beauty,516.8325213292094,30,3.7662530025923133,276.01690888325777,361.78276493044655,89,4,4,0,-85.76585604718878,1.3107268188539265
2024-01-13,Apparel,1544.0977831706375,0,2.714526929273597,228.51959290156174,1544.0977831706375,5,5,1,1,-1315.5781902690758,6.7569601519278955
2024-02-15,Sports,1469.8138016449159,15,4.923816308310017,212.56828731018942,1249.3417313981786,5,3,2,0,-1036.7734440879892,5.87736650281743
2024-01-27,Sports,1880.8982847692878,0,2.596712395642979,250.63099894084024,1880.8982847692878,5,5,1,1,-1630.2672858284475,7.504651430660663
2024-01-17,Home & Kitchen,2839.367878563915,30,4.38375975276827,90.84882558622277,1987.5575149947404,5,2,1,0,-1896.7086894085176,21.87763575554854
2024-04-04,Home & Kitchen,1745.6177536610016,50,3.81275599535561,197.32262956411793,872.8088768305008,5,3,4,0,-675.4862472663829,4.423257883591556
2024-04-07,Electronics,1627.5485413341764,30,3.4215516312457215,150.71954049259554,1139.2839789339234,5,6,4,1,-988.5644384413279,7.558966642350489
2024-02-29,Sports,165.21395480997188,10,2.6646054112716366,245.82028238405704,148.6925593289747,143,3,2,0,97.12772305508233,0.6048832012025154
2024-03-04,Home & Kitchen,202.77881591380145,0,4.055417310434019,106.23055258961922,202.77881591380145,103,0,3,0,-96.54826332418223,1.9088558891071499
2024-03-28,Apparel,574.2301721104649,20,3.963050823477388,204.73769197661923,459.38413768837194,5,3,3,0,-254.6464457117527,2.243769250562974
2024-02-04,Beauty,111.92525349986862,15,3.2022081826689996,275.25266148610746,95.13646547488833,176,6,2,1,180.11619601121913,0.3456332264372675
2024-03-10,Apparel,2233.908393276487,50,4.7755542535257804,133.63439047750398,1116.9541966382435,5,6,3,1,-983.3198061607395,8.358284066303064
2024-03-23,Beauty,2174.14095742198,30,3.2602750183570923,34.653515773401125,1521.898670195386,5,5,3,1,-1487.245154421985,43.91758343214181
2024-01-30,Home & Kitchen,421.1278597784542,0,3.6243135264802655,167.23499259082888,421.1278597784542,24,1,1,0,-253.8928671876253,2.51818027587576
2024-03-11,Electronics,2510.6955188739134,50,3.859406139796639,117.06188390307265,1255.3477594369567,5,0,3,0,-1138.285875533884,10.723795975096264
2024-03-14,Apparel,477.0363140156442,5,2.7505796954407153,213.3064872614166,453.18449831486197,5,3,3,0,-239.87801105344536,2.1245696937452454
2024-04-05,Apparel,914.0091271871161,10,4.830404298034081,295.5547128008388,822.6082144684045,5,4,4,0,-527.0535016675658,2.783268812305232
2024-04-07,Apparel,758.1960439966746,5,3.4363403811276028,158.25445380906987,720.2862417968408,5,6,4,1,-562.0317879877709,4.551443731661723
2024-03-03,Beauty,1126.3366892405477,30,2.701948034685859,152.5261178958825,788.4356824683833,5,6,3,1,-635.9095645725008,5.169184749110221
2024-01-28,Home & Kitchen,775.1713411815361,5,3.4682279341883246,208.10251605648077,736.4127741224593,5,6,1,1,-528.3102580659785,3.538701924788793
2024-02-29,Apparel,1474.5185154187793,5,4.000506367731452,45.53176356010247,1400.7925896478403,5,3,2,0,-1355.2608260877378,30.765173147725267
2024-03-19,Apparel,1231.112525843736,10,3.784131679553324,89.78432573287932,1108.0012732593625,5,1,3,0,-1018.2169475264832,12.340698270161521
2024-04-03,Electronics,2959.9099299762897,10,4.2363549350931855,286.09890102261755,2663.918936978661,5,2,4,0,-2377.8200359560433,9.311181998451874
2024-02-06,Electronics,181.9401551327536,10,2.6387098551697767,212.63307094231104,163.74613961947824,159,1,2,0,48.886931322832794,0.7700878273253355
2024-04-02,Home & Kitchen,439.4114085162446,50,3.2113515256801404,18.965992975107795,219.7057042581223,144,1,4,0,-200.73971128301451,11.58419200863769
2024-01-22,Home & Kitchen,172.6852933171784,10,4.548076442100255,75.36451440491086,155.41676398546056,144,0,1,0,-80.0522495805497,2.062200827705902
2024-03-08,Sports,1883.1359670223917,5,2.699734219478402,216.4369934785252,1788.979168671272,5,4,3,0,-1572.5421751927468,8.2655887051433
2024-01-20,Electronics,177.71019307995294,20,4.638714886739894,240.4977647559594,142.16815446396237,174,5,1,1,98.32961029199703,0.5911412715549553
2024-04-05,Sports,2511.772616067728,20,2.729740230192766,262.75857393884235,2009.4180928541825,5,4,4,0,-1746.6595189153402,7.647393052612164
2024-04-09,Beauty,1543.1368125855545,10,4.586135537229241,101.19215699770324,1388.8231313269991,5,1,4,0,-1287.630974329296,13.724612386299082
2024-03-08,Sports,1588.1177593758782,50,3.4019710026968166,289.653435901881,794.0588796879391,5,4,3,0,-504.40544378605813,2.7414101863335865
2024-03-31,Apparel,1691.3596055208998,15,4.03052265814304,178.11933360547826,1437.6556646927647,5,6,3,1,-1259.5363310872865,8.071306104687492
2024-03-04,Sports,524.8789133240391,0,2.8822177891199954,220.4790116044284,524.8789133240391,5,0,3,0,-304.39990171961074,2.3806298363934464
2024-01-17,Home & Kitchen,605.1055547967453,30,2.665421804312952,191.03796452007285,423.57388835772167,29,2,1,0,-232.53592383764882,2.2172236257951528
2024-01-12,Beauty,966.6697087759189,50,3.0398455100503377,51.208316129013035,483.33485438795947,5,4,1,0,-432.1265382589464,9.438600815739711
2024-01-22,Apparel,1786.5868012282265,15,2.819634544771739,299.11882451853955,1518.5987810439924,5,0,1,0,-1219.479956525453,5.076908093257998
2024-01-17,Sports,642.2015611815403,30,3.2810147441990796,51.24829606877503,449.5410928270782,5,2,1,0,-398.2927967583032,8.771825159294968
2024-01-10,Beauty,362.2502054927848,15,3.78595811627755,90.19017714129916,307.91267466886706,82,2,1,0,-217.7224975275679,3.414037807980645
2024-03-05,Beauty,2910.79890595902,15,3.971898658912524,255.02022466577915,2474.179070065167,5,1,3,0,-2219.1588453993877,9.701893539258473
2024-01-22,Apparel,80.6157172067244,20,4.474670268449357,197.48610364282493,64.49257376537952,216,0,1,0,132.9935298774454,0.32656765501850876
2024-03-30,Sports,2411.0517549280244,0,4.140599733120896,262.2540037860253,2411.0517549280244,5,5,3,1,-2148.797751141999,9.19357462658689
2024-03-22,Beauty,2367.284921481441,15,4.021895812823883,167.14217557034326,2012.1921832592247,5,4,3,0,-1845.0500076888816,12.038805743630972
2024-02-19,Beauty,902.1841298276115,10,3.5294550687144364,126.21300443315728,811.9657168448504,5,0,2,0,-685.7527124116931,6.433296794506381
2024-01-14,Electronics,419.8454487818305,30,3.6845210874003467,286.94442236659654,293.8918141472813,107,6,1,1,-6.947391780684768,1.0242116285912988
2024-03-04,Beauty,449.7015104156889,50,3.5363020734754524,25.694433666864484,224.85075520784446,124,0,3,0,-199.15632154097997,8.750951981394
2024-02-16,Electronics,2096.8333774530197,20,4.6054150751534575,267.5584150041485,1677.4667019624158,5,4,2,0,-1409.9082869582671,6.269534456378083
2024-01-29,Sports,1933.7776743922284,30,3.0750011313709997,83.09124663039557,1353.64437207456,5,0,1,0,-1270.5531254441644,16.29105864900315
2024-03-16,Sports,2351.4958376403893,10,2.5143023288549116,265.3772166874205,2116.3462538763506,5,5,3,1,-1850.96903718893,7.974860390404683
2024-02-05,Sports,2813.3812996113274,10,4.1282997430655985,56.06300095798125,2532.0431696501946,5,0,2,0,-2475.9801686922133,45.16424605147234
2024-04-08,Home & Kitchen,2080.403179350777,15,3.0061554590970783,186.16459428870945,1768.3427024481605,5,0,4,0,-1582.178108159451,9.498813183057587
2024-02-21,Sports,480.21683660605873,10,4.725287840774524,276.99183610838423,432.1951529454529,31,2,2,0,-155.20331683706866,1.5603172967752705
2024-03-16,Beauty,741.6762110447509,0,4.647615824266641,154.6941958351727,741.6762110447509,5,5,3,1,-586.9820152095781,4.794466961352641
2024-01-07,Apparel,2528.948286656247,10,2.691818429820515,235.2371687720009,2276.0534579906225,5,6,1,1,-2040.8162892186217,9.675569000733228
2024-01-29,Electronics,639.7786363651126,15,2.7659710135351934,252.37812726738974,543.8118409103456,5,0,1,0,-291.43371364295587,2.154750282040834
2024-01-11,Home & Kitchen,231.47911610912703,30,3.737928980616666,232.26579157144985,162.0353812763889,178,3,1,0,70.23041029506095,0.6976291264421666
2024-02-02,Sports,2114.290961316118,10,4.023056656923387,287.9722723780065,1902.861865184506,5,4,2,0,-1614.8895928064996,6.607795429299931
2024-01-06,Sports,1216.5411711380739,20,3.187270843705602,146.81609800337895,973.2329369104591,5,5,1,1,-826.4168389070801,6.628925234670521
2024-03-19,Apparel,2761.319556849522,50,4.291994291748427,66.07200455372094,1380.659778424761,5,1,3,0,-1314.58777387104,20.896290157235846
2024-02-01,Apparel,1956.0113872145796,20,3.987290052297179,29.104263792231535,1564.8091097716638,5,3,2,0,-1535.7048459794323,53.76563107531138
2024-02-20,Home & Kitchen,284.9006487081073,20,3.3120602743713867,87.70566154306401,227.92051896648587,135,1,2,0,-140.21485742342185,2.598697905660007
2024-03-15,Electronics,2844.3518532521775,30,2.563428720105789,57.24326364467142,1991.0462972765242,5,4,3,0,-1933.8030336318527,34.78219393002523
2024-02-27,Sports,786.793431966134,5,4.375375703246294,179.59487872317175,747.4537603678273,5,1,2,0,-567.8588816446555,4.161887942918214
2024-03-27,Home & Kitchen,1021.579283862763,50,3.0368841645627067,69.55887447746093,510.7896419313815,5,2,3,0,-441.2307674539205,7.343270657677072
2024-01-26,Beauty,1215.747334845373,20,4.5861843586565705,26.4854436503645,972.5978678762984,5,4,1,0,-946.112424225934,36.721977578159745
2024-04-07,Beauty,167.90452476687506,20,3.5507256501356377,25.616999516257017,134.32361981350004,139,6,4,1,-108.70662029724303,5.243534463443145
2024-02-15,Home & Kitchen,1497.0985353583555,5,3.9426936065794136,260.3130020176342,1422.2436085904378,5,3,2,0,-1161.9306065728038,5.463590360707729
2024-04-07,Sports,383.10569585974736,30,4.682371826022505,189.47772977569232,268.1739871018231,94,6,4,1,-78.69625732613079,1.4153324900994595
2024-01-29,Home & Kitchen,1211.89642516473,50,4.659057502299883,120.63516405854656,605.948212582365,5,0,1,0,-485.31304852381845,5.022981626553653
2024-01-04,Sports,1061.8687171563715,20,3.428798938108933,278.79727260837285,849.4949737250972,5,3,1,0,-570.6977011167244,3.0469988668733667
2024-03-21,Apparel,2321.9276490281127,15,3.022222231787108,35.70800036527551,1973.6385016738957,5,3,3,0,-1937.9305013086203,55.27160528409689
2024-04-08,Home & Kitchen,2412.4639772237024,30,4.437865194321486,304.19501145470866,1688.7247840565915,5,0,4,0,-1384.5297726018828,5.551454561930002
2024-01-13,Sports,472.93745393142774,50,3.5827005090053277,196.806078125066,236.46872696571387,126,5,1,1,-39.662648840647876,1.2015316255397515
2024-02-08,Home & Kitchen,1109.1552943269903,20,2.98010498389751,69.1219549208103,887.3242354615923,5,3,2,0,-818.202280540782,12.837082465016463
2024-01-15,Home & Kitchen,1129.4591856800175,20,4.761063355792876,215.3253841982057,903.5673485440141,5,0,1,0,-688.2419643458084,4.196288105596904
2024-01-29,Sports,466.96017514921385,5,2.9952604856027185,240.19747163615096,443.61216639175314,14,0,1,0,-203.41469475560217,1.8468644293797272
2024-01-29,Sports,2398.3837125778036,50,2.5645179204780777,141.65612109437848,1199.1918562889018,5,0,1,0,-1057.5357351945233,8.465513858662977
2024-03-15,Electronics,2126.0765600812383,15,2.55069993441855,269.1816188424365,1807.1650760690525,5,4,3,0,-1537.9834572266159,6.713553042144618
2024-02-01,Home & Kitchen,583.2896320966487,30,4.0557883911356605,59.46606015245874,408.30274246765407,25,3,2,0,-348.83668231519533,6.866147537281768
2024-01-02,Beauty,1109.66489715249,10,4.154187651793826,97.25708715539446,998.6984074372411,5,1,1,0,-901.4413202818466,10.268644030450456
2024-02-16,Home & Kitchen,330.8279991966949,0,3.27760426264246,42.58024666727698,330.8279991966949,25,4,2,0,-288.24775252941794,7.769518147271256
2024-03-18,Home & Kitchen,1890.1966923227362,15,3.3000274731176584,77.20896297916889,1606.6671884743257,5,0,3,0,-1529.4582254951567,20.809335166278654
2024-03-24,Sports,377.2951947776297,10,3.3487347876498568,85.42499951378778,339.56567529986677,21,6,3,1,-254.140675786079,3.9750152441623383
2024-01-22,Home & Kitchen,2958.0134933453796,15,4.200396366897197,285.70179132190447,2514.3114693435728,5,0,1,0,-2228.6096780216685,8.800474990759371
2024-03-15,Home & Kitchen,2345.335992943269,50,2.6453344775670713,38.042358181591084,1172.6679964716345,5,4,3,0,-1134.6256382900435,30.825323469013952
2024-01-27,Beauty,1179.8620705082253,10,4.822790881728315,141.0874604553743,1061.8758634574028,5,5,1,1,-920.7884030020285,7.526365986247744
2024-03-07,Sports,1742.013337853873,50,3.056302610443616,172.05761273193932,871.0066689269365,5,3,3,0,-698.9490561949972,5.062296605753442
2024-03-21,Home & Kitchen,2735.3553214059802,10,4.999183013105231,280.1144508716374,2461.8197892653825,5,3,3,0,-2181.705338393745,8.7886211568339
2024-02-25,Apparel,1668.986351981541,15,2.9288067344679676,309.320384505058,1418.6383991843097,5,6,2,1,-1109.3180146792517,4.586307499437083
2024-04-01,Electronics,535.8779818978962,5,4.428866143280944,237.24949390135157,509.0840828030014,5,0,4,0,-271.83458890164985,2.145775210861688
2024-04-02,Beauty,1145.4295164097605,15,3.0585313623240626,301.3833422178637,973.6150889482964,5,1,4,0,-672.2317467304326,3.2304873978220416
2024-01-21,Home & Kitchen,2531.78742211379,50,2.702117004108135,247.19483409808277,1265.893711056895,5,6,1,1,-1018.6988769588122,5.121036269530655
2024-02-16,Apparel,1937.9758527290094,15,4.687333310876622,299.1447790865679,1647.279474819658,5,4,2,0,-1348.13469573309,5.506629531859423
2024-03-20,Home & Kitchen,1957.412287236394,10,4.64687814797723,223.64486415361426,1761.6710585127546,5,2,3,0,-1538.0261943591404,7.877091500311498
2024-02-28,Home & Kitchen,2602.4621347801403,0,3.5089259811240034,38.53021050806596,2602.4621347801403,5,2,2,0,-2563.9319242720744,67.54341853998793
2024-03-24,Sports,2683.5095765255764,10,4.255990356351067,133.5664551628396,2415.158618873019,5,6,3,1,-2281.592163710179,18.08207469404306
2024-01-06,Sports,2760.580826761617,20,3.892664831709793,205.74619872172877,2208.464661409294,5,5,1,1,-2002.718462687565,10.733926921275648
2024-01-19,Sports,298.124841860671,15,4.632390284184372,118.46196028900404,253.40611558157033,112,4,1,0,-134.94415529256628,2.139134916924823
2024-02-26,Apparel,1639.2161158598562,30,3.287639923296636,95.64825584356468,1147.4512811018992,5,0,2,0,-1051.8030252583346,11.996572974405167
2024-03-09,Home & Kitchen,2225.420920836681,15,3.809180999997463,185.33278380426185,1891.6077827111787,5,5,3,1,-1706.2749989069168,10.206547076468615
2024-01-03,Electronics,2274.4266327041364,5,3.713430928011376,290.3830536272183,2160.7053010689297,5,2,1,0,-1870.3222474417114,7.44087946620588
2024-01-01,Beauty,1826.0478628804615,50,3.384764565642147,25.3196526872653,913.0239314402307,5,0,1,0,-887.7042787529655,36.05989160741698
2024-02-27,Sports,512.8601955232674,30,4.7286376613909304,241.9232050447241,359.0021368662872,59,1,2,0,-117.07893182156306,1.4839508132339714
2024-02-07,Sports,2395.300353515868,10,2.9146948116563385,228.204547023165,2155.7703181642814,5,2,2,0,-1927.5657711411163,9.44665803677194
2024-01-15,Home & Kitchen,2164.532330542113,5,2.8737715988017403,299.3662604895447,2056.305714015007,5,0,1,0,-1756.9394535254626,6.868862612147381
2024-02-03,Home & Kitchen,272.1152780738733,15,3.9422738383068783,289.55981058810033,231.2979863627923,95,5,2,1,58.26182422530803,0.798791744935261
2024-03-01,Apparel,1399.4723266530132,10,4.143735574962355,239.8586058030369,1259.525093987712,5,4,3,0,-1019.666488184675,5.2511148798304434
2024-02-04,Apparel,534.3225375725837,10,2.9865481358114128,168.52058558136662,480.8902838153253,5,6,2,1,-312.3696982339587,2.8535996487096082
2024-03-04,Sports,1022.3689814532211,20,3.4767936056365603,75.25892820388836,817.8951851625769,5,0,3,0,-742.6362569586886,10.867749577123519
2024-01-25,Home & Kitchen,68.97206023397102,20,4.86640960744686,175.84453690604445,55.17764818717682,228,3,1,0,120.66688871886763,0.3137865364373464
2024-01-24,Electronics,1209.9846572061133,0,3.1165435567266853,240.77883820629788,1209.9846572061133,5,2,1,0,-969.2058189998154,5.025294856557974
2024-01-12,Beauty,1656.3826096512882,20,4.170901755293485,279.22241772817847,1325.1060877210307,5,4,1,0,-1045.8836699928522,4.745700930829323
2024-01-18,Home & Kitchen,1864.4540395888541,50,4.350373484243977,247.96504271711197,932.2270197944271,5,3,1,0,-684.2619770773151,3.7595098469502712
2024-01-15,Home & Kitchen,1995.5186802091996,30,3.620321748662899,72.60374588136092,1396.8630761464397,5,0,1,0,-1324.2593302650787,19.23954555222263
2024-03-20,Apparel,2511.329569610843,10,4.843814966898957,191.90746269727754,2260.1966126497587,5,2,3,0,-2068.2891499524812,11.77753371798304
2024-01-27,Beauty,658.1567782180541,20,4.341641838046977,112.99117056175032,526.5254225744433,5,5,1,1,-413.53425201269295,4.6598811213013684
2024-03-12,Sports,374.6382399788268,0,3.6448114496522446,17.715671880239682,374.6382399788268,17,1,3,0,-356.92256809858713,21.14727809994628
2024-02-29,Home & Kitchen,2556.838458115308,15,3.923338004440235,74.06517605765649,2173.312689398012,5,3,2,0,-2099.2475133403555,29.343246112129453
2024-02-15,Sports,482.4892524545599,30,4.231533608562752,48.400091730367535,337.74247671819194,60,3,2,0,-289.3423849878244,6.97813712006424
2024-03-29,Home & Kitchen,2924.658842788543,20,3.980475451073046,263.60214144414323,2339.7270742308347,5,4,3,0,-2076.1249327866913,8.875979009171358
2024-01-17,Sports,2529.9766147549312,10,4.69674395956519,91.25934438360453,2276.978953279438,5,2,1,0,-2185.7196088958335,24.95063895822284
2024-04-02,Beauty,1510.1166685804535,15,3.392221655701003,98.98590082182888,1283.5991682933854,5,1,4,0,-1184.6132674715566,12.967494942575899
2024-02-22,Apparel,2944.542953392245,50,3.249714350139512,298.18128868067083,1472.2714766961226,5,3,2,0,-1174.0901880154518,4.937504573846053
2024-01-08,Beauty,305.66953638739255,10,3.0345972237381607,126.83058329941139,275.10258274865333,116,0,1,0,-148.27199944924195,2.1690555668202944
2024-03-19,Electronics,919.6512971076784,15,2.594457420161488,17.827763842596394,781.7036025415266,5,1,3,0,-763.8758386989302,43.84754080451635
2024-01-27,Apparel,1920.0998788962252,50,2.6075349109501382,98.73461376211027,960.0499394481126,5,5,1,1,-861.3153256860023,9.723539728035426
2024-02-15,Beauty,1059.7705023924386,50,4.675137982773207,50.193376277534675,529.8852511962193,13,3,2,0,-479.6918749186846,10.556876036119192
2024-02-19,Electronics,2786.1920676626637,30,4.195982866014768,45.32852571207692,1950.3344473638645,5,0,2,0,-1905.0059216517875,43.02664639375719
2024-03-11,Home & Kitchen,210.89387321078544,10,4.151331038591215,37.85875059004611,189.8044858897069,124,0,3,0,-151.9457352996608,5.013490485859052
2024-01-03,Home & Kitchen,1654.9943187019792,20,4.036607047337215,190.0115437017363,1323.9954549615834,5,2,1,0,-1133.983911259847,6.967973782897513
2024-04-02,Sports,1778.7358081744167,20,4.623047861735262,70.8575784708083,1422.9886465395334,5,1,4,0,-1352.1310680687252,20.082377598124836
2024-03-04,Apparel,1963.393449475014,0,3.7006673141640687,121.56662424209809,1963.393449475014,5,0,3,0,-1841.826825232916,16.1507606361179
2024-02-13,Home & Kitchen,778.1636766454661,15,4.676027071395751,269.29522625835494,661.4391251486462,5,1,2,0,-392.14389889029127,2.456185853491805
2024-02-22,Apparel,1103.2307861467955,0,3.398612565455598,140.17975123990132,1103.2307861467955,5,3,2,0,-963.0510349068942,7.870115165625772
2024-01-24,Home & Kitchen,2533.3863810499583,5,4.816768760847726,285.1289482652331,2406.7170619974604,5,2,1,0,-2121.588113732227,8.440802228746975
2024-02-29,Sports,596.904165375927,20,4.2466424502031,161.89172575170386,477.5233323007417,6,3,2,0,-315.6316065490378,2.9496463150508845
2024-01-03,Beauty,2483.2005238124857,15,3.1429428400610684,132.65680137772796,2110.7204452406127,5,2,1,0,-1978.0636438628846,15.911136280382124
2024-01-20,Sports,1694.526437364686,30,3.910212304221563,236.36473349175697,1186.16850615528,5,5,1,1,-949.8037726635231,5.018381924546484
2024-02-15,Electronics,2290.129720914335,0,3.8325764037206387,36.58665413656062,2290.129720914335,5,3,2,0,-2253.543066777774,62.59467488790769
2024-01-15,Home & Kitchen,2145.1179882964625,30,2.844747054325835,41.39612297981313,1501.5825918075236,5,0,1,0,-1460.1864688277105,36.2735078485435
2024-01-25,Electronics,634.4218137238638,30,3.9781072643765354,207.3322456072734,444.0952696067046,33,3,1,0,-236.76302399943123,2.1419498366303587
2024-04-03,Electronics,1712.9060182551104,30,3.2869640592923948,158.64751040557823,1199.0342127785773,5,2,4,0,-1040.386702372999,7.557850795850988
2024-03-18,Apparel,2605.153611123201,0,2.630871917024006,248.17249884416702,2605.153611123201,5,0,3,0,-2356.981112279034,10.49735012242043
2024-03-11,Home & Kitchen,1304.866966853759,5,4.871640394266413,285.2998970163418,1239.623618511071,5,0,3,0,-954.3237214947293,4.344984458371768
2024-01-17,Electronics,2900.2734491166007,50,4.103725922660719,129.5682289131065,1450.1367245583003,5,2,1,0,-1320.5684956451937,11.192070283918277
2024-03-24,Beauty,1364.8620738036284,50,4.6922973296771175,190.94095784247065,682.4310369018142,5,6,3,1,-491.49007905934354,3.574042178340965
2024-04-09,Electronics,441.2151254536358,0,4.190140012533133,162.70550519961643,441.2151254536358,21,1,4,0,-278.50962025401935,2.711740607131442
2024-01-09,Beauty,1177.4625200318546,50,3.3924592303502825,304.5751434145177,588.7312600159273,5,1,1,0,-284.1561166014096,1.9329589848199844
2024-02-07,Apparel,2855.8316830757535,10,3.7817201808220284,260.16990017019555,2570.248514768178,5,2,2,0,-2310.078614597983,9.87911558211306
2024-02-17,Electronics,969.3667352794648,50,4.189366900867943,283.9626239418193,484.6833676397324,45,5,2,1,-200.72074369791312,1.7068562084390322
2024-02-29,Sports,2606.2730072031827,20,4.900630813003594,90.03032583539323,2085.018405762546,5,3,2,0,-1994.9880799271527,23.159067640993385
2024-03-03,Apparel,2645.533284820441,0,3.134173647804241,242.89529483296533,2645.533284820441,5,6,3,1,-2402.637989987476,10.8916613087945
2024-03-26,Beauty,1060.3067751309038,50,4.687442646560294,93.31460137430643,530.1533875654519,5,1,3,0,-436.83878619114546,5.681355112249626
2024-01-02,Apparel,263.5241092811369,0,4.810194513235674,76.57904736137502,263.5241092811369,94,1,1,0,-186.94506191976186,3.441203806539559
2024-03-28,Electronics,2177.8053588390726,5,4.176038786647391,293.5585170983875,2068.9150908971187,5,3,3,0,-1775.3565737987312,7.047709299484274
2024-03-12,Home & Kitchen,944.8642125567483,10,4.828166568503344,20.69480293177066,850.3777913010734,5,1,3,0,-829.6829883693027,41.0913693696292
2024-01-11,Home & Kitchen,2352.0269885588536,0,3.494696468693421,299.78966758071175,2352.0269885588536,5,3,1,0,-2052.2373209781417,7.845590568679697
2024-03-04,Beauty,1336.3247220573928,20,4.882540440101106,59.03225961169783,1069.0597776459142,5,0,3,0,-1010.0275180342164,18.10975532154743
2024-03-17,Beauty,1463.5212258927254,50,4.256957192914937,256.7342341290141,731.7606129463627,5,6,3,1,-475.0263788173486,2.850265043261189
2024-03-21,Home & Kitchen,2337.0595791443825,20,2.6050144185470296,96.39715315509041,1869.6476633155062,5,3,3,0,-1773.2505101604158,19.395258076838513
2024-03-12,Beauty,1156.3545432189592,50,4.7671820795476325,118.45718659206457,578.1772716094796,5,1,3,0,-459.72008501741504,4.88089653522306
2024-01-21,Apparel,1337.7351257889,0,3.7111820225829817,78.94352483998557,1337.7351257889,5,6,1,1,-1258.7916009489145,16.945469922966065
2024-01-18,Sports,1137.9285492773222,30,3.650817461944582,187.7266425319185,796.5499844941255,5,3,1,0,-608.823341962207,4.243137648182734
2024-04-03,Sports,1111.5114381026806,50,3.9161665149490856,117.68818651482286,555.7557190513403,5,2,4,0,-438.06753253651743,4.722272774432994
2024-03-04,Apparel,1584.9505320508563,30,2.87346136692807,208.93094665092565,1109.4653724355994,5,0,3,0,-900.5344257846738,5.310201242180051
2024-03-22,Sports,2429.266341835935,10,3.6729151214184963,19.615958792909463,2186.3397076523415,5,4,3,0,-2166.723748859432,111.45719313208554
2024-04-04,Electronics,1094.8784110888591,20,4.577818041794364,33.99059063693669,875.9027288710873,5,3,4,0,-841.9121382341507,25.768976427237092
2024-02-07,Apparel,1579.900340805144,30,2.5387061478437882,44.40004005571835,1105.9302385636006,5,2,2,0,-1061.5301985078822,24.908316235204975
2024-02-01,Beauty,2017.1210664461635,20,3.1822929008109284,138.60313716651817,1613.696853156931,5,3,2,0,-1475.0937159904129,11.642570912505619
2024-01-11,Apparel,819.2767472164102,50,2.5061364661096106,255.36487093469293,409.6383736082051,53,3,1,0,-154.27350267351216,1.6041296992371596
2024-02-14,Home & Kitchen,843.4055726336418,50,3.539278272874621,277.0124835616229,421.7027863168209,89,2,2,0,-144.690302755198,1.5223241237899334
2024-03-29,Beauty,2801.2381841650126,10,4.320788776234337,87.21916831796572,2521.1143657485113,5,4,3,0,-2433.8951974305455,28.905507979135397
2024-02-02,Home & Kitchen,2174.7507013932996,50,4.496929572786572,184.43906865050914,1087.3753506966498,5,4,2,0,-902.9362820461406,5.895580359696465
2024-02-10,Beauty,1737.9022285265771,10,4.862974402817517,241.66767284431714,1564.1120056739194,5,5,2,1,-1322.4443328296022,6.472160662884869
2024-01-08,Sports,1948.4443624455268,30,4.0212615324269665,100.20468182628457,1363.9110537118688,5,0,1,0,-1263.7063718855843,13.61125078044111
2024-01-11,Apparel,102.45883766370382,50,3.1365671666322386,135.6572823372006,51.22941883185191,234,3,1,0,84.42786350534868,0.3776385458210195
2024-03-26,Electronics,1860.037352201665,0,4.810369872841747,169.5723897922856,1860.037352201665,5,1,3,0,-1690.4649624093795,10.968987076729187
2024-02-20,Beauty,1535.8839865742427,15,4.438289384700941,54.78807969037407,1305.5013885881062,5,1,2,0,-1250.713308897732,23.82820124315244
2024-03-28,Beauty,1644.0627941416155,5,3.936071207507861,22.664776649105193,1561.8596544345346,5,3,3,0,-1539.1948777854295,68.91131903107446
2024-02-10,Home & Kitchen,1087.880123089989,15,4.23910053929734,60.07771374889356,924.6981046264906,5,5,2,1,-864.6203908775971,15.39169929953469
2024-01-17,Sports,258.19958467313154,15,4.810790887518573,199.92181826979234,219.4696469721618,152,2,1,0,-19.547828702369458,1.0977773655299086
2024-03-16,Home & Kitchen,592.1176123319758,20,4.280985071182304,36.71738715243609,473.6940898655807,5,5,3,1,-436.9767027131446,12.901083835268286
2024-02-15,Home & Kitchen,2852.972968939825,10,3.4209362689618352,70.96042763078785,2567.6756720458425,5,3,2,0,-2496.7152444150547,36.18461384429138
2024-02-01,Sports,1234.9681933787379,20,4.282570505722742,114.6668962801146,987.9745547029903,5,3,2,0,-873.3076584228756,8.616039909979875
2024-03-19,Electronics,1408.0492201551297,30,2.6006954068384696,37.97166897037807,985.6344541085907,5,1,3,0,-947.6627851382126,25.957101197671616
2024-03-20,Home & Kitchen,172.3387227125154,5,3.466038904576453,71.55128499268216,163.72178657688963,111,2,3,0,-92.17050158420747,2.288173952342493
2024-02-23,Home & Kitchen,127.13519518878206,30,3.515807579613948,283.8245877501358,88.99463663214743,222,4,2,0,194.82995111798834,0.3135550634904599
2024-03-26,Beauty,2155.7866194345715,0,2.9170955860520866,20.693244006960505,2155.7866194345715,5,1,3,0,-2135.093375427611,104.17828247274512
2024-04-01,Sports,1621.2125724015173,5,2.5577137013794253,207.76241763143682,1540.1519437814413,5,0,4,0,-1332.3895261500045,7.413044001603873
2024-01-20,Apparel,1533.487362885556,20,2.833453091594357,128.40063461997954,1226.789890308445,5,5,1,1,-1098.3892556884653,9.554391175240754
2024-02-02,Electronics,740.726723311666,50,4.136553739492638,213.4313781325495,370.363361655833,91,4,2,0,-156.9319835232835,1.7352807487651718
2024-03-14,Electronics,2238.080933915318,50,4.505722040909219,188.66405750720435,1119.040466957659,5,3,3,0,-930.3764094504546,5.9313919235248465
2024-02-09,Sports,517.1861886388483,20,4.970508731817436,80.93213253462007,413.7489509110787,30,4,2,0,-332.8168183764586,5.112295178112237
2024-02-01,Beauty,581.9552098281448,30,3.3659087577712357,264.9267988341496,407.3686468797013,39,3,2,0,-142.4418480455517,1.5376649273398861
2024-04-06,Beauty,1390.2258314746023,20,3.998448055652754,160.1224128697602,1112.180665179682,5,5,4,1,-952.0582523099217,6.945815050166046
2024-01-02,Sports,869.5453884041435,20,4.842862417037805,257.64812557947414,695.6363107233149,5,1,1,0,-437.9881851438407,2.6999471048305335
2024-04-06,Beauty,753.6769989809419,15,2.9176044533453815,134.77369817552466,640.6254491338007,5,5,4,1,-505.851750958276,4.753341770732387
2024-02-02,Electronics,1941.034368991695,0,4.294113965856857,305.48223840499554,1941.034368991695,5,4,2,0,-1635.5521305866994,6.3540007403584395
2024-03-17,Electronics,1958.1506594773552,50,4.387446832872908,242.2943607578824,979.0753297386776,5,6,3,1,-736.7809689807953,4.040850668897898
2024-01-30,Apparel,2476.1834533527885,15,2.722438839673346,299.95531050820915,2104.75593534987,5,1,1,0,-1804.800624841661,7.016898389909544
2024-02-02,Sports,1261.860072414333,20,4.653123462957662,166.72631127840836,1009.4880579314664,5,4,2,0,-842.761746653058,6.0547615441798515
2024-03-17,Home & Kitchen,233.15899671305846,10,4.532762617777109,154.73888402575665,209.84309704175263,151,6,3,1,-55.10421301599598,1.3561109630777985
2024-01-26,Home & Kitchen,831.8941589905512,15,2.583507516443586,237.85887375095106,707.1100351419685,5,4,1,0,-469.2511613910175,2.9728133493238706
2024-01-22,Apparel,2940.3163076424985,20,2.7277110372001285,274.6859225889619,2352.253046113999,5,0,1,0,-2077.567123525037,8.56342772845296
2024-03-06,Apparel,1794.8318470696158,50,2.622817234729631,299.4230097803396,897.4159235348079,5,2,3,0,-597.9929137544683,2.9971508341765825
2024-02-07,Beauty,2133.5651981310457,20,3.3368588294984054,110.74281227958743,1706.8521585048366,5,2,2,0,-1596.109346225249,15.412757933179657
2024-03-30,Apparel,36.96312143186239,0,3.7732224766998153,250.6178492835785,36.96312143186239,215,5,3,1,213.6547278517161,0.14748798434559213
2024-02-15,Apparel,1561.8441105648249,30,3.830869319886572,77.14045130248333,1093.2908773953773,5,3,2,0,-1016.1504260928939,14.17273115383215
2024-01-15,Home & Kitchen,127.02304273243232,5,3.1691668994236064,175.94443228990636,120.6718905958107,160,0,1,0,55.272541694095665,0.6858522831627758
2024-04-07,Beauty,1714.152183092972,15,4.7789922164006855,68.05520378071375,1457.0293556290262,5,6,4,1,-1388.9741518483124,21.409521604311696
2024-02-13,Apparel,2763.500986163685,15,3.4206569746797832,117.48222171634997,2348.9758382391324,5,1,2,0,-2231.4936165227823,19.99430895944851
2024-02-18,Apparel,2905.7311045437173,15,2.6138753899133813,289.7507183259055,2469.8714388621597,5,6,2,1,-2180.1207205362543,8.52412533481315
2024-03-15,Beauty,1628.5497360359386,20,3.250567778853466,58.09675643306039,1302.839788828751,5,4,3,0,-1244.7430323956905,22.425344697683677
2024-03-01,Sports,1382.7413436778647,0,3.8277735563603885,201.55826406488296,1382.7413436778647,5,4,3,0,-1181.1830796129818,6.860256264326384
2024-03-07,Beauty,2835.8760263317545,20,3.52055455647058,189.92151051358397,2268.7008210654035,5,3,3,0,-2078.7793105518194,11.945465339499481
2024-01-06,Home & Kitchen,2025.7253485101348,20,3.184606297748148,50.61781404915101,1620.580278808108,5,5,1,1,-1569.962464758957,32.01600680018479
2024-01-09,Sports,208.72434942215224,30,2.8283081244107935,111.16381791179958,146.10704459550655,159,1,1,0,-34.94322668370697,1.3143399294852565
2024-01-06,Electronics,1405.1908493374801,10,4.547911250240574,181.0795438320034,1264.6717644037321,5,5,1,1,-1083.5922205717288,6.984067540931249
2024-03-13,Beauty,732.1313801159472,0,4.99036310531048,70.21768965160462,732.1313801159472,5,2,3,0,-661.9136904643426,10.426594548304346
2024-04-04,Home & Kitchen,1417.3658995243145,15,3.323855333809705,251.18397864178056,1204.7610145956673,5,3,4,0,-953.5770359538868,4.796329053748312
2024-02-01,Sports,1374.5647324389897,5,3.4540526104415097,301.7861703127512,1305.8364958170403,5,3,2,0,-1004.050325504289,4.327025636939419
2024-02-10,Beauty,1752.702236402005,15,4.045093811692393,78.35402298892926,1489.796900941704,5,5,2,1,-1411.4428779527748,19.013661891390047
2024-03-16,Apparel,1079.9599136925149,20,4.296103686838853,70.13902961321989,863.967930954012,5,5,3,1,-793.8289013407921,12.317933905249957
2024-01-08,Beauty,505.3472916259453,0,3.480073837008978,149.20584618024617,505.3472916259453,5,0,1,0,-356.1414454456991,3.386913479351654
2024-03-12,Electronics,1518.6025122510196,50,4.762323792454538,235.59075675630947,759.3012561255098,5,1,3,0,-523.7104993692003,3.2229670916627526
2024-02-19,Beauty,2493.1556097720995,0,3.900009973072296,98.07218001939917,2493.1556097720995,5,0,2,0,-2395.0834297527003,25.421639544251395
2024-04-01,Sports,1997.076500781793,0,3.6259751910148275,20.86457306569772,1997.076500781793,5,0,4,0,-1976.2119277160953,95.71614499340392
2024-03-02,Sports,1025.0280797867692,10,4.116681882899763,174.66008526970373,922.5252718080924,5,5,3,1,-747.8651865383887,5.281832253680413
2024-03-24,Beauty,2807.536222935189,15,4.882009620622933,297.19716749135574,2386.4057894949106,5,6,3,1,-2089.208622003555,8.029705698875214
2024-03-02,Sports,2737.9396001788086,10,4.486380736054263,130.42667234504893,2464.145640160928,5,5,3,1,-2333.7189678158793,18.892957980572664
2024-01-07,Apparel,639.9049721615348,50,2.6000328263378107,138.93969348401464,319.9524860807674,101,6,1,1,-181.01279259675277,2.3028155457790667
2024-03-15,Beauty,132.66149158428348,50,3.330774776849899,300.8260065486412,66.33074579214174,247,4,3,0,234.49526075649948,0.2204953838703988
2024-03-24,Apparel,2227.8064944270254,30,3.676361712378057,219.90924542988486,1559.4645460989177,5,6,3,1,-1339.555300669033,7.091400559582804
2024-03-20,Apparel,2485.4166301272226,5,3.2862939305227634,227.15571723842692,2361.145798620861,5,2,3,0,-2133.9900813824343,10.3943930063735
2024-01-04,Home & Kitchen,2904.0757293647957,30,4.2504689020761415,180.99709158446495,2032.8530105553568,5,3,1,0,-1851.855918970892,11.231412575525813
2024-01-06,Beauty,2671.1616363536077,20,4.565672874656453,302.5097172046563,2136.9293090828864,5,5,1,1,-1834.4195918782302,7.0640022040587676
2024-02-27,Sports,1807.5962830961482,10,4.328362737963179,218.21561290553905,1626.8366547865335,5,1,2,0,-1408.6210418809944,7.45517991643777
2024-01-22,Apparel,1597.2062325489567,10,4.973333217070689,279.034661723525,1437.485609294061,5,0,1,0,-1158.450947570536,5.151638152819739
2024-01-26,Home & Kitchen,98.10553801882008,30,3.181369119732573,221.31676539130024,68.67387661317406,224,4,1,0,152.64288877812618,0.31029676622896085
2024-01-03,Beauty,751.2694938316619,20,4.687473737561054,231.8591683279168,601.0155950653295,5,2,1,0,-369.15642673741274,2.5921579871075764
2024-02-10,Beauty,1386.9500339227855,0,4.416556662936215,100.67122203196271,1386.9500339227855,5,5,2,1,-1286.2788118908227,13.777025905997588
2024-02-29,Electronics,1891.08414174945,20,3.4054468938953653,104.5262159140766,1512.86731339956,5,3,2,0,-1408.3410974854835,14.473568187364386
2024-01-14,Electronics,1678.3967224554558,15,4.3353113591424215,245.9804716249286,1426.6372140871374,5,6,1,1,-1180.6567424622087,5.799798677768518
2024-03-15,Apparel,2231.768429199846,30,2.7601898910456173,102.52835530512039,1562.2379004398922,5,4,3,0,-1459.7095451347718,15.23713021427812
2024-03-22,Electronics,850.104288697817,20,4.473333705851381,181.01717088645182,680.0834309582536,5,4,3,0,-499.0662600718018,3.7570106063852657
2024-01-12,Apparel,1701.3835338426327,0,3.8308265064677567,88.55893171747708,1701.3835338426327,5,4,1,0,-1612.8246021251557,19.211879602053344
2024-03-27,Sports,278.1045965215145,20,3.230725431773133,256.01009733867545,222.4836772172116,132,2,3,0,33.52642012146384,0.8690425867183208
2024-01-12,Apparel,1249.7915878958727,10,4.139443254460451,47.59789861216855,1124.8124291062854,5,4,1,0,-1077.2145304941168,23.631556474191147
2024-01-13,Electronics,2254.230086369484,5,4.1040499967860224,259.686758729691,2141.5185820510096,5,5,1,1,-1881.8318233213186,8.24654515511946
2024-01-25,Sports,2084.8015474856966,10,3.023715556798999,192.80529114974254,1876.3213927371269,5,3,1,0,-1683.5161015873844,9.73169035739729
2024-02-14,Electronics,2972.068570458954,50,2.575993537028815,70.13831277398779,1486.034285229477,5,2,2,0,-1415.8959724554893,21.187197502426987
2024-01-19,Apparel,844.5050110734517,5,3.5840564672541846,174.90043872430488,802.2797605197791,5,4,1,0,-627.3793217954742,4.587065454903808
2024-02-24,Home & Kitchen,1502.0950580343276,50,3.923779673361053,98.33715686996543,751.0475290171638,5,5,2,1,-652.7103721471984,7.63747451037556
2024-04-09,Beauty,998.6482851153802,20,4.691513195926496,110.4228637454965,798.9186280923042,5,1,4,0,-688.4957643468076,7.235083396620271
2024-02-14,Electronics,1330.2002954666366,15,4.820541989118986,118.7007722710797,1130.670251146641,5,2,2,0,-1011.9694788755613,9.525382434450412
2024-01-08,Apparel,2572.9961376601236,20,3.822013045391916,33.67917785683468,2058.396910128099,5,0,1,0,-2024.7177322712644,61.11778971796898
2024-04-02,Sports,2057.3640894376326,0,4.384508709421362,305.85869689841815,2057.3640894376326,5,1,4,0,-1751.5053925392144,6.7265181938603655
2024-02-22,Electronics,2649.0869561725312,20,3.5982581808199923,24.302715298711107,2119.2695649380253,5,3,2,0,-2094.966849639314,87.20299517521076
2024-02-24,Electronics,622.4806583706811,5,4.365205391432232,210.43657758936214,591.356625452147,5,5,2,1,-380.9200478627848,2.810141811971955
2024-02-01,Beauty,2621.982936756692,10,3.0120038123479174,124.51215608844201,2359.784643081023,5,3,2,0,-2235.272486992581,18.95224303565066
2024-02-20,Apparel,193.3903884224775,15,3.4276618370088285,205.5730358292762,164.38183015910587,137,1,2,0,41.19120567017032,0.7996273903140746
2024-02-13,Home & Kitchen,2667.4688521049,50,4.085569997034037,120.09323466083721,1333.73442605245,5,1,2,0,-1213.641191391613,11.105824818684688
2024-03-22,Sports,997.2852316902728,20,2.545394914017697,213.75644064636333,797.8281853522183,5,4,3,0,-584.0717447058549,3.732417058123352
2024-03-10,Apparel,954.0440857409884,20,4.306153275847385,230.12447529316643,763.2352685927908,5,6,3,1,-533.1107932996244,3.3166192671182384
2024-01-18,Sports,1543.5844014455117,10,4.588838753170418,218.71302891789523,1389.2259613009605,5,3,1,0,-1170.5129323830654,6.3518207770899435
2024-03-23,Electronics,2822.960210353847,15,3.4978541527348783,48.61878450065492,2399.51617880077,5,5,3,1,-2350.897394300115,49.353685071424344
2024-01-22,Beauty,157.62737357399502,30,3.619856042942911,208.78350422313196,110.33916150179651,189,0,1,0,98.44434272133545,0.5284860119211066
2024-02-06,Beauty,1066.4094605861746,50,4.628205530541328,97.5963270889587,533.2047302930873,5,1,2,0,-435.60840320412865,5.463368819269942
2024-04-05,Home & Kitchen,2571.867386219757,20,4.439136588315083,23.496404317953388,2057.493908975806,5,4,4,0,-2033.9975046578525,87.56633062377522
2024-02-25,Beauty,1197.2226151448683,20,3.2203737225834375,137.37504820724143,957.7780921158947,5,6,2,1,-820.4030439086532,6.971994584278569
2024-02-28,Electronics,609.4833393272451,30,3.3099402664038475,142.89521532712132,426.6383375290715,25,2,2,0,-283.7431222019502,2.985672659174727
2024-01-03,Home & Kitchen,1283.0106312742641,50,4.197195580976492,152.81636933897173,641.5053156371321,5,2,1,0,-488.6889462981603,4.197883501695871
2024-01-28,Apparel,1165.8742169526329,5,3.907995231120403,222.9231287902613,1107.5805061050012,5,6,1,1,-884.6573773147398,4.968441417970029
2024-03-14,Beauty,2747.51736137811,5,2.9055739277412425,106.10892369702545,2610.141493309204,5,3,3,0,-2504.0325696121786,24.59869917031657
2024-02-04,Home & Kitchen,2289.374111593145,0,3.274824773072916,108.00775136565716,2289.374111593145,5,6,2,1,-2181.366360227488,21.196387135609687
2024-03-01,Electronics,1522.769933895859,10,4.749958192196635,32.86291559117188,1370.492940506273,5,4,3,0,-1337.630024915101,41.703327773949404
2024-04-02,Sports,2965.28614166389,15,4.2204360918056585,217.61225871772731,2520.493220414306,5,1,4,0,-2302.8809616965787,11.58249647913323
2024-02-23,Sports,1403.853430858631,20,4.964935794213799,182.50869696287728,1123.082744686905,5,4,2,0,-940.5740477240278,6.153584806511127
2024-03-03,Electronics,188.83992499852155,50,4.4175313249519235,118.08040824466748,94.41996249926078,234,6,3,1,23.660445745406705,0.7996242890998371
2024-03-19,Electronics,797.8888506177299,20,4.854936080358975,223.03074878061963,638.3110804941839,5,1,3,0,-415.28033171356424,2.861986896354133
2024-04-06,Sports,1316.6703834546481,0,3.0404714346761885,173.52053602192876,1316.6703834546481,5,5,4,1,-1143.1498474327193,7.587980152898174
2024-01-07,Home & Kitchen,483.35433307616853,50,4.428712187042314,153.4272590318092,241.67716653808426,118,6,1,1,-88.24990750627506,1.5751905369565307
2024-03-16,Sports,2843.4819020772684,50,2.5505438003694936,165.84074038003232,1421.7409510386342,5,5,3,1,-1255.900210658602,8.572929352465769
2024-02-18,Electronics,2304.043959986053,20,4.176900054278835,202.72269695378168,1843.2351679888425,5,6,2,1,-1640.5124710350608,9.092396636816042
2024-04-03,Beauty,815.8372932769014,10,3.673205695300603,209.70076834950683,734.2535639492113,5,2,4,0,-524.5527955997045,3.501434781228059
2024-03-25,Apparel,1778.551532550979,0,3.3669001798001714,100.24255664651156,1778.551532550979,5,0,3,0,-1678.3089759044674,17.74247976159208
2024-01-31,Beauty,2168.5257339720724,10,4.6560108807327225,56.519292200390204,1951.6731605748653,5,2,1,0,-1895.153868374475,34.531096986409025
2024-02-27,Beauty,2824.7176027867918,0,4.635669231643827,61.20708345120303,2824.7176027867918,5,1,2,0,-2763.510519335589,46.15017484109956
2024-03-01,Electronics,2646.681517288601,20,2.5557542622466087,203.62031134138547,2117.3452138308808,5,4,3,0,-1913.7249024894952,10.398497084512286
2024-01-24,Sports,1552.8487950225679,0,4.023762806123577,272.49761930130217,1552.8487950225679,5,2,1,0,-1280.3511757212657,5.698577473829502
2024-01-20,Home & Kitchen,2327.3380700821576,5,3.419580560802391,135.80140211193776,2210.9711665780496,5,5,1,1,-2075.1697644661117,16.280915603180595
2024-02-06,Beauty,1693.0020901753412,50,3.539152503751123,65.0084472971914,846.5010450876706,5,1,2,0,-781.4925977904792,13.021400760701487
2024-01-04,Sports,1664.8211117859373,15,4.58010184804694,238.19773699668713,1415.0979450180466,5,3,1,0,-1176.9002080213595,5.9408538589001285
2024-04-01,Home & Kitchen,357.5047456395028,20,3.2745994288191955,260.58439495373733,286.0037965116023,103,0,4,0,-25.419401557864944,1.0975476738059382
2024-01-20,Beauty,391.5209091782139,30,4.857622026594051,274.7718207206851,274.0646364247497,119,5,1,1,0.7071842959354058,0.9974262852206585
2024-02-29,Home & Kitchen,1595.6578408420355,15,2.949084565930352,194.01527152955128,1356.30916471573,5,3,2,0,-1162.2938931861788,6.99073404904183
2024-01-24,Sports,817.5517117623347,20,4.156806058420445,268.91492501948494,654.0413694098678,5,2,1,0,-385.12644439038286,2.4321497565167776
2024-02-19,Apparel,77.79515384449886,15,4.180262667534412,19.547412742280265,66.12588076782403,163,0,2,0,-46.57846802554376,3.3828456808913856
2024-02-18,Sports,2172.6750236421335,5,3.1304879035697954,46.634561522009434,2064.041272460027,5,6,2,1,-2017.4067109380176,44.259905209699276
2024-02-20,Electronics,111.97249112014241,15,3.3118765224180047,42.309939780369135,95.17661745212105,192,1,2,0,-52.866677671751916,2.249509641143022
2024-04-05,Home & Kitchen,1791.9013706956027,0,4.5869962314498505,225.21838185514625,1791.9013706956027,5,4,4,0,-1566.6829888404566,7.956283834097078
2024-02-05,Apparel,1624.4934754700334,15,4.404513137387381,35.52662614535581,1380.8194541495284,5,0,2,0,-1345.2928280041726,38.86717101984183
2024-04-07,Home & Kitchen,2906.911851374746,20,3.322739700786899,161.4274898775606,2325.529481099797,5,6,4,1,-2164.1019912222364,14.406031357259305
2024-04-09,Home & Kitchen,1460.3762209527104,30,3.8348913673373346,154.4485350977053,1022.2633546668972,5,1,4,0,-867.8148195691919,6.618796054104402
2024-03-06,Beauty,204.85028758772512,30,2.6542007406327386,106.65753944968108,143.39520131140756,141,2,3,0,-36.73766186172648,1.3444450533106342
2024-03-19,Electronics,1661.788583902288,10,3.021864705996573,271.76952513291945,1495.6097255120594,5,1,3,0,-1223.84020037914,5.503228240107397
2024-02-03,Home & Kitchen,2525.6720692890626,50,3.7145513971509976,65.27779455459881,1262.8360346445313,5,5,2,1,-1197.5582400899325,19.345568324743052
2024-02-05,Sports,2990.5951135800983,15,2.714934338198029,118.97652139777576,2542.0058465430834,5,0,2,0,-2423.0293251453077,21.365609085546904
2024-01-06,Sports,1299.5743734618814,30,4.608330887229844,243.3805925067641,909.7020614233169,5,5,1,1,-666.3214689165528,3.7377756872624683
2024-02-08,Beauty,971.0917463527763,15,4.29501552526912,23.974582746018854,825.4279843998598,5,3,2,0,-801.453401653841,34.4292951057481
2024-02-11,Electronics,2721.360091401717,50,4.859084176621237,213.52036807267876,1360.6800457008585,5,6,2,1,-1147.1596776281797,6.372600693708554
2024-02-27,Electronics,585.8577552922222,30,4.233667264910068,255.83732927666333,410.10042870455555,78,1,2,0,-154.26309942789223,1.6029733810310052
2024-01-12,Sports,1852.055311373286,50,4.851003430655464,290.01901245725935,926.027655686643,5,4,1,0,-636.0086432293837,3.1929894796918306
2024-01-03,Apparel,1226.057556180129,15,3.8862813892274124,273.50750894498805,1042.1489227531097,5,2,1,0,-768.6414138081216,3.8103119244258936
2024-01-18,Beauty,137.63085939233252,20,4.000546527654923,109.21831446593713,110.10468751386603,149,3,1,0,-0.8863730479288989,1.0081156081950462
2024-02-09,Beauty,1051.6560958025077,15,4.942427636565652,187.977421690271,893.9076814321315,5,4,2,0,-705.9302597418605,4.75539920376723
2024-01-21,Sports,806.7071396704837,50,4.105322867160651,37.801580479387425,403.35356983524184,40,6,1,1,-365.5519893558544,10.6702832188507
2024-01-15,Sports,2062.982094521308,20,2.5769664221518664,91.07165104666254,1650.3856756170467,5,0,1,0,-1559.3140245703842,18.121837659135394
2024-04-06,Apparel,2847.1396356103755,20,4.309506941576308,42.795601730514676,2277.7117084883007,5,5,4,1,-2234.916106757786,53.223032657213864
2024-04-08,Apparel,815.1208543252337,10,4.763671730343539,107.98025059541934,733.6087688927104,5,0,4,0,-625.6285182972911,6.793916154551238
2024-01-26,Electronics,2437.22582836777,30,4.488950624485817,273.18022797032506,1706.058079857439,5,4,1,0,-1432.877851887114,6.2451740835459155
2024-01-08,Beauty,180.24905356115244,0,3.9595831815635565,117.41421770391632,180.24905356115244,131,0,1,0,-62.834835857236115,1.5351552570548725
2024-04-09,Beauty,1621.2912149688423,20,4.17825878273379,180.75994038542078,1297.032971975074,5,1,4,0,-1116.273031589653,7.175444787210642
2024-04-03,Sports,225.59194017403533,50,4.975479473129179,142.84735019390754,112.79597008701766,206,2,4,0,30.05138010688988,0.7896259183940286
2024-03-27,Electronics,2803.088478524958,30,2.726655221273346,150.3803746681269,1962.1619349674706,5,2,3,0,-1811.7815602993437,13.047992062114144
2024-02-11,Beauty,2302.55857246381,5,4.168112071583099,301.0237552917847,2187.4306438406193,5,6,2,1,-1886.4068885488346,7.266637949288505
2024-02-13,Electronics,1978.9804849457082,15,3.2084942364264846,102.3655681378381,1682.133412203852,5,1,2,0,-1579.7678440660138,16.43260954639369
2024-01-14,Electronics,2474.330699149623,50,4.100225991465425,200.06071850933554,1237.1653495748114,5,6,1,1,-1037.1046310654758,6.183949346943293
2024-03-18,Sports,1947.846589776937,5,4.019058939709847,138.91848752593688,1850.4542602880902,5,0,3,0,-1711.5357727621533,13.32043195433293
2024-01-02,Electronics,2907.299025565259,50,2.883642080270405,33.03812340906743,1453.6495127826295,5,1,1,0,-1420.6113893735621,43.999154999937744
2024-02-06,Apparel,2146.164474376343,15,3.0168666143505978,159.3525953291496,1824.2398032198917,5,1,2,0,-1664.887207890742,11.447819845367729
2024-03-09,Apparel,2775.1059496030066,10,4.054073945108033,254.93628206830695,2497.595354642706,5,5,3,1,-2242.659072574399,9.796939589687382
2024-02-07,Home & Kitchen,1558.6386976517545,50,2.820574868259435,44.13212576109807,779.3193488258772,5,2,2,0,-735.1872230647791,17.65877658023076
2024-02-10,Sports,364.43727275086,20,3.162952187825807,35.529594981911146,291.54981820068804,75,5,2,1,-256.0202232187769,8.205830050951104
2024-03-02,Home & Kitchen,1591.610498447706,0,4.5881138693450065,60.32129851601366,1591.610498447706,5,5,3,1,-1531.2891999316923,26.385547685535595
2024-02-29,Apparel,393.7153917683335,20,3.3177287650040963,240.4980328598453,314.9723134146668,80,3,2,0,-74.47428055482152,1.3096669010936268
2024-01-14,Home & Kitchen,1783.593035341569,15,3.7201503906741573,228.57863832269769,1516.0540800403337,5,6,1,1,-1287.475441717636,6.63252739260802
2024-03-29,Sports,1455.241785675074,50,4.852850837864601,181.6802418273026,727.620892837537,5,4,3,0,-545.9406510102344,4.004953348362349
2024-03-24,Sports,1873.3875625308533,0,3.067872722092366,153.12678920732657,1873.3875625308533,5,6,3,1,-1720.2607733235268,12.234224803044576
2024-01-02,Electronics,44.99023844867231,20,3.4740650433950258,277.0561153372735,35.992190758937845,222,1,1,0,241.06392457833567,0.12990938934924012
2024-03-10,Beauty,596.5988675912619,0,4.0161444388588645,241.17585803087735,596.5988675912619,5,6,3,1,-355.4230095603845,2.47370890462378
2024-01-17,Electronics,1481.6213392577106,15,4.38834732375993,254.52296413403252,1259.3781383690539,5,2,1,0,-1004.8551742350214,4.947994153116423
2024-03-29,Sports,2852.2531313435675,10,4.754133466781763,254.912378898443,2567.0278182092106,5,4,3,0,-2312.1154393107677,10.070236013261301
2024-01-28,Apparel,1160.072985460148,10,4.7886824689337875,204.60156064993961,1044.0656869141333,5,6,1,1,-839.4641262641936,5.1029214224834964
2024-03-06,Apparel,1281.7504977700994,50,4.4416001859315575,150.11431417320404,640.8752488850497,5,2,3,0,-490.76093471184566,4.269248088797173
2024-02-04,Electronics,2148.367825684767,20,3.070827091483276,270.0799370127669,1718.6942605478137,5,6,2,1,-1448.6143235350469,6.363650256874021
2024-01-05,Sports,1817.3213804990623,5,2.5620233251064146,288.17218819295897,1726.455311474109,5,4,1,0,-1438.28312328115,5.991054592395576
2024-03-05,Apparel,907.2945580435247,15,3.4594348258890593,22.02278276121119,771.200374336996,5,1,3,0,-749.1775915757848,35.01829821866627
2024-02-09,Sports,1241.286940768772,20,2.8538721274695584,30.208687613544136,993.0295526150176,5,4,2,0,-962.8208650014734,32.87231690825888
2024-03-16,Apparel,664.8338995888389,20,4.275969118595745,297.829272587989,531.8671196710711,5,5,3,1,-234.0378470830821,1.7858121031872018
2024-02-25,Sports,2898.5740555036723,10,4.152826467064292,96.76238108403746,2608.716649953305,5,6,2,1,-2511.9542688692677,26.960029514855083
2024-02-05,Home & Kitchen,404.9436289487188,50,2.609929104053637,272.6439846965785,202.4718144743594,137,0,2,0,70.17217022221911,0.7426234424342327
2024-02-14,Sports,1124.932801930762,0,4.591484447827378,129.69456009361377,1124.932801930762,5,2,2,0,-995.2382418371483,8.673708450985018
2024-01-23,Sports,92.1293320767334,15,3.1218581657279554,50.134516994759906,78.3099322652234,146,1,1,0,-28.17541527046349,1.56199634422345
2024-02-16,Electronics,677.011783421636,0,3.5805676887276054,38.73074406175361,677.011783421636,5,4,2,0,-638.2810393598824,17.47995810104204
2024-01-31,Home & Kitchen,2344.7063480647626,30,4.169834338639356,61.16983022873466,1641.2944436453338,5,2,1,0,-1580.1246134165992,26.8317639187158
2024-01-11,Beauty,615.5080683823052,30,3.5735469671306332,88.71849248587259,430.8556478676136,29,3,1,0,-342.13715538174097,4.856435629090772
2024-01-10,Electronics,253.98925654896232,15,3.6032195069998583,159.11291440959374,215.89086806661797,129,2,1,0,-56.77795365702423,1.3568406365234724
2024-03-07,Beauty,1431.242741835902,50,2.664069988339351,221.94188066690614,715.621370917951,5,3,3,0,-493.67949025104485,3.2243638233919754
2024-01-14,Apparel,44.75816568253771,5,3.5036088731500095,305.9875800631635,42.52025739841082,231,6,1,1,263.46732266475266,0.13896072967939932
2024-03-20,Beauty,268.02697096260454,30,4.412119733049959,145.24448927030545,187.61887967382316,132,2,3,0,-42.37439040351771,1.2917452539260017
2024-03-14,Sports,2425.7632206454805,10,4.787940842966494,167.8645579912174,2183.1868985809324,5,3,3,0,-2015.322340589715,13.005645293482116
2024-04-02,Beauty,2317.847934405925,5,3.5337428426584294,168.9356319080604,2201.9555376856288,5,1,4,0,-2033.0199057775683,13.034287159052365
2024-01-10,Electronics,2746.689378908615,20,3.5589645671976973,174.13313486894114,2197.351503126892,5,2,1,0,-2023.218368257951,12.618801727659115
2024-03-16,Electronics,2565.7285761935873,30,4.25656776580913,167.73349384581635,1796.0100033355109,5,5,3,1,-1628.2765094896945,10.707521569820965
2024-04-03,Beauty,2054.279056270857,10,4.856930002763192,17.58855274326576,1848.8511506437712,5,2,4,0,-1831.2625979005054,105.11673004770974
2024-01-01,Electronics,171.21357904247859,20,3.1676523505984004,15.508822522403008,136.97086323398287,129,0,1,0,-121.46204071157986,8.831802868085177
2024-01-05,Electronics,2351.803124690173,5,3.600360516344842,43.81156384720626,2234.212968455664,5,4,1,0,-2190.4014046084576,50.995964815306024
2024-01-20,Beauty,2538.849770359073,15,4.489933108880753,44.959198011607754,2158.0223048052117,5,5,1,1,-2113.0631067936038,47.99957295163593
2024-01-08,Home & Kitchen,2400.2602051292843,20,4.024233923435096,222.94458814166484,1920.2081641034274,5,0,1,0,-1697.2635759617626,8.612939116886196
2024-02-12,Home & Kitchen,1532.8099203944578,0,2.776465859909887,75.45022959221993,1532.8099203944578,5,0,2,0,-1457.3596908022378,20.315510352701615
2024-03-16,Apparel,710.2119883687028,15,4.069331838905664,278.9406609029058,603.6801901133973,5,5,3,1,-324.7395292104915,2.164188570283511
2024-01-01,Electronics,2538.3099774308494,15,2.966865711493317,288.93886722522075,2157.5634808162217,5,0,1,0,-1868.624613591001,7.467197132514727
2024-02-26,Beauty,2185.5809870743133,5,3.7755398351960103,302.8885346792901,2076.3019377205974,5,0,2,0,-1773.4134030413072,6.85500340882518
2024-03-04,Electronics,2942.572105550722,5,3.822758169151096,292.02898494167096,2795.4435002731857,5,0,3,0,-2503.414515331515,9.572486446273611
2024-03-24,Sports,479.74240430145977,10,4.690508405562462,95.20705496596477,431.7681638713138,5,6,3,1,-336.561108905349,4.535043795080785
2024-01-28,Electronics,688.6087804103844,10,3.6562356850310955,165.38416918753617,619.747902369346,5,6,1,1,-454.36373318180983,3.74732300808421
2024-02-06,Electronics,647.2174773962855,0,3.1986060555897353,66.7592162080976,647.2174773962855,5,1,2,0,-580.4582611881879,9.694803416786982
2024-02-16,Home & Kitchen,2380.73120634969,15,3.077415870540079,252.83184827586777,2023.6215253972366,5,4,2,0,-1770.7896771213689,8.003823644833066
2024-03-16,Beauty,572.9182799036028,50,4.68562969171084,277.08735301750835,286.4591399518014,165,5,3,1,-9.371786934293027,1.0338224997721237
2024-02-06,Electronics,213.97959202256868,0,2.927527136045571,266.13020759276685,213.97959202256868,112,1,2,0,52.15061557019817,0.8040409766260012
2024-02-18,Home & Kitchen,2995.7040076581015,0,3.5646714022078596,142.8432498655663,2995.7040076581015,5,6,2,1,-2852.8607577925354,20.971967597190915
2024-02-13,Apparel,89.0793761637702,50,2.9679327873173675,238.8087959826004,44.5396880818851,245,1,2,0,194.2691079007153,0.18650773686380573
2024-02-25,Home & Kitchen,2508.203519574214,50,4.433260100285938,43.785855024999485,1254.101759787107,5,6,2,1,-1210.3159047621075,28.64170995567128
2024-01-28,Home & Kitchen,1105.6200220286987,50,3.6859315999365476,26.872207332678954,552.8100110143494,5,6,1,1,-525.9378036816704,20.571812511363145
2024-03-19,Home & Kitchen,2527.2221473770787,5,3.3778592263920304,237.20474222108444,2400.861040008225,5,1,3,0,-2163.6562977871404,10.12147150823201
2024-01-06,Electronics,1670.5421662652677,0,3.402749101566167,140.4798059269617,1670.5421662652677,5,5,1,1,-1530.062360338306,11.89168902421332
2024-03-01,Electronics,2706.3692200167848,0,4.6305355168074485,308.6870330981729,2706.3692200167848,5,4,3,0,-2397.682186918612,8.767356350715477
2024-01-20,Apparel,2779.6860644476606,20,3.8844348857360953,43.68999367738206,2223.7488515581285,5,5,1,1,-2180.0588578807465,50.89835599379691
2024-03-18,Sports,42.15807112311635,50,4.294669627828159,267.41016605289394,21.079035561558175,257,0,3,0,246.33113049133576,0.07882660510890496
2024-01-02,Sports,240.10534533847297,50,4.742596290626711,156.59500433105256,120.05267266923649,209,1,1,0,36.54233166181608,0.7666443331451169
2024-03-13,Sports,762.3208077690036,10,4.754354190101605,259.0093076736437,686.0887269921033,5,2,3,0,-427.07941931845954,2.6488960306267724
2024-02-06,Apparel,2012.9065178450526,10,3.321272635844658,256.0525482401927,1811.6158660605474,5,1,2,0,-1555.5633178203548,7.075172180521096
2024-01-20,Sports,2666.4925065868456,15,4.881128157865963,285.21764040181284,2266.5186305988186,5,5,1,1,-1981.3009901970058,7.946628502380713
2024-01-26,Sports,1387.926724612479,10,2.5621897050365137,102.86575332940032,1249.1340521512311,5,4,1,0,-1146.2682988218307,12.143342285660518
2024-01-29,Home & Kitchen,1826.8147520786822,30,3.442088902540414,295.1908092712909,1278.7703264550776,5,0,1,0,-983.5795171837867,4.3320126721148755
2024-01-01,Electronics,577.67206059475,15,4.739497143772104,59.74175330549799,491.02125150553746,5,0,1,0,-431.2794982000395,8.219063290537024
2024-02-04,Electronics,2417.825999136831,50,3.1865921995424573,39.18078939007971,1208.9129995684154,5,6,2,1,-1169.7322101783357,30.854738211948924
2024-03-10,Home & Kitchen,2902.4744123901073,20,3.182703625803296,142.326577624843,2321.979529912086,5,6,3,1,-2179.652952287243,16.314447861119554
2024-02-28,Home & Kitchen,816.7678147500734,10,3.2565557127047216,259.3552757493436,735.091033275066,5,2,2,0,-475.7357575257224,2.8343014467363363
2024-03-09,Home & Kitchen,1492.0554655276308,20,4.030783462117306,154.65923353686645,1193.6443724221047,5,5,3,1,-1038.9851388852383,7.717899184710321
2024-02-02,Electronics,272.05658986152577,10,3.5958319390358846,259.63956987150164,244.8509308753732,119,4,2,0,14.78863899612844,0.9430416596228091
2024-02-20,Sports,1684.0229195419606,10,4.316837090883356,230.25760770932004,1515.6206275877646,5,1,2,0,-1285.3630198784444,6.582282525496844
2024-03-18,Home & Kitchen,1515.8085739123414,20,4.7372766064116645,76.7813739109854,1212.6468591298733,5,0,3,0,-1135.865485218888,15.793502998991992
2024-01-12,Apparel,446.1429052029066,0,4.185498437357151,294.92007934534183,446.1429052029066,19,4,1,0,-151.22282585756477,1.5127586639514217
2024-01-20,Home & Kitchen,1334.567646157454,0,3.011166800493939,32.93044474567401,1334.567646157454,5,5,1,1,-1301.6372014117799,40.52686371120976
2024-02-22,Beauty,1012.3023864783913,0,4.831704755901256,279.9925137254195,1012.3023864783913,5,3,2,0,-732.3098727529718,3.615462331507645
2024-03-28,Home & Kitchen,1572.66516278599,30,3.1612321833686963,104.81081745216034,1100.865613950193,5,3,3,0,-996.0547964980326,10.50335872490137
2024-02-12,Electronics,1763.1781912549657,0,2.8747357383203953,162.54368453349778,1763.1781912549657,5,0,2,0,-1600.634506721468,10.847411244031456
2024-04-07,Home & Kitchen,40.359302142520384,10,2.724918197152402,139.59380244671667,36.323371928268344,192,6,4,1,103.27043051844832,0.2602076259233147
2024-03-29,Beauty,2286.602859104423,50,3.908459351665414,65.69119429049027,1143.3014295522114,5,4,3,0,-1077.610235261721,17.404180908882037
2024-02-19,Apparel,2143.3476612072964,5,2.7844061562016296,120.65332558849947,2036.1802781469314,5,0,2,0,-1915.526952558432,16.8762880609817
2024-01-29,Sports,1108.3648628264689,20,2.846939710281577,71.91565870637461,886.6918902611751,5,0,1,0,-814.7762315548005,12.329608130010476
2024-02-26,Home & Kitchen,173.0137676729225,50,3.2500762014887417,75.14651026085454,86.50688383646126,195,0,2,0,-11.360373575606715,1.1511763292290178
2024-02-08,Beauty,2268.4736312583755,5,3.2041325242111593,70.1817666277822,2155.0499496954567,5,3,2,0,-2084.8681830676746,30.70669282414953
2024-04-04,Beauty,2866.1978540272253,50,4.010598775830356,159.26012720224531,1433.0989270136126,5,3,4,0,-1273.8387998113674,8.998479105782154
2024-02-25,Apparel,731.8525141257123,30,4.541863198681703,250.3897534158381,512.2967598879986,17,6,2,1,-261.90700647216056,2.045997301803301
2024-02-12,Electronics,980.7209720050581,5,4.403374140507231,182.8461599595661,931.6849234048052,5,0,2,0,-748.8387634452391,5.09545797194119
2024-02-19,Home & Kitchen,563.6814751032176,15,3.1562111367911916,278.4959436224984,479.12925383773495,7,0,2,0,-200.63331021523658,1.7204173518850074
2024-01-23,Beauty,1737.1543281843465,0,3.1132762449649496,202.78062413013365,1737.1543281843465,5,1,1,0,-1534.3737040542128,8.566668219097377
2024-02-13,Apparel,477.20156302265303,30,4.91447882526742,218.3553341116183,334.0410941158571,100,1,2,0,-115.6857600042388,1.5298050559419945
2024-02-07,Sports,1078.2389212322178,50,2.5205906039799,211.94413276946594,539.1194606161089,5,2,2,0,-327.175327846643,2.543686647851277
2024-03-24,Beauty,2095.583846593775,10,4.699301332650539,147.59046198920365,1886.0254619343975,5,6,3,1,-1738.4349999451938,12.778776057170697
2024-01-23,Apparel,1686.9462092829049,0,2.9993212978060124,218.35495254902443,1686.9462092829049,5,1,1,0,-1468.5912567338805,7.72570619347027
2024-02-14,Electronics,1168.5907545188868,0,4.86821080772442,35.563785208343546,1168.5907545188868,5,2,2,0,-1133.0269693105433,32.85900945787756
2024-02-21,Electronics,1269.4450613955125,5,3.3557682120687993,268.6561842151206,1205.9728083257369,5,2,2,0,-937.3166241106162,4.488907678968895
2024-03-20,Beauty,1692.90098463034,15,3.6008794347331308,244.45458231595563,1438.965836935789,5,2,3,0,-1194.5112546198334,5.886434295086917
2024-02-19,Beauty,32.50621274317649,0,4.267801534860952,87.34283767834525,32.50621274317649,187,0,2,0,54.83662493516876,0.3721680404166179
2024-01-08,Home & Kitchen,249.35195733402543,50,3.969172628683151,241.56957400495432,124.67597866701271,216,0,1,0,116.8935953379416,0.5161079543256377
2024-03-25,Apparel,2645.5553322725896,50,3.2948483242670568,18.729567413005455,1322.7776661362948,5,0,3,0,-1304.0480987232893,70.62510505276182
2024-01-01,Beauty,247.46878243750294,20,3.8845772896695587,79.08773888185972,197.97502595000236,141,0,1,0,-118.88728706814264,2.5032328493514653
2024-01-08,Home & Kitchen,2124.808734688358,20,4.3267672109072155,34.2154854079143,1699.8469877506866,5,0,1,0,-1665.6315023427724,49.680633417449606
2024-01-29,Home & Kitchen,2761.313919865522,0,2.6058373647562303,245.16694040227893,2761.313919865522,5,0,1,0,-2516.146979463243,11.262994575592684
2024-04-05,Beauty,822.9905588406674,5,2.5279982631392603,237.98287459762423,781.841030898634,5,4,4,0,-543.8581563010098,3.285282742384519
2024-01-05,Electronics,1120.91693962265,5,3.645167347682228,255.02262702154005,1064.8710926415174,5,4,1,0,-809.8484656199773,4.175594554406245
2024-03-26,Apparel,1713.2303964464782,10,2.8295915445087854,16.322099531031007,1541.9073568018305,5,1,3,0,-1525.5852572707995,94.46746442578726
2024-02-16,Apparel,2646.9012743711755,30,4.1608607286617865,162.86365437013038,1852.8308920598226,5,4,2,0,-1689.9672376896922,11.376576923964913
2024-02-03,Electronics,2826.588177972354,30,3.0351311405685855,222.92667826761428,1978.6117245806477,5,5,2,1,-1755.6850463130334,8.87561659266912
2024-03-05,Beauty,2222.5962956121352,30,3.5821277669891773,60.84333297800956,1555.8174069284946,5,1,3,0,-1494.974073950485,25.570877379298228
2024-02-24,Apparel,273.5599861512617,15,2.9941773421856723,206.68826461622427,232.52598822857243,140,5,2,1,-25.837723612348157,1.125008179154841
2024-03-30,Beauty,2012.4251542715297,5,3.871208964372811,39.81247929635728,1911.803896557953,5,5,3,1,-1871.9914172615959,48.020217036141155
2024-02-12,Beauty,1239.7566097898962,10,2.7901336484614223,68.49112755077239,1115.7809488109067,5,0,2,0,-1047.2898212601342,16.29088304881212
2024-03-14,Home & Kitchen,1420.0424834808189,20,2.5577671319687005,155.3600604234073,1136.033986784655,5,3,3,0,-980.6739263612478,7.312265351137149
2024-01-30,Electronics,161.70794518035348,50,2.627829095266743,207.8017200409251,80.85397259017674,213,1,1,0,126.94774745074835,0.38909193135770537
2024-03-22,Beauty,585.3204859488792,30,4.885646103788275,58.03139245139935,409.7243401642154,33,4,3,0,-351.692947712816,7.060391330560524
2024-01-17,Sports,2374.6831184879384,20,2.8557155465273394,69.64088259512667,1899.7464947903509,5,2,1,0,-1830.1056121952242,27.27918463978932
2024-01-26,Electronics,1370.0671166478614,20,4.271195632842089,75.31167828437059,1096.053693318289,5,4,1,0,-1020.7420150339185,14.553568826068146
2024-01-08,Apparel,915.4617912689794,0,2.669815510557066,85.41673738619865,915.4617912689794,5,0,1,0,-830.0450538827807,10.717592585278219
2024-02-16,Home & Kitchen,1161.2969357854001,15,2.7704008805879554,81.83338531525591,987.1023954175901,5,4,2,0,-905.2690101023342,12.062343401960765
2024-03-16,Apparel,2565.3825472771555,10,3.7721906285233366,131.56898700680284,2308.84429254944,5,5,3,1,-2177.2753055426374,17.54854502626869
2024-03-31,Apparel,2250.7620669537964,15,3.6621773253858594,207.86794699683327,1913.147756910727,5,6,3,1,-1705.2798099138936,9.203668889556466
2024-03-12,Electronics,827.8614605855321,0,4.878950773599674,144.21937602466855,827.8614605855321,5,1,3,0,-683.6420845608635,5.740292902417823
2024-03-29,Apparel,365.74299303393434,10,4.862088632551844,243.912303081217,329.1686937305409,110,4,3,0,-85.25639064932389,1.349537065462973
2024-02-15,Beauty,767.2146916075541,10,4.449021606356163,227.18420925484136,690.4932224467987,5,3,2,0,-463.3090131919573,3.0393539441477886
2024-03-08,Apparel,2763.45800639838,5,4.005254575318374,52.32543964447733,2625.2851060784606,5,4,3,0,-2572.9596664339833,50.17225127807494
2024-02-02,Home & Kitchen,1751.0426809815197,15,3.6374007934825277,29.40827887961946,1488.3862788342917,5,4,2,0,-1458.9779999546722,50.611131815190106
2024-01-01,Home & Kitchen,1607.4384231031768,15,3.3904463358210526,273.9927613798838,1366.3226596377003,5,0,1,0,-1092.3298982578165,4.986710790301974
2024-01-19,Sports,1795.2348950819976,5,4.867718867438889,38.550164636047654,1705.4731503278977,5,4,1,0,-1666.92298569185,44.24035970868815
2024-01-31,Home & Kitchen,1107.594373253348,20,4.007272028561713,58.76005831231536,886.0754986026785,5,2,1,0,-827.3154402903632,15.07955444654432
2024-03-20,Apparel,2424.2144556537455,0,3.947681319214986,21.52931628964483,2424.2144556537455,5,2,3,0,-2402.685139364101,112.60062433193683
2024-01-14,Home & Kitchen,1577.0094541612457,15,3.079752804422287,200.35922776310287,1340.4580360370587,5,6,1,1,-1140.098808273956,6.690273520229202
2024-02-22,Electronics,363.49248976485467,5,2.6167445447127826,186.79931613171283,345.31786527661194,50,3,2,0,-158.5185491448991,1.8486034768624482
2024-02-17,Home & Kitchen,400.2593976147529,50,4.862971449398861,306.1365815984004,200.12969880737646,211,5,2,1,106.00688279102397,0.6537268357883242
2024-03-09,Beauty,1617.5245523103158,10,3.284338147111635,276.6450569135657,1455.7720970792843,5,5,3,1,-1179.1270401657187,5.262237877375564
2024-03-30,Electronics,2810.662100941455,30,3.6064725583111468,136.19873735686838,1967.4634706590182,5,5,3,1,-1831.2647333021498,14.445533848848129
2024-03-02,Sports,935.4310832034532,50,2.786599858964267,124.61782306919783,467.7155416017266,13,5,3,1,-343.0977185325288,3.753199422702268
2024-04-01,Beauty,2610.5803890447664,5,4.5923108247732305,102.5713501125956,2480.051369592528,5,0,4,0,-2377.4800194799323,24.178792293073087
2024-03-06,Apparel,2295.825325937955,30,2.5690795821398265,59.960041411175006,1607.0777281565684,5,2,3,0,-1547.1176867453933,26.802478622989252
2024-03-04,Apparel,754.720142077117,20,4.584976905247741,55.73467869759267,603.7761136616936,5,0,3,0,-548.0414349641009,10.833041972623272
2024-03-10,Apparel,123.47713372398373,0,2.850712531969917,54.0236938628336,123.47713372398373,102,6,3,1,-69.45343986115012,2.285610718095151
2024-03-03,Beauty,319.0140864500125,30,4.716410281577881,48.66385337009967,223.30986051500872,146,6,3,1,-174.64600714490905,4.588824045985147
2024-03-13,Beauty,2189.554392534609,20,4.324431593340393,85.95105250963339,1751.6435140276874,5,2,3,0,-1665.692461518054,20.379546996604414
2024-02-02,Beauty,611.0141680513303,30,2.9116756562682626,105.46724594236935,427.7099176359312,5,4,2,0,-322.2426716935619,4.05538149606794
2024-02-10,Electronics,1123.2436977086004,10,3.91454498214867,298.66579645648017,1010.9193279377404,5,5,2,1,-712.2535314812602,3.38478439758349
2024-03-29,Electronics,1512.5720105291782,10,3.2816407858880488,185.6496090455563,1361.3148094762605,5,4,3,0,-1175.6652004307043,7.33271034867738
2024-02-17,Apparel,2180.522482823736,10,2.9455827472789586,306.3407534814179,1962.4702345413625,5,5,2,1,-1656.1294810599447,6.406167681703514
2024-01-13,Home & Kitchen,352.9952014284893,10,4.647955498527772,124.87774960857361,317.6956812856404,61,5,1,1,-192.81793167706678,2.5440535426162794
2024-03-13,Apparel,1228.0037197532226,5,3.5088069162680737,149.9998566138851,1166.6035337655615,5,2,3,0,-1016.6036771516764,7.777364326210775
2024-03-17,Sports,1462.9426337909458,10,3.4963592859134565,110.75070445375735,1316.6483704118514,5,6,3,1,-1205.897665958094,11.8883972513385
2024-01-31,Electronics,1629.368785955046,50,2.92471668701655,68.95185701448304,814.684392977523,5,2,1,0,-745.7325359630399,11.815263986384037
2024-03-15,Beauty,2457.806514564722,10,3.4576641902144467,57.23358879438585,2212.0258631082497,5,4,3,0,-2154.792274313864,38.64908543574034
2024-03-08,Electronics,527.4594122040024,50,4.679042115822126,293.79836335331044,263.7297061020012,146,4,3,0,30.06865725130922,0.89765546374011
2024-04-07,Beauty,2426.3768837024677,5,3.4078217762240897,306.10915113063294,2305.0580395173442,5,6,4,1,-1998.9488883867114,7.53018337087758
2024-01-04,Sports,2083.242106674507,10,4.87900890624947,28.24830147007581,1874.9178960070562,5,3,1,0,-1846.6695945369804,66.37276573932091
2024-01-19,Sports,1674.2743803838937,20,4.865772248020969,59.352033045871124,1339.419504307115,5,4,1,0,-1280.0674712612438,22.567373610806627
2024-03-10,Electronics,2103.090693151677,20,2.862246648268365,139.93960722880166,1682.4725545213416,5,6,3,1,-1542.53294729254,12.022847482846613
2024-04-07,Beauty,1244.8729507706944,15,2.9432781338066123,69.96837552160017,1058.1420081550903,5,6,4,1,-988.1736326334901,15.123146711165644
2024-03-22,Sports,428.1167941148518,20,4.656685175829723,122.34471611993057,342.4934352918815,76,4,3,0,-220.14871917195092,2.799413380109904
2024-01-13,Apparel,2002.3092421921215,0,3.481902297311798,53.08342320859184,2002.3092421921215,5,5,1,1,-1949.2258189835297,37.720047449163694
2024-01-23,Apparel,1581.1468354565825,0,2.5109349557075236,149.67096823292812,1581.1468354565825,5,1,1,0,-1431.4758672236544,10.564151846708805
2024-03-23,Beauty,1923.533779620185,0,3.1846795492634277,95.14991176993149,1923.533779620185,5,5,3,1,-1828.3838678502534,20.215823050589993
2024-03-15,Electronics,1023.9263613700427,5,3.9940724829888996,118.81199144880495,972.7300433015406,5,4,3,0,-853.9180518527356,8.187136933233557
2024-01-01,Sports,2721.99673335941,20,4.49816491489992,42.82223218151054,2177.597386687528,5,0,1,0,-2134.7751545060173,50.85202885868603
2024-03-28,Electronics,1768.2990576980972,50,2.833471542733149,141.2977749594918,884.1495288490486,5,3,3,0,-742.8517538895568,6.257349268964233
2024-02-23,Apparel,269.92641560825837,0,2.776353411041838,305.0609952336631,269.92641560825837,119,4,2,0,35.13457962540474,0.8848276896281243
2024-03-11,Sports,1357.6649122527197,15,4.805231633930829,112.00574882995114,1154.0151754148117,5,0,3,0,-1042.0094265848604,10.303178073179577
2024-03-29,Electronics,2272.7228234097483,5,4.3778709195564565,273.54663607851836,2159.086682239261,5,4,3,0,-1885.5400461607426,7.892938159252378
2024-03-25,Home & Kitchen,2385.491666770833,15,3.974449001945196,263.7437467789871,2027.6679167552081,5,0,3,0,-1763.924169976221,7.688022717195871
2024-01-15,Beauty,1491.3722024998199,20,4.42296697498982,295.85723339767713,1193.097761999856,5,0,1,0,-897.2405286021788,4.03268072339523
2024-03-05,Beauty,2685.821498931434,10,3.572135903266596,248.08230611879287,2417.2393490382906,5,1,3,0,-2169.1570429194976,9.743699124921907
2024-03-16,Home & Kitchen,813.9902850249782,15,4.3961393682728165,209.5810639823504,691.8917422712315,5,5,3,1,-482.31067828888104,3.3013084728374995
2024-03-11,Apparel,1240.6371112562258,10,3.4295074781863395,267.6924110471,1116.5734001306032,5,0,3,0,-848.8809890835032,4.17110591877834
2024-01-15,Sports,2697.311778048376,5,3.110236431231506,37.315180793918145,2562.446189145957,5,0,1,0,-2525.131008352039,68.67034098796594
2024-01-21,Beauty,2690.326298667663,15,4.322533553232422,151.5350438736483,2286.7773538675137,5,6,1,1,-2135.2423099938655,15.09074927760113
2024-01-19,Home & Kitchen,2061.8526149416725,15,3.5491807303931706,306.83059039144234,1752.5747227004215,5,4,1,0,-1445.7441323089793,5.711864388959901
2024-02-29,Home & Kitchen,2579.056933159827,30,4.953442760815487,242.032044631946,1805.3398532118788,5,3,2,0,-1563.3078085799327,7.459094335864609
2024-04-02,Apparel,279.9882018643545,5,3.3737129557702525,298.81223652098083,265.98879177113673,87,1,4,0,32.8234447498441,0.8901536124089101
2024-03-29,Apparel,2597.0100039802123,5,4.804318551327665,244.99213505937632,2467.1595037812017,5,4,3,0,-2222.1673687218254,10.070362067677236
2024-02-02,Electronics,972.0504210524269,0,4.832406371417699,273.0901803954325,972.0504210524269,5,4,2,0,-698.9602406569944,3.559448456348395
2024-02-18,Beauty,547.3195645982257,20,3.1046323676618655,223.42624152944134,437.8556516785806,43,6,2,1,-214.42941014913927,1.9597324319707694
2024-04-05,Electronics,729.5189614810083,15,4.495552953970034,239.34809130308574,620.091117258857,5,4,4,0,-380.74302595577126,2.5907502077116527
2024-02-04,Home & Kitchen,1262.635996421453,15,3.582686262861413,169.3375129026527,1073.240596958235,5,6,2,1,-903.9030840555824,6.337878586744158
2024-02-13,Sports,764.8081337443347,50,4.79381181807587,287.6501217401692,382.40406687216733,108,1,2,0,-94.75394513199814,1.3294069356159988
2024-03-30,Sports,971.8942442592496,5,3.625310681588097,258.38647863389167,923.299532046287,5,5,3,1,-664.9130534123954,3.573327586365353
2024-01-11,Apparel,417.91078092385163,5,4.360759293343415,263.9460648713615,397.01524187765904,63,3,1,0,-133.06917700629754,1.5041529112061247
2024-04-08,Sports,899.0876451936106,20,3.667418522909495,213.53768478410043,719.2701161548885,5,0,4,0,-505.73243137078805,3.3683521336391475
2024-03-12,Sports,1723.2671864078734,5,3.06950188928214,104.85108439073845,1637.1038270874797,5,1,3,0,-1532.2527426967413,15.613608925460822
2024-03-18,Sports,1333.9333186518259,10,2.9983753223617158,25.510789640091105,1200.5399867866433,5,0,3,0,-1175.0291971465522,47.06008726989589
2024-03-14,Home & Kitchen,1049.9555022891948,10,3.563577985640864,291.01826317581566,944.9599520602753,5,3,3,0,-653.9416888844596,3.2470812716292916
2024-03-06,Sports,2243.1596046384852,30,4.388736642535537,187.90550289762157,1570.2117232469395,5,2,3,0,-1382.306220349318,8.356390308071251
2024-02-15,Sports,2682.127264609054,10,4.012678712951917,102.95217648870137,2413.9145381481485,5,3,2,0,-2310.962361659447,23.44695003522404
2024-01-09,Sports,2274.015830363655,10,4.221573224751358,58.99485681502365,2046.6142473272894,5,1,1,0,-1987.6193905122657,34.69140121391222
2024-01-03,Electronics,1006.0220958212724,20,3.205815876829856,259.7093338227226,804.817676657018,5,2,1,0,-545.1083428342954,3.0989170270113813
2024-03-25,Home & Kitchen,2237.1598709950977,15,3.7035883648940136,261.77345736203574,1901.585890345833,5,0,3,0,-1639.8124329837972,7.264242561139105
2024-01-26,Apparel,468.66084468504283,10,2.6109881624233173,255.27985059850678,421.7947602165386,27,4,1,0,-166.5149096180318,1.6522837945401312
2024-03-12,Electronics,403.9991944525034,30,4.543831039895302,205.29939413020193,282.79943611675236,125,1,3,0,-77.50004198655043,1.377497665372551
2024-02-17,Beauty,1046.6967055529344,5,4.974730405599686,122.9745393396034,994.3618702752876,5,5,2,1,-871.3873309356842,8.085916610179632
2024-03-06,Home & Kitchen,2425.9915715965103,10,3.5171976565616774,104.70073401017581,2183.3924144368593,5,2,3,0,-2078.6916804266834,20.853649547716223
2024-03-10,Home & Kitchen,750.349518018271,30,2.5274091328288586,17.523657184860205,525.2446626127897,5,6,3,1,-507.7210054279295,29.973461422572328
2024-01-28,Beauty,203.81142556255855,20,2.9244815988773682,260.9142298130309,163.04914045004685,159,6,1,1,97.86508936298404,0.6249147107342002
2024-04-02,Beauty,408.15296259096993,50,4.131317194376047,40.792645760624524,204.07648129548497,159,1,4,0,-163.28383553486043,5.00277629681161
2024-01-26,Beauty,2578.3537310607967,50,4.030198295509648,201.07272442202645,1289.1768655303983,5,4,1,0,-1088.104141108372,6.411495488689842
2024-01-25,Apparel,1906.8431049706535,50,4.46966179896386,163.70210931782606,953.4215524853267,5,3,1,0,-789.7194431675007,5.82412503087708
2024-01-12,Sports,770.8054726593804,5,3.1347100274026705,170.3733608832736,732.2651990264113,5,4,1,0,-561.8918381431378,4.298002899221444
2024-01-05,Home & Kitchen,1672.5580386046213,30,4.409079788867835,288.38028936579315,1170.7906270232347,5,4,1,0,-882.4103376574416,4.059884361715709
2024-04-07,Sports,1589.825172939671,10,4.219960053809174,24.326428325016423,1430.8426556457039,5,6,4,1,-1406.5162273206874,58.81844373241907
2024-02-17,Sports,1971.476395645374,15,3.307036244284608,243.15070626548783,1675.7549362985678,5,5,2,1,-1432.60423003308,6.891836598117338
2024-02-06,Beauty,711.0648499485247,5,3.863720370142405,30.355457518355603,675.5116074510985,5,1,2,0,-645.1561499327429,22.25338251095785
2024-03-19,Apparel,2595.242916775277,5,2.8681845212458166,26.255313750936274,2465.480770936513,5,1,3,0,-2439.225457185577,93.90406811834778
2024-02-13,Electronics,938.4651578088383,50,3.6314112585889564,141.79622095170765,469.23257890441914,18,1,2,0,-327.4363579527115,3.309203699189052
2024-04-09,Apparel,2086.9829871190673,15,4.702993348889102,33.60717643117518,1773.9355390512071,5,1,4,0,-1740.3283626200318,52.78442664423432
2024-01-15,Sports,63.132069421061445,50,3.552978449563477,247.79746563140904,31.566034710530722,262,0,1,0,216.23143092087832,0.12738643080992687
2024-02-12,Apparel,1127.3815327340294,5,4.598916766188555,171.22111262625947,1071.012456097328,5,0,2,0,-899.7913434710684,6.255142486050351
2024-02-17,Beauty,1064.8538066070428,10,3.975633413149236,23.566440884633458,958.3684259463386,5,5,2,1,-934.8019850617051,40.66665945179887
2024-03-27,Electronics,1637.3010193202983,50,2.979691782755892,26.947702512166256,818.6505096601492,5,2,3,0,-791.7028071479829,30.379232117860425
2024-03-10,Beauty,232.11774140493154,50,3.952765611744741,195.73721627314643,116.05887070246577,230,6,3,1,79.67834557068066,0.5929320591772823
2024-02-15,Electronics,2373.5421505724335,50,3.7649583228926584,252.80298620922943,1186.7710752862167,5,3,2,0,-933.9680890769873,4.694450382417554
2024-02-12,Sports,665.075693276192,5,3.49660333799096,144.1508617260582,631.8219086123825,5,0,2,0,-487.67104688632423,4.383060226258556
2024-01-21,Electronics,2035.9578774228005,10,2.799076098790176,178.60129810300919,1832.3620896805205,5,6,1,1,-1653.7607915775113,10.259511600098767
2024-01-23,Electronics,2412.588187883618,15,3.5417716596180746,250.94968894472098,2050.6999597010754,5,1,1,0,-1799.7502707563544,8.171757328429294
2024-03-20,Electronics,1692.2027143809166,0,2.681905940599068,195.09932134233665,1692.2027143809166,5,2,3,0,-1497.10339303858,8.673544852632492
2024-02-16,Apparel,2226.5363720651267,15,2.746922628496878,81.30427010935175,1892.5559162553577,5,4,2,0,-1811.251646146006,23.277447958267484
2024-01-15,Apparel,1990.6530319617914,10,3.5397913323317898,195.8503476314962,1791.5877287656124,5,0,1,0,-1595.7373811341163,9.147738313626018
2024-01-25,Sports,1076.2564444987427,20,3.2634537049211594,200.342440424238,861.0051555989942,5,3,1,0,-660.6627151747562,4.297667302922738
2024-02-05,Electronics,2429.4427390151923,50,4.813860814655559,231.56155935993237,1214.7213695075961,5,0,2,0,-983.1598101476637,5.245781609284594
2024-03-15,Home & Kitchen,894.683589108301,15,3.4392645134506763,198.15788532925637,760.4810507420558,5,4,3,0,-562.3231654127994,3.8377531607104665
2024-02-20,Sports,1720.0705594882788,20,4.3946453051802505,300.9264284851212,1376.056447590623,5,1,2,0,-1075.1300191055018,4.572733789178174
2024-01-15,Electronics,2240.0122513374954,20,3.8256188159156066,73.2000510715352,1792.0098010699965,5,0,1,0,-1718.8097499984613,24.480991130986286
2024-03-08,Electronics,1146.1833907903351,10,4.260214171605838,295.5717504722875,1031.5650517113017,5,4,3,0,-735.9933012390143,3.4900664561582326
2024-01-21,Apparel,918.7613087380138,10,3.150289957538498,173.8101496532548,826.8851778642124,5,6,1,1,-653.0750282109576,4.757404441074469
2024-01-13,Sports,1386.147840365876,50,4.854762432095823,213.22706144599906,693.073920182938,5,5,1,1,-479.8468587369389,3.2504031874887644
2024-03-26,Electronics,2456.6210306322237,0,3.8252212422860596,44.34117124839601,2456.6210306322237,5,1,3,0,-2412.2798593838274,55.402709524076656
2024-01-19,Electronics,2790.816462989809,30,4.578310178213124,127.26990270654157,1953.5715240928664,5,4,1,0,-1826.3016213863248,15.34983120555536
2024-02-03,Sports,1642.0739873867722,5,3.4126142336902836,241.96684820663592,1559.9702880174334,5,5,2,1,-1318.0034398107975,6.447041400833734
2024-03-18,Home & Kitchen,1989.4766228911008,15,2.7505283726263112,223.53874945420216,1691.0551294574357,5,0,3,0,-1467.5163800032335,7.56493061532445
2024-03-08,Sports,2711.2717623831586,10,4.184279119302122,26.841119508796005,2440.144586144843,5,4,3,0,-2413.303466636047,90.91068594755119
2024-02-21,Sports,309.162351467633,15,2.5193991208435613,176.24530773168715,262.7879987474881,63,2,2,0,-86.54269101580093,1.4910354331109459
2024-01-27,Home & Kitchen,707.7545549305026,30,3.6882324414137706,41.042066925680786,495.42818845135184,5,5,1,1,-454.38612152567106,12.071228998979903
2024-01-29,Sports,2131.0665186609735,30,2.9820047566661483,308.77764660755787,1491.7465630626814,5,0,1,0,-1182.9689164551235,4.831135218018623
2024-01-28,Electronics,2473.8772188082144,50,4.068438761088405,279.7024936173219,1236.9386094041072,5,6,1,1,-957.2361157867853,4.42233672430693
2024-02-04,Sports,2573.231649566775,20,4.9485496828446305,21.218794826418403,2058.5853196534204,5,6,2,1,-2037.366524827002,97.01707078530136
2024-01-08,Home & Kitchen,1254.0949229119738,50,3.661007265801615,268.30162577627607,627.0474614559869,5,0,1,0,-358.7458356797108,2.33709900058098
2024-01-16,Beauty,281.6796083412225,5,4.543745641314167,286.23173216473026,267.59562792416136,137,1,1,0,18.636104240568898,0.934891550634073
2024-02-05,Sports,1321.7777097393655,0,3.7694604673778027,119.29672565621925,1321.7777097393655,5,0,2,0,-1202.4809840831463,11.07974843792754
2024-01-30,Apparel,703.7427517680555,15,3.73960007776006,227.25298823909094,598.1813390028472,5,1,1,0,-370.9283507637562,2.632226505085626
2024-01-18,Electronics,884.2214181649231,5,4.826058732946945,145.4206051312948,840.0103472566769,5,3,1,0,-694.5897421253821,5.776419005396541
2024-01-02,Electronics,2320.218657159955,0,4.724914671866704,208.29358295002152,2320.218657159955,5,1,1,0,-2111.9250742099334,11.139174929439253
2024-02-18,Apparel,240.44835178727232,15,4.4645011629699365,115.39363426796648,204.38109901918148,113,6,2,1,-88.987464751215,1.7711644174805066
2024-03-17,Apparel,2485.3299341798956,5,3.24063938329196,110.15497480681417,2361.0634374709007,5,6,3,1,-2250.9084626640865,21.43401550054048
2024-01-04,Sports,1291.5922211851446,10,3.8625210393098515,140.20799721298582,1162.4329990666301,5,3,1,0,-1022.2250018536444,8.290775292231103
2024-03-30,Apparel,1794.2508343352763,15,3.0597430832642125,57.942488802487844,1525.1132091849847,5,5,3,1,-1467.170720382497,26.321154660507123
2024-03-29,Beauty,282.6119102385018,5,3.6097917451163495,260.18599450843783,268.4813147265767,69,4,3,0,-8.295320218138897,1.031882270349759
2024-04-03,Home & Kitchen,1022.0168488964797,30,3.7105326643994765,117.86587913168282,715.4117942275358,5,2,4,0,-597.5459150958529,6.069710755122432
2024-03-15,Apparel,282.75724325931463,0,4.579100100423327,133.04411840222434,282.75724325931463,73,4,3,0,-149.7131248570903,2.125289314965969
2024-01-07,Apparel,2885.208012800112,5,4.740070913312483,278.74611074713266,2740.9476121601065,5,6,1,1,-2462.201501412974,9.833133114623381
2024-04-04,Beauty,2424.6760232388574,10,3.5365501559911947,161.50402514863555,2182.2084209149716,5,3,4,0,-2020.7043957663361,13.511789683920505
2024-03-14,Electronics,1387.0037717540338,50,2.544261112683093,175.55490325850457,693.5018858770169,5,3,3,0,-517.9469826185123,3.9503418759875677
2024-02-08,Electronics,682.4536067461582,15,4.654434599473387,297.16694680924405,580.0855657342345,5,3,2,0,-282.9186189249904,1.9520527836717996
2024-01-13,Sports,2801.363489170809,15,2.9356966962534017,276.5842830277718,2381.1589657951877,5,5,1,1,-2104.5746827674157,8.609162240632799
2024-01-31,Beauty,1043.6208382450106,15,4.0547049097259835,64.99267912208965,887.077712508259,5,2,1,0,-822.0850333861694,13.648886682173405
2024-03-11,Home & Kitchen,495.53852858681364,10,2.562427251085328,154.598433825841,445.9846757281323,5,0,3,0,-291.3862419022913,2.884794267906654
2024-03-03,Home & Kitchen,1696.0456995350553,0,3.4987661881514107,301.5323870914209,1696.0456995350553,5,6,3,1,-1394.5133124436343,5.6247546603371505
2024-02-25,Beauty,2832.165749229276,15,4.964900755288374,124.84805797743779,2407.3408868448846,5,6,2,1,-2282.492828867447,19.28216526427614
2024-02-11,Home & Kitchen,26.433417143462886,0,2.7517340027595076,124.61406701227902,26.433417143462886,186,6,2,1,98.18064986881613,0.21212225695882497
2024-03-01,Electronics,725.8026571131862,5,3.5592328799991058,72.53391837780053,689.5125242575269,5,4,3,0,-616.9786058797264,9.506070258966687
2024-02-11,Home & Kitchen,2816.266206625067,30,3.2678748754748805,48.72531866514194,1971.3863446375467,5,6,2,1,-1922.6610259724048,40.45917807507075
2024-02-25,Home & Kitchen,525.6916110686286,30,4.76272030847066,233.38991327301463,367.98412774804,86,6,2,1,-134.59421447502538,1.5766925082044136
2024-02-05,Beauty,353.03170314486226,0,4.673350269768388,242.15898826694738,353.03170314486226,54,0,2,0,-110.87271487791489,1.457850917165597
2024-03-24,Beauty,1717.0088391624163,0,3.094246900765572,300.85882423338495,1717.0088391624163,5,6,3,1,-1416.1500149290314,5.7070250258988
2024-03-08,Home & Kitchen,2587.6038125350674,30,2.702969467626078,243.15837221708207,1811.322668774547,5,4,3,0,-1568.164296557465,7.449147863012796
2024-01-07,Apparel,1439.1728058163694,15,4.067845985152793,86.78898573991162,1223.296884943914,5,6,1,1,-1136.5078992040023,14.095070641911613
2024-02-23,Beauty,2983.7743062033064,20,3.3409217797092743,26.834390595112055,2387.019444962645,5,4,2,0,-2360.185054367533,88.95374152440958
2024-01-01,Sports,2042.3275231209086,20,4.180210976515157,305.70402838904977,1633.862018496727,5,0,1,0,-1328.157990107677,5.344587793319545
2024-02-13,Sports,236.1135980231865,10,2.5802993901695364,115.4329551853637,212.50223822086787,97,1,2,0,-97.06928303550417,1.8409148226312761
2024-02-14,Electronics,2978.6039130706963,50,2.8334980879437235,107.03160501756412,1489.3019565353482,5,2,2,0,-1382.270351517784,13.914599863198823
2024-02-16,Home & Kitchen,1232.5642967888684,30,4.215930581931609,282.25678687606785,862.7950077522079,5,4,2,0,-580.53822087614,3.0567732925091375
2024-01-13,Apparel,872.8965635287653,30,3.0309266382562443,187.6044700707709,611.0275944701357,5,5,1,1,-423.4231243993648,3.256999122886757
2024-01-22,Electronics,1680.2693629799885,10,4.643969189406004,78.38699628549469,1512.2424266819896,5,0,1,0,-1433.855430396495,19.292006306431546
2024-01-21,Home & Kitchen,923.35816158528,20,2.6464772192753387,277.28339160129065,738.686529268224,5,6,1,1,-461.4031376669334,2.6640128894931827
2024-03-26,Beauty,273.0756587536547,5,3.0387049569639366,308.0414522411493,259.42187581597193,82,1,3,0,48.61957642517734,0.8421654745767279
2024-04-01,Sports,19.263604091342508,15,4.996400621212672,40.57017553949507,16.37406347764113,239,0,4,0,24.19611206185394,0.40359853660729117
2024-01-09,Apparel,1357.006308466983,15,3.5826902564669814,269.3642303492337,1153.4553621969355,5,1,1,0,-884.0911318477018,4.282140062551988
2024-01-26,Sports,2513.037315346378,5,4.257414158861609,130.20213081689622,2387.385449579059,5,4,1,0,-2257.1833187621623,18.335993693808657
2024-01-09,Beauty,1723.3608291057785,5,2.9566576221425342,169.60137171947778,1637.1927876504894,5,1,1,0,-1467.5914159310116,9.653181286519434
2024-01-15,Home & Kitchen,2997.6337873461707,20,4.024671837463845,284.8707128506693,2398.107029876937,5,0,1,0,-2113.2363170262674,8.418229469359446
2024-01-10,Beauty,871.237237256892,10,4.315265170923546,302.1468627536596,784.1135135312028,5,2,1,0,-481.9666507775432,2.5951403446160906
2024-03-28,Beauty,852.1583683087651,5,3.2861915896662763,92.33835357059581,809.5504498933268,5,3,3,0,-717.212096322731,8.767217722529544
2024-02-11,Sports,491.85213879832344,10,4.572242779939694,77.79097743317456,442.6669249184911,5,6,2,1,-364.8759474853165,5.690466163621083
2024-03-12,Apparel,504.7298109720255,50,4.008543946180708,38.752384784496,252.36490548601276,95,1,3,0,-213.61252070151676,6.512241940449005
2024-01-24,Beauty,866.2819890899927,0,3.4728075240375755,180.73036653533072,866.2819890899927,5,2,1,0,-685.551622554662,4.793228751188553
2024-03-20,Sports,2381.6275351414783,15,3.894105983357896,19.01329665794714,2024.3834048702565,5,2,3,0,-2005.3701082123093,106.471983332996
2024-02-18,Apparel,2718.684020049797,20,3.9419021185898107,136.50999779493128,2174.9472160398377,5,6,2,1,-2038.4372182449065,15.932512278749705
2024-01-26,Home & Kitchen,2925.6352015774287,15,2.913838231734665,36.648284912342525,2486.7899213408145,5,4,1,0,-2450.141636428472,67.8555606978297
2024-03-31,Home & Kitchen,708.3846174779111,20,3.5068309246674154,134.54160596415352,566.7076939823289,5,6,3,1,-432.1660880181754,4.212137129783624
2024-02-06,Electronics,2645.6731736580637,0,3.3585764700487326,26.779995833354732,2645.6731736580637,5,1,2,0,-2618.893177824709,98.79288966740067
2024-03-08,Sports,994.8414414928511,15,3.5022568064478152,261.38909187958683,845.6152252689234,5,4,3,0,-584.2261333893366,3.23508230273997
2024-02-19,Apparel,351.82902538289994,0,4.402776471213144,76.87300321187693,351.82902538289994,49,0,2,0,-274.956022171023,4.576756607429409
2024-01-24,Beauty,2612.0244026776945,20,3.7063460186666815,111.85106955558403,2089.619522142156,5,2,1,0,-1977.7684525865718,18.68215950410493
2024-01-19,Home & Kitchen,1913.7753194112015,5,4.850790383098161,271.6641589988856,1818.0865534406414,5,4,1,0,-1546.4223944417558,6.692404916940476
2024-04-09,Apparel,506.7217248019693,50,3.2341910333960904,235.1484880930005,253.36086240098464,133,1,4,0,-18.212374307984135,1.0774505269231465
2024-02-29,Sports,1298.0463036763126,15,3.5392589457123225,79.61631668440725,1103.3393581248656,5,3,2,0,-1023.7230414404584,13.858206509331687
2024-02-08,Electronics,872.464219208047,0,4.4673920261976034,36.210328503961335,872.464219208047,5,3,2,0,-836.2538907040856,24.094346979276953
2024-03-14,Home & Kitchen,2214.3317875999383,30,3.8650614833018757,226.12376417232517,1550.0322513199567,5,3,3,0,-1323.9084871476316,6.854795899022372
2024-03-29,Apparel,1368.44744841344,15,3.8675703660611194,130.25725245299225,1163.180331151424,5,4,3,0,-1032.9230786984317,8.929870001451146
2024-01-18,Apparel,2968.000636142559,15,2.6333504075129586,240.99359973987526,2522.800540721175,5,3,1,0,-2281.8069409812997,10.468330044632914
2024-01-19,Apparel,178.41377204489143,15,3.4964991567961397,146.36195785068708,151.65170623815771,168,4,1,0,-5.289748387470638,1.0361415525260125
2024-02-05,Sports,1074.7205694166964,10,3.176834331054331,117.07071182682154,967.2485124750268,5,0,2,0,-850.1778006482052,8.262087907228603
2024-03-14,Sports,1453.4719988232825,0,4.998337807077789,148.10559542265696,1453.4719988232825,5,3,3,0,-1305.3664034006256,9.813754805653566
2024-04-06,Sports,1516.8536609237344,0,3.2708876765807755,235.82490077284962,1516.8536609237344,5,5,4,1,-1281.0287601508849,6.432118304524561
2024-02-24,Beauty,958.0684298211257,15,4.711241336984658,281.15498452941034,814.3581653479569,5,5,2,1,-533.2031808185466,2.89647422296641
2024-03-09,Apparel,2191.7821435562405,5,4.1905843376011935,29.681322993629784,2082.1930363784286,5,5,3,1,-2052.511713384799,70.15162487283028
2024-02-16,Home & Kitchen,2626.1200143645897,15,3.352291022980226,169.61290466195177,2232.202012209901,5,4,2,0,-2062.5891075479494,13.16056709634687
2024-02-18,Sports,2817.077116403921,10,3.858835945935309,24.686451579743892,2535.369404763529,5,6,2,1,-2510.6829531837852,102.70286908483395
2024-04-08,Sports,2418.203729746586,20,4.601339699872984,153.18081578218582,1934.5629837972688,5,0,4,0,-1781.382168015083,12.629277197140041
2024-04-07,Apparel,2553.9818889601993,10,4.70842074507728,276.15843458358563,2298.5837000641795,5,6,4,1,-2022.425265480594,8.323423847365635
2024-02-02,Sports,1658.3777223506866,5,2.900984687515363,121.66912859399135,1575.4588362331522,5,4,2,0,-1453.7897076391607,12.948714718673152
2024-01-21,Beauty,2480.2763558840415,15,3.348932853020424,290.07287421878976,2108.234902501435,5,6,1,1,-1818.1620282826452,7.267949159945518
2024-03-21,Beauty,920.9591688066374,0,3.338057950533929,201.0294991369298,920.9591688066374,5,3,3,0,-719.9296696697077,4.581214064406203
2024-01-22,Sports,1204.459104896005,50,2.6051119901898616,290.57582641893686,602.2295524480026,5,0,1,0,-311.6537260290657,2.0725383796370584
2024-02-17,Apparel,960.9853462483547,30,3.9955943996297414,238.3641544966933,672.6897423738483,5,5,2,1,-434.325587877155,2.822109489550704
2024-02-06,Apparel,1410.1511963120574,15,4.63705013248047,45.513374161384874,1198.6285168652487,5,1,2,0,-1153.1151427038637,26.335742821770545
2024-01-15,Apparel,867.4551544723296,5,3.4539359695637946,83.18965343098974,824.0823967487131,5,0,1,0,-740.8927433177233,9.906068396261965
2024-02-04,Electronics,2885.410155129524,0,4.350089862460442,131.28028410213432,2885.410155129524,5,6,2,1,-2754.1298710273895,21.979006024124025
2024-04-01,Sports,948.8412145969194,10,4.06925103400185,65.18153019356242,853.9570931372275,5,0,4,0,-788.7755629436651,13.101212730068243
2024-03-11,Apparel,307.6629462611554,20,3.439121838732502,160.99892340911487,246.13035700892434,91,0,3,0,-85.13143359980947,1.5287702041552274
2024-02-01,Beauty,1587.549240660484,20,2.8526494987307425,154.05360593193973,1270.0393925283872,5,3,2,0,-1115.9857865964475,8.244139336079453
2024-01-11,Home & Kitchen,185.44074915885145,50,4.273309631939918,297.09646341807746,92.72037457942572,245,3,1,0,204.37608883865175,0.3120884493631571
2024-01-10,Home & Kitchen,344.97135143111285,15,4.6364129223531005,142.94972545431344,293.2256487164459,115,2,1,0,-150.27592326213247,2.0512501705374766
2024-03-13,Apparel,669.8773267507952,10,4.2146362310037295,246.75990726495934,602.8895940757156,5,2,3,0,-356.1296868107563,2.4432234586162362
2024-03-18,Home & Kitchen,1401.085495898193,50,2.544696210087045,292.86361073118655,700.5427479490965,5,0,3,0,-407.6791372179099,2.392044358806018
2024-03-17,Home & Kitchen,1308.2540329424482,30,3.040582235977478,273.71170513732574,915.7778230597137,5,6,3,1,-642.066117922388,3.3457751563830733
2024-02-26,Electronics,2402.080208078332,30,2.67369996220883,76.55694923091959,1681.4561456548322,5,0,2,0,-1604.8991964239126,21.96346853612253
2024-01-25,Beauty,2222.3318418440786,50,3.925965248940567,161.32881880479556,1111.1659209220393,5,3,1,0,-949.8371021172437,6.887584804464021
2024-01-02,Beauty,1287.5601075622435,5,4.391194197101031,117.58323577729809,1223.1821021841313,5,1,1,0,-1105.5988664068332,10.402691285863494
2024-03-04,Electronics,1011.1070596132553,20,2.7764479676716487,132.9583150654786,808.8856476906043,5,0,3,0,-675.9273326251257,6.083753748626016
2024-02-04,Electronics,959.6593204235733,10,4.595844551483463,121.43801374249661,863.693388381216,5,6,2,1,-742.2553746387193,7.112216033215396
2024-01-07,Home & Kitchen,2325.3753355726167,15,3.888772445988708,258.7759670016262,1976.5690352367242,5,6,1,1,-1717.793068235098,7.638147615247064
2024-03-25,Sports,170.43613257049017,0,4.224922530354313,148.381021261122,170.43613257049017,120,0,3,0,-22.055111309368186,1.1486383576680972
2024-01-18,Home & Kitchen,53.27262378915839,15,4.928504621521616,169.489828012183,45.28173022078463,234,3,1,0,124.20809779139839,0.2671648838863047
2024-03-07,Electronics,2389.7000099010443,15,2.7092024706192435,304.821970328887,2031.2450084158875,5,3,3,0,-1726.4230380870004,6.663709332448314
2024-02-11,Beauty,1439.2819323273122,10,4.753060057444474,32.69388529649735,1295.353739094581,5,6,2,1,-1262.6598537980835,39.6206730202653
2024-02-08,Home & Kitchen,405.6801985824243,20,2.815256739968523,158.94750373827088,324.54415886593944,83,3,2,0,-165.59665512766855,2.041832373790194
2024-02-10,Sports,718.1643147645863,10,3.4823970165917055,243.34820354910426,646.3478832881276,5,5,2,1,-402.99967973902335,2.6560618646921865
2024-03-15,Home & Kitchen,2798.5242999956868,0,4.628596740827786,59.592777665526825,2798.5242999956868,5,4,3,0,-2738.93152233016,46.9607964190361
2024-01-24,Apparel,2580.6163822403205,50,4.765635591844671,195.4018204113583,1290.3081911201602,5,2,1,0,-1094.906370708802,6.603358087472338
2024-02-29,Home & Kitchen,2133.708374918558,10,3.7659291838628635,85.64210996266769,1920.3375374267023,5,3,2,0,-1834.6954274640345,22.422819081218314
2024-02-15,Electronics,1454.44231255692,5,3.985261595688563,270.8842134012474,1381.7201969290738,5,3,2,0,-1110.8359835278266,5.1007778547891975
2024-01-19,Beauty,1568.1660241812863,15,4.270368336496393,111.49440129302339,1332.9411205540932,5,4,1,0,-1221.4467192610698,11.95522918725696
2024-03-08,Beauty,2926.1049378226166,20,4.581896671131785,112.07353098576831,2340.8839502580936,5,4,3,0,-2228.8104192723254,20.88703665948877
2024-03-30,Electronics,2897.824774994597,30,2.8037779238441654,191.46719416277858,2028.477342496218,5,5,3,1,-1837.0101483334392,10.59438590180456
2024-02-11,Apparel,657.5781016707153,0,4.5251732705730685,69.15105789537307,657.5781016707153,5,6,2,1,-588.4270437753423,9.50929923104928
2024-02-01,Electronics,2436.1471304213746,30,3.703190376279042,99.04214847640301,1705.302991294962,5,3,2,0,-1606.260842818559,17.217952331690924
2024-02-08,Home & Kitchen,603.7693585085451,15,3.6265585627704224,137.90639578522638,513.2039547322634,5,3,2,0,-375.297558947037,3.721393426389886
2024-02-05,Electronics,652.4093714835949,10,3.5597493799924957,119.32316962633256,587.1684343352355,5,0,2,0,-467.8452647089029,4.920824984569112
2024-04-06,Electronics,2033.1377069812618,30,3.7730289631151064,169.83877931164682,1423.1963948868831,5,5,4,1,-1253.3576155752362,8.379690437337514
2024-02-05,Apparel,1223.928279283832,5,4.862626383486509,191.89384250034504,1162.7318653196403,5,0,2,0,-970.8380228192952,6.0592453106855135
2024-01-03,Home & Kitchen,2795.660055212963,10,3.870509431980379,182.16689885629856,2516.094049691667,5,2,1,0,-2333.927150835368,13.812026583800359
2024-03-13,Sports,280.69405866458635,15,4.882943845657849,207.97965203762,238.5899498648984,118,2,3,0,-30.610297827278373,1.1471792914709824
2024-01-08,Sports,1541.9040378163368,30,2.9507253265391014,105.78610739930697,1079.3328264714357,5,0,1,0,-973.5467190721288,10.202973273204178
2024-04-06,Beauty,2756.786768372717,50,4.310339947081583,52.295737010733276,1378.3933841863584,5,5,4,1,-1326.097647175625,26.357662459245088
2024-03-10,Electronics,2713.779276531323,0,4.530598846521868,239.43822472216775,2713.779276531323,5,6,3,1,-2474.341051809155,11.333943357123776
2024-02-10,Beauty,482.23970204598754,30,4.197822078337155,265.98021287605116,337.56779143219126,91,5,2,1,-71.5875785561401,1.2691462563401303
2024-03-08,Apparel,1109.4135347879226,50,4.017305700566351,90.81683850561751,554.7067673939613,5,4,3,0,-463.8899288883438,6.1079726680823585
2024-01-13,Sports,1863.0773791393883,50,3.9120319527154557,135.09212706661583,931.5386895696942,5,5,1,1,-796.4465625030783,6.895580888369159
2024-02-18,Electronics,490.7937310426355,30,4.65232620644674,162.0779190042488,343.5556117298448,80,6,2,1,-181.47769272559603,2.119694118980135
2024-02-29,Apparel,2904.54618355653,20,4.55411649291125,172.33141861211624,2323.6369468452244,5,3,2,0,-2151.3055282331084,13.483536348501078
2024-01-02,Apparel,2745.526746252066,30,2.8057218029514988,209.54960047085729,1921.8687223764462,5,1,1,0,-1712.3191219055889,9.171426326072744
2024-02-29,Electronics,513.3462844178905,15,4.621469142577196,27.2729538398198,436.3443417552069,5,3,2,0,-409.0713879153871,15.99915961864474
2024-01-05,Apparel,376.6490518640415,50,3.535171548601106,227.83573940653503,188.32452593202075,163,4,1,0,39.51121347451428,0.8265802653375067
2024-02-13,Electronics,269.9443211826719,0,3.134242074989527,33.281447058926034,269.9443211826719,80,1,2,0,-236.66287412374587,8.110955052667196
2024-01-27,Electronics,2729.689337149344,15,4.674421420034815,153.145127463496,2320.235936576942,5,5,1,1,-2167.090809113446,15.15056975697773
2024-02-01,Home & Kitchen,592.9670722394504,5,3.580061999084354,259.16298499291224,563.3187186274779,5,3,2,0,-304.15573363456565,2.173607927238853
2024-01-21,Beauty,1257.610511704899,10,4.5209117254420415,148.1085174171269,1131.849460534409,5,6,1,1,-983.7409431172821,7.642028157953357
2024-01-08,Apparel,1354.821326471229,30,3.1585090298896112,58.98147588663309,948.3749285298602,5,0,1,0,-889.3934526432271,16.079199685553977
2024-03-12,Apparel,1803.047966977499,20,2.5098233035555446,305.5849842767581,1442.4383735819993,5,1,3,0,-1136.853389305241,4.720252786621319
2024-02-19,Home & Kitchen,229.13000108606352,0,3.738647982257361,277.33921131190766,229.13000108606352,118,0,2,0,48.209210225844146,0.8261723973404324
2024-03-07,Home & Kitchen,691.8744729405402,20,2.7505706416072107,242.53752180137914,553.4995783524322,5,3,3,0,-310.962056551053,2.2821193778243876
2024-02-13,Home & Kitchen,2795.4988049529943,20,4.385939888812274,136.3959228552671,2236.3990439623954,5,1,2,0,-2100.003121107128,16.39637752468225
2024-02-27,Sports,2726.60417019668,20,3.190187840173526,69.23448943234285,2181.2833361573444,5,1,2,0,-2112.0488467250016,31.50573296693308
2024-01-03,Sports,2347.152582505991,30,3.609114116508697,292.71629851845785,1643.0068077541937,5,2,1,0,-1350.290509235736,5.612966603055725
2024-03-26,Sports,72.91271817037307,0,2.7175839127288857,172.043582322556,72.91271817037307,171,1,3,0,99.13086415218294,0.4238037663832913
2024-03-10,Electronics,991.1152039608647,0,3.2166481211181317,266.4448608143081,991.1152039608647,5,6,3,1,-724.6703431465567,3.7197760201935255
2024-01-02,Apparel,1889.4568249985798,50,4.45372560814643,115.91802669903059,944.7284124992899,5,1,1,0,-828.8103858002593,8.149969762271589
2024-03-27,Beauty,836.442782143825,20,2.8789697797557987,113.91005353844383,669.15422571506,5,2,3,0,-555.2441721766161,5.874408842141621
2024-02-13,Electronics,2730.1162847355254,50,4.117898902817394,305.73444179884154,1365.0581423677627,5,1,2,0,-1059.3237005689211,4.464849083852662
2024-01-02,Apparel,1907.160043569839,50,4.793564632011253,168.9407493059807,953.5800217849195,5,1,1,0,-784.6392724789388,5.644464261596369
2024-03-21,Apparel,229.64155118959013,10,4.199591899394301,56.505150038920156,206.67739607063112,115,3,3,0,-150.17224603171096,3.6576736090121678
2024-02-04,Home & Kitchen,2728.3816826745738,30,4.527554223230567,79.80403000843869,1909.8671778722014,5,6,2,1,-1830.0631478637627,23.931964058334486
2024-04-07,Home & Kitchen,2873.9334746560244,30,2.7724290732597896,157.17356242085262,2011.7534322592169,5,6,4,1,-1854.5798698383642,12.799566296477304
2024-03-27,Electronics,246.9715688993006,15,3.126829565005136,27.528918594081347,209.9258335644055,101,2,3,0,-182.39691497032416,7.625647656553392
2024-01-30,Home & Kitchen,1604.0953010610249,50,4.7363471306014775,151.44752568659865,802.0476505305124,5,1,1,0,-650.6001248439138,5.2958782053016025
2024-01-08,Apparel,920.5423824092987,30,4.287764034045223,138.58754841363765,644.379667686509,5,0,1,0,-505.7921192728714,4.649621665600509
2024-01-22,Home & Kitchen,1187.624643296986,20,4.098884565943278,244.90419826924867,950.0997146375889,5,0,1,0,-705.1955163683402,3.8794750002327256
2024-02-13,Sports,551.2588855966956,5,4.1594168403042495,119.70787952432632,523.6959413168607,5,1,2,0,-403.98806179253444,4.37478254061328
2024-02-27,Home & Kitchen,1740.5452245070514,20,3.5355013857616084,304.8518846541818,1392.4361796056412,5,1,2,0,-1087.5842949514595,4.567582651441353
2024-02-05,Apparel,2874.5683694479385,0,2.611391579044133,68.32712619376642,2874.5683694479385,5,0,2,0,-2806.241243254172,42.070675726885604
2024-03-09,Electronics,1516.671711810753,30,4.461103855176822,189.3410720655998,1061.6701982675272,5,5,3,1,-872.3291262019275,5.607183833308481
2024-03-17,Beauty,262.50002546252625,30,4.196783090538385,41.46129261743512,183.75001782376836,131,6,3,1,-142.28872520633325,4.431844890105974
2024-04-02,Home & Kitchen,1865.7039804300641,15,3.682011160281812,231.4898752782247,1585.8483833655544,5,1,4,0,-1354.3585080873297,6.850616604547147
2024-01-31,Apparel,1030.5656384370022,50,4.749399038420643,308.4523379782816,515.2828192185011,36,2,1,0,-206.8304812402195,1.6705427574187577
2024-02-16,Beauty,2569.936690930024,5,3.340399162462747,256.6458981367315,2441.4398563835225,5,4,2,0,-2184.793958246791,9.512873083530886
2024-02-24,Beauty,1312.5142727246637,30,3.23580436057809,178.93254451248887,918.7599909072645,5,5,2,1,-739.8274463947756,5.134672361645974
2024-03-20,Sports,590.6262326926031,15,4.681990812698607,157.99870043290915,502.03229778871264,7,2,3,0,-344.0335973558035,3.1774457410926
2024-03-02,Beauty,585.4502837330676,15,4.492469136897464,261.33383857371985,497.6327411731075,5,5,3,1,-236.29890259938765,1.9042032363242156
2024-01-30,Apparel,2309.7610794526636,5,3.787449526620862,291.1123549896637,2194.2730254800304,5,1,1,0,-1903.1606704903666,7.537546888238189
2024-02-24,Apparel,807.7789809474693,20,2.826836848644625,306.81592511043743,646.2231847579756,5,5,2,1,-339.4072596475381,2.1062243901628297
2024-01-16,Home & Kitchen,2305.1916815652808,20,3.037678678662631,131.9790721315228,1844.1533452522247,5,1,1,0,-1712.1742731207019,13.97307402960408
2024-01-12,Home & Kitchen,629.5736226382992,20,4.140569976022016,307.3206550643811,503.65889811063937,37,4,1,0,-196.33824304625824,1.6388709636360985
2024-01-17,Home & Kitchen,975.2338105734085,10,3.462603094601029,60.99824439128029,877.7104295160676,5,2,1,0,-816.7121851247873,14.389109691188695
2024-01-16,Beauty,1404.4786127325026,50,4.591182979164929,89.79718389991321,702.2393063662513,5,1,1,0,-612.4421224663381,7.820282060837879
2024-01-12,Beauty,2830.4396113349503,50,4.874887523330511,41.259756796499374,1415.2198056674752,5,4,1,0,-1373.9600488709757,34.30024594298015
2024-01-08,Sports,2796.2183028901663,20,4.514092313187295,95.16286236292208,2236.9746423121333,5,0,1,0,-2141.811779949211,23.506802830089278
2024-03-24,Home & Kitchen,632.5125481355291,5,3.4438635574888927,241.5415777273133,600.8869207287526,5,6,3,1,-359.34534300143923,2.487716302851676
2024-01-03,Electronics,1084.2838381105723,10,4.47171607307856,266.61268566264266,975.8554542995151,5,2,1,0,-709.2427686368725,3.6601988831630843
2024-01-16,Sports,460.9571745345104,50,3.3786041836767087,244.77333030525867,230.4785872672552,150,1,1,0,14.294743038003475,0.9416000794687216
2024-01-30,Electronics,1537.305461750789,20,2.917750219414085,201.1644045594704,1229.8443694006312,5,1,1,0,-1028.6799648411609,6.113628164455164
2024-01-23,Beauty,1389.8389138235798,10,2.5834830121646437,166.62012119418046,1250.8550224412218,5,1,1,0,-1084.2349012470413,7.507226699129963
2024-04-01,Sports,2703.7690849154365,5,3.46429178190255,224.06776531802572,2568.5806306696645,5,0,4,0,-2344.512865351639,11.463409861851416
2024-01-05,Sports,2791.066052706352,20,4.758898259243205,130.29589703383044,2232.8528421650817,5,4,1,0,-2102.5569451312513,17.136785524300407
2024-03-24,Apparel,1159.9486621567669,0,3.0974664693891913,263.18596369241203,1159.9486621567669,5,6,3,1,-896.7626984643548,4.4073348209116885
2024-03-05,Beauty,1482.8377599116834,30,3.01628291232446,214.7710777231517,1037.9864319381784,5,1,3,0,-823.2153542150267,4.832989818471663
2024-01-30,Beauty,2690.265203701207,5,4.924551963102601,220.8523860558505,2555.7519435161466,5,1,1,0,-2334.899557460296,11.572217937776015
2024-01-21,Sports,2423.0228061190082,15,2.5625102821264805,173.10111797307601,2059.569385201157,5,6,1,1,-1886.4682672280808,11.89807096174561
2024-03-24,Beauty,25.91408936377809,15,4.464455375984386,276.1425503422959,22.026975959211374,264,6,3,1,254.11557438308455,0.07976668547425075
2024-03-10,Sports,970.3777990879938,5,3.3034248893521756,89.34434643532047,921.8589091335941,5,6,3,1,-832.5145626982736,10.31804412829815
2024-01-22,Apparel,1273.9961121793358,15,2.5937198921741484,127.43855774150997,1082.8966953524355,5,0,1,0,-955.4581376109255,8.4974023132695
2024-03-22,Sports,700.7031067944466,50,4.7945063505239585,244.40455805491828,350.3515533972233,111,4,3,0,-105.94699534230503,1.4334902596967871
2024-03-12,Beauty,610.7212734493771,5,2.849105825523959,160.36092435815462,580.1852097769082,5,1,3,0,-419.82428541875356,3.6179961677017163
2024-02-01,Beauty,127.7867521881038,0,3.8794482093142384,277.31813396013627,127.7867521881038,194,3,2,0,149.53138177203246,0.46079479319759453
2024-02-02,Sports,1935.4586293332352,5,3.1851355185738695,117.18779933004143,1838.6856978665733,5,4,2,0,-1721.497898536532,15.690077878228582
2024-01-16,Sports,798.5932170922495,20,2.6629820054617275,123.95239980179521,638.8745736737997,5,1,1,0,-514.9221738720045,5.1541928570595275
2024-03-16,Sports,171.25632761746957,20,2.624806214158448,277.17705786905447,137.00506209397565,167,5,3,1,140.1719957750788,0.4942871648442865
2024-02-07,Home & Kitchen,704.47324192627,10,2.788891747090847,151.9892444537021,634.025917733643,5,2,2,0,-482.03667327994094,4.171518320342566
2024-04-07,Beauty,2408.713149215838,15,2.67841753472345,167.2567523397336,2047.406176833462,5,6,4,1,-1880.1494244937285,12.24109728422055
2024-01-14,Beauty,2556.6952072149415,30,4.401395288799807,113.16529602402542,1789.686645050459,5,6,1,1,-1676.5213490264337,15.814801073559705
2024-02-05,Home & Kitchen,1456.9527419020085,15,3.713915505708573,96.61763294282916,1238.4098306167073,5,0,2,0,-1141.792197673878,12.817637866884013
2024-04-06,Sports,1256.9709511699282,50,3.3572302283724493,208.50486969732563,628.4854755849641,5,5,4,1,-419.9806058876385,3.014248427373902
2024-01-23,Apparel,2933.8932751028187,5,3.545922275330018,50.35299515465514,2787.198611347678,5,1,1,0,-2736.8456161930226,55.35318411123357
2024-03-06,Sports,613.6855088703886,30,4.822366838931558,274.3854291489582,429.579856209272,37,2,3,0,-155.19442706031379,1.5656073922790628
2024-03-25,Sports,657.8474593210063,30,4.776879531845368,244.86492534570684,460.4932215247044,36,0,3,0,-215.62829617899754,1.8806009920553863
2024-01-02,Home & Kitchen,886.2235234536532,15,4.289191200306442,71.27073779321182,753.2899949356053,5,1,1,0,-682.0192571423934,10.569414857486606
2024-03-31,Beauty,530.6805950690456,30,4.71170594355422,219.7358840182468,371.4764165483319,70,6,3,1,-151.7405325300851,1.6905587278474945
2024-03-13,Sports,1147.406310639497,30,3.299120068969062,192.77671177926229,803.1844174476478,5,2,3,0,-610.4077056683855,4.166397538553976
2024-03-05,Beauty,2733.840167564415,20,3.452773315020707,69.43783996731001,2187.072134051532,5,1,3,0,-2117.634294084222,31.496834220090417
2024-03-15,Electronics,1851.8133042762943,0,4.03428045463557,95.59503428481858,1851.8133042762943,5,4,3,0,-1756.2182699914756,19.371438256499275
2024-03-07,Beauty,1244.660447607607,5,4.05906486824316,135.65101860148116,1182.4274252272266,5,3,3,0,-1046.7764066257455,8.716686667138053
2024-02-21,Apparel,2804.2162217950763,15,3.7042495950308525,221.27660689741478,2383.5837885258147,5,2,2,0,-2162.3071816284,10.771964655219334
2024-03-02,Apparel,159.66573394032963,20,3.5016446210948833,203.42340560101675,127.7325871522637,187,5,3,1,75.69081844875305,0.627914898852845
2024-01-23,Sports,642.6743910370562,50,4.965450779021738,172.0092800646259,321.3371955185281,90,1,1,0,-149.32791545390222,1.8681387155262668
2024-01-26,Beauty,1704.1774862287505,50,4.552809065294311,241.6811102186401,852.0887431143752,5,4,1,0,-610.4076328957351,3.525673737362103
2024-03-08,Sports,1852.4245802316398,10,3.587450494720113,238.59163318381894,1667.182122208476,5,4,3,0,-1428.590489024657,6.987596756689381
2024-03-22,Home & Kitchen,133.0791570894002,30,4.318231193098921,197.26845044836548,93.15540996258014,174,4,3,0,104.11304048578535,0.4722266016225607
2024-02-24,Apparel,1218.0706923527896,30,3.1739042331311484,247.16207459852345,852.6494846469527,5,5,2,1,-605.4874100484293,3.4497585684694947
2024-01-06,Sports,1952.724585020155,15,2.750423315593325,113.60769555986671,1659.8158972671317,5,5,1,1,-1546.208201707265,14.610065709787019
2024-02-04,Home & Kitchen,2098.7405810141536,0,3.3810775638818518,274.96861085516866,2098.7405810141536,5,6,2,1,-1823.771970158985,7.632655140115616
2024-01-22,Sports,1919.847609011064,0,3.5074320003084853,196.39847531157253,1919.847609011064,5,0,1,0,-1723.4491336994913,9.775267379063708
2024-02-12,Beauty,971.8812247173598,15,2.541342811401677,257.597236574667,826.0990410097559,5,0,2,0,-568.5018044350888,3.2069406178210422
2024-01-15,Beauty,294.15756893975987,15,4.53698000408974,176.15233591313378,250.03393359879587,151,0,1,0,-73.88159768566209,1.4194187792212725
2024-03-26,Beauty,1289.9306525617123,20,3.3979835059729537,79.4392822716607,1031.9445220493699,5,1,3,0,-952.5052397777092,12.990355558858157
2024-02-29,Beauty,399.3319955436456,50,3.9510454144503675,175.01098796010103,199.6659977718228,184,3,2,0,-24.655009811721754,1.1408769249239517
2024-01-12,Electronics,2843.6566206841912,15,2.6849079681773897,124.47794081409349,2417.1081275815627,5,4,1,0,-2292.6301867674692,19.41796363093352
2024-02-18,Home & Kitchen,1433.3850350775454,50,2.93749207187646,220.76221563094288,716.6925175387727,5,6,2,1,-495.9303019078298,3.246445572628681
2024-02-11,Home & Kitchen,962.0186354552496,10,4.7242343133189,155.35916856174705,865.8167719097247,5,6,2,1,-710.4576033479776,5.573000807902807
2024-02-07,Beauty,2302.417652289917,50,4.021718819707002,261.6532774536679,1151.2088261449585,5,2,2,0,-889.5555486912906,4.3997493069767035
2024-03-22,Electronics,1501.3765488580577,20,4.875710125426214,215.03139113496542,1201.1012390864462,5,4,3,0,-986.0698479514808,5.585701849143364
2024-02-14,Beauty,940.4515616771635,30,4.996875085978292,216.94060774424057,658.3160931740143,5,2,2,0,-441.3754854297738,3.03454526111648
2024-02-04,Electronics,2438.723711036543,30,3.429650288332736,79.06082337986416,1707.10659772558,5,6,2,1,-1628.045774345716,21.59231999802774
2024-01-30,Beauty,2603.449170738349,50,3.2470076602081868,305.3536811149307,1301.7245853691745,5,1,1,0,-996.3709042542439,4.263006034891141
2024-03-28,Apparel,2023.9293763717008,30,4.645890137897742,263.29418673508917,1416.7505634601905,5,3,3,0,-1153.4563767251013,5.3808653393690005
2024-01-30,Apparel,155.18880088688687,30,4.996528567593636,247.7564409454049,108.6321606208208,201,1,1,0,139.1242803245841,0.4384635176639414
2024-03-18,Sports,1705.4737972970984,5,4.074103085581143,112.4134914222081,1620.2001074322434,5,0,3,0,-1507.7866160100352,14.41286172090338
2024-01-06,Beauty,2293.435312311886,10,4.487851806278806,173.01133758993342,2064.0917810806973,5,5,1,1,-1891.0804434907639,11.930384504470737
2024-03-07,Home & Kitchen,422.4614910694928,20,4.454364647038187,55.44544048192695,337.96919285559426,58,3,3,0,-282.5237523736673,6.095527241158072
2024-03-20,Sports,697.582192883041,20,3.3883492705488676,173.85041311549827,558.0657543064328,5,2,3,0,-384.21534119093457,3.2100340994627343
2024-01-07,Apparel,2649.2478886283875,30,3.935675950642718,58.03732771256975,1854.473522039871,5,6,1,1,-1796.4361943273013,31.95311698746992
2024-02-21,Beauty,75.063339731426,0,4.582642353160534,178.14616397693234,75.063339731426,189,2,2,0,103.08282424550634,0.4213581592536887
2024-01-14,Sports,2261.8905064105384,20,4.220284690652639,206.37295464569715,1809.5124051284308,5,6,1,1,-1603.1394504827338,8.768166391933562
2024-03-13,Beauty,1429.2132781555524,10,2.552909534955096,130.1078103387212,1286.2919503399971,5,2,3,0,-1156.1841400012759,9.88635460846877
2024-01-15,Apparel,1348.6148941362264,15,3.341764172243834,162.0707391077315,1146.3226600157925,5,0,1,0,-984.251920908061,7.072977308098842
2024-01-21,Sports,36.18314949723822,10,2.8611892414865134,273.31774936400285,32.5648345475144,223,6,1,1,240.75291481648844,0.11914643166530967
2024-02-04,Apparel,2460.9037194349808,30,3.0824305301950976,47.02612768732876,1722.6326036044863,5,6,2,1,-1675.6064759171577,36.63139382978904
2024-03-06,Electronics,1089.077328400151,30,4.7637236937283145,248.5612034348976,762.3541298801056,5,2,3,0,-513.792926445208,3.067068067522368
2024-03-31,Apparel,1629.1854094321204,5,2.59223322227692,65.37259254387794,1547.7261389605144,5,6,3,1,-1482.3535464166364,23.675459068288962
2024-01-02,Beauty,2036.7425487119433,50,3.0495017799048094,25.828854927365377,1018.3712743559717,5,1,1,0,-992.5424194286063,39.427658609713234
2024-02-04,Home & Kitchen,2112.3492856671787,20,3.2739233805955785,69.7445078097891,1689.879428533743,5,6,2,1,-1620.1349207239539,24.229569920293528
2024-03-22,Apparel,2868.6004755958256,50,4.042210179915987,240.68774104129446,1434.3002377979128,5,4,3,0,-1193.6124967566184,5.959174453973674
2024-03-18,Home & Kitchen,1601.0497604112782,50,3.8352542252146637,134.51219163437372,800.5248802056391,5,0,3,0,-666.0126885712654,5.9513183933661375
2024-01-20,Electronics,1208.1628596586663,20,3.0456737071334654,272.39355246962367,966.5302877269331,5,5,1,1,-694.1367352573095,3.5482862166303186
2024-03-22,Sports,2861.805325077748,20,2.9106026680578863,169.7887246487684,2289.4442600621983,5,4,3,0,-2119.65553541343,13.484077136442552
2024-01-10,Sports,1931.6990515511804,30,3.091995086490297,21.56385381826763,1352.1893360858262,5,2,1,0,-1330.6254822675585,62.70629301615515
2024-01-25,Home & Kitchen,904.9788134855186,20,3.756324066754139,226.4305148325684,723.9830507884149,5,3,1,0,-497.55253595584645,3.197374043528348
2024-03-06,Sports,392.49577252965986,0,3.1779444642780086,47.518708072763644,392.49577252965986,5,2,3,0,-344.9770644568962,8.259815732545707
2024-01-25,Apparel,2530.0251868735663,0,4.869006254019306,247.86699187126771,2530.0251868735663,5,3,1,0,-2282.1581950022987,10.207188814344272
2024-02-23,Home & Kitchen,1096.1120843405424,15,3.659663053572119,64.59025219252811,931.695271689461,5,4,2,0,-867.105019496933,14.42470403912188
2024-02-02,Beauty,1986.502118272827,20,2.6469900413615925,116.90668381262647,1589.2016946182616,5,4,2,0,-1472.2950108056352,13.593762501769127
2024-02-05,Apparel,1420.387011807206,5,4.323166014591584,239.5750717394813,1349.3676612168456,5,0,2,0,-1109.7925894773643,5.63233750247678
2024-04-04,Apparel,608.8053926881895,15,3.322113220522474,296.4982504555444,517.484583784961,7,3,4,0,-220.98633332941665,1.7453208677956444
2024-01-14,Apparel,1811.0345267320884,30,4.133722330145619,124.57301544078604,1267.7241687124617,5,6,1,1,-1143.1511532716756,10.176555205208594
2024-03-05,Beauty,196.1389608177867,20,3.19898592630808,259.67306495868604,156.91116865422939,157,1,3,0,102.76189630445666,0.6042643224440468
2024-03-20,Electronics,1248.8272427155089,0,3.9268593543333,71.28371831537243,1248.8272427155089,5,2,3,0,-1177.5435244001364,17.51910916305551
2024-02-23,Sports,1646.6455948960581,5,4.430381262018662,253.11803220973488,1564.3133151512552,5,4,2,0,-1311.1952829415204,6.180173342431239
2024-02-21,Home & Kitchen,1316.6002177439584,15,4.820021854436385,208.96074748059405,1119.1101850823645,5,2,2,0,-910.1494376017705,5.35560002811674
2024-01-03,Electronics,2249.786443124208,5,3.152817861082693,71.85933462764868,2137.297120967997,5,2,1,0,-2065.4377863403483,29.742790300561012
2024-04-08,Home & Kitchen,2486.3559893177576,20,3.337142377497453,104.23866830366642,1989.0847914542062,5,0,4,0,-1884.8461231505398,19.082024202953516
2024-02-10,Sports,2317.1605759890363,10,3.660666050714849,53.872412136125625,2085.4445183901325,5,5,2,1,-2031.572106254007,38.710806435037654
2024-01-06,Beauty,130.8566492182293,5,4.817937094339972,127.97526826397242,124.31381675731784,165,5,1,1,3.6614515066545863,0.9713893820554284
2024-01-25,Apparel,594.4743797812271,5,4.7534671420266426,75.07634913136684,564.7506607921657,5,3,1,0,-489.6743116607989,7.522351144219576
2024-01-13,Apparel,1616.7734151523664,30,2.724695700251595,204.97939632098968,1131.7413906066563,5,5,1,1,-926.7619942856666,5.521244627115565
2024-04-07,Beauty,2805.4437907247466,0,2.829824564384527,308.37900574506483,2805.4437907247466,5,6,4,1,-2497.064784979682,9.097389051977133
2024-01-08,Electronics,2507.3459735305687,20,3.7387729433265955,18.54270310985792,2005.876778824455,5,0,1,0,-1987.334075714597,108.17607157599713
2024-01-21,Electronics,2529.965507430128,5,2.7665481820135587,174.5713449197531,2403.4672320586214,5,6,1,1,-2228.895887138868,13.767822165564723
2024-04-07,Home & Kitchen,920.0764583726295,20,3.363952183371744,184.23164627695786,736.0611666981036,5,6,4,1,-551.8295204211458,3.995302552915221
2024-03-08,Beauty,1296.901972779927,0,2.870963445543694,284.6915929558395,1296.901972779927,5,4,3,0,-1012.2103798240876,4.555462840734811
2024-01-25,Electronics,1420.0572527380732,30,4.090100887829715,164.27157375624657,994.0400769166512,5,3,1,0,-829.7685031604046,6.051199572676231
2024-03-19,Beauty,484.7541762994826,20,4.873738579347904,175.39191879525066,387.8033410395861,45,1,3,0,-212.41142224433543,2.211067326837907
2024-03-08,Sports,107.7383687797021,50,4.991834425735954,154.13757639187463,53.86918438985105,230,4,3,0,100.26839200202357,0.3494876826977978
2024-02-14,Apparel,2841.5051548896427,0,3.438102831242287,94.32676984563702,2841.5051548896427,5,2,2,0,-2747.1783850440056,30.12405873263425
2024-02-29,Apparel,733.5270682055676,0,3.9975315927865305,31.528594308429536,733.5270682055676,5,3,2,0,-701.9984738971381,23.26545424226067
2024-01-12,Apparel,731.2474776150394,15,4.640669133810203,135.55401625190166,621.5603559727836,5,4,1,0,-486.0063397208819,4.58533338339257
2024-02-01,Beauty,263.88647549974723,30,2.79365518199096,30.514484016000168,184.72053284982306,98,3,2,0,-154.20604883382288,6.053536174918293
2024-04-05,Beauty,2786.595639552179,30,4.223911027629912,177.39527849244575,1950.616947686525,5,4,4,0,-1773.2216691940794,10.995878606597698
2024-04-01,Home & Kitchen,1745.5152880952194,50,3.5221091543126706,105.65162475647648,872.7576440476097,5,0,4,0,-767.1060192911332,8.260711996235623
2024-01-13,Apparel,2006.1050185191814,20,3.0153654007004103,172.41270845000122,1604.8840148153452,5,5,1,1,-1432.471306365344,9.308385844891202
2024-01-31,Home & Kitchen,2736.0570084802116,10,3.506884046868605,54.61760449658007,2462.4513076321905,5,2,1,0,-2407.8337031356104,45.085304094330596
2024-03-18,Apparel,1046.6762041688567,50,2.689900717412292,290.1258398931111,523.3381020844283,37,0,3,0,-233.21226219131722,1.8038314073549528
2024-01-20,Home & Kitchen,1870.199323747181,15,4.238517871473264,278.8837668472308,1589.6694251851038,5,5,1,1,-1310.785658337873,5.70011457875892
2024-01-18,Home & Kitchen,130.81637236572908,30,3.131856671871133,71.04897021467393,91.57146065601034,197,3,1,0,-20.522490441336416,1.288849935183126
2024-04-02,Sports,572.515996769921,0,3.278514112612195,116.31606357173291,572.515996769921,5,1,4,0,-456.1999331981881,4.922071631291463
2024-02-29,Home & Kitchen,2496.268728193478,30,2.8027032456036567,195.98036769633399,1747.3881097354347,5,3,2,0,-1551.4077420391006,8.916138541197979
2024-03-03,Beauty,2303.803543669932,50,4.661647784724729,43.22743115524235,1151.901771834966,5,6,3,1,-1108.6743406797236,26.64747224275599
2024-01-06,Home & Kitchen,1061.6684339995834,10,3.7336106982068467,119.5975072292645,955.501590599625,5,5,1,1,-835.9040833703606,7.989310251826235
2024-02-01,Apparel,1139.7797239060242,5,3.9303671944660006,89.0781246116068,1082.7907377107229,5,3,2,0,-993.7126130991161,12.155517894340989
2024-04-02,Home & Kitchen,1607.6599841574346,5,3.9235817077371364,285.07743497142553,1527.2769849495628,5,1,4,0,-1242.1995499781374,5.35741099642856
2024-02-12,Electronics,15.71939898512663,30,3.5262327863533542,266.4906377053155,11.00357928958864,232,0,2,0,255.4870584157269,0.04129067866825536
2024-01-02,Apparel,735.1143430735132,30,2.981324788595349,186.05065867372483,514.5800401514592,5,1,1,0,-328.52938147773443,2.7658060649700418
2024-02-29,Electronics,636.5719486955201,15,4.362831871246,168.50216937711437,541.086156391192,5,3,2,0,-372.5839870140777,3.211152464038729
2024-01-23,Apparel,762.691596048044,30,2.8176406633941857,289.56410939089216,533.8841172336307,5,1,1,0,-244.32000784273856,1.843751003384618
2024-03-23,Beauty,2420.6289399623224,10,2.7596844756970262,290.0661959787505,2178.5660459660903,5,5,3,1,-1888.4998499873398,7.510582329716512
2024-01-31,Beauty,849.8264617911328,30,4.275362593991258,300.9523869787398,594.878523253793,5,2,1,0,-293.9261362750532,1.9766532813571505
2024-01-05,Beauty,586.6911463196923,20,3.0220925511299597,51.986770811915356,469.35291705575384,5,4,1,0,-417.3661462438385,9.028314506277782
2024-03-23,Electronics,1520.2264304671992,50,3.266931878382081,62.36455417513521,760.1132152335996,5,5,3,1,-697.7486610584643,12.188224950650849
2024-02-03,Sports,2598.9504335726047,10,3.688068667504351,214.63732611056656,2339.0553902153442,5,5,2,1,-2124.418064104778,10.897710256651362
2024-01-10,Apparel,735.4288659549371,15,3.6233782918238653,174.72317059990425,625.1145360616965,5,2,1,0,-450.39136546179225,3.5777426309023213
2024-03-29,Beauty,249.4306847365041,20,4.2714478126624975,20.447441943504607,199.5445477892033,127,4,3,0,-179.0971058456987,9.758900323108202
2024-01-02,Apparel,1078.868136511249,20,4.058579483608402,33.28263561690821,863.0945092089993,5,1,1,0,-829.811873592091,25.932276492265864
2024-01-11,Electronics,2246.740696326459,50,4.110990405704664,276.98371276634754,1123.3703481632294,5,3,1,0,-846.386635396882,4.055727092917048
2024-02-19,Sports,1658.811275913962,5,4.285135826638643,271.316884684119,1575.8707121182638,5,0,2,0,-1304.5538274341448,5.80822942130186
2024-01-31,Electronics,2453.128208179427,10,3.2315318185586634,120.39492198883332,2207.815387361484,5,2,1,0,-2087.420465372651,18.338110535644187
2024-02-25,Apparel,2879.3825606135633,50,3.305833279501184,277.85993199450775,1439.6912803067817,5,6,2,1,-1161.8313483122738,5.1813561961687915
2024-03-19,Sports,2381.097493103577,20,3.5949943697388855,190.13414694738103,1904.8779944828618,5,1,3,0,-1714.7438475354809,10.018600157130273
2024-03-13,Sports,1817.352190348604,15,3.2686554325838153,252.74216587057606,1544.7493617963132,5,2,3,0,-1292.007195925737,6.111957442777264
2024-03-27,Electronics,1487.6246403363557,50,4.962344672427159,141.09216599226323,743.8123201681778,5,2,3,0,-602.7201541759146,5.271818707560026
2024-03-23,Beauty,134.606222749576,5,4.5351298160535745,48.45250656674808,127.8759116120972,127,5,3,1,-79.42340504534911,2.639201161573253
2024-01-09,Apparel,2953.2011067599133,20,2.911636720640074,142.94948348057477,2362.5608854079305,5,1,1,0,-2219.611401927356,16.527243246240733
2024-04-08,Home & Kitchen,1159.6911508865019,50,2.513985389704674,149.90344040908488,579.8455754432509,5,0,4,0,-429.9421350341661,3.8681272014895627
2024-01-21,Home & Kitchen,469.4012185418474,10,2.6069581706181695,177.52853718297789,422.4610966876627,17,6,1,1,-244.9325595046848,2.3796799285978114
2024-03-13,Electronics,2005.1259333584235,5,3.110158627607313,46.14690030680626,1904.8696366905021,5,2,3,0,-1858.722736383696,41.278387584562225
2024-01-28,Apparel,863.6005429499461,10,2.785728214592141,307.46354959963537,777.2404886549515,5,6,1,1,-469.7769390553161,2.5279109984485566
2024-03-02,Apparel,1763.548138729177,10,3.83334528723143,87.02036213803737,1587.1933248562593,5,5,3,1,-1500.172962718222,18.2393325637803
2024-01-07,Electronics,1766.5022049161048,10,4.644988056818397,73.57295904344241,1589.8519844244943,5,6,1,1,-1516.279025381052,21.609189097392957
2024-03-20,Apparel,1345.5035153950644,50,4.341875552283069,170.4068610625013,672.7517576975322,5,2,3,0,-502.34489663503086,3.947914734787483
2024-01-16,Beauty,2510.8140674019523,5,3.039022657705476,173.47641292149214,2385.2733640318547,5,1,1,0,-2211.7969511103624,13.749842551282896
2024-04-06,Electronics,805.9266787429974,50,3.4982481400644647,144.74711766080705,402.9633393714987,72,5,4,1,-258.2162217106917,2.783912701569521
2024-01-04,Beauty,1354.1682859789364,50,3.769735523828194,242.70818316595006,677.0841429894682,5,3,1,0,-434.37595982351814,2.789704632770938
2024-01-04,Apparel,1620.0110038440498,50,4.525514623758339,167.4130482149378,810.0055019220249,5,3,1,0,-642.5924537070871,4.8383654115303925
2024-02-09,Electronics,1995.9197914903893,20,4.597804007765411,194.8601592677703,1596.7358331923115,5,4,2,0,-1401.8756739245412,8.194265257671942
2024-01-17,Apparel,2355.1559737591847,30,4.7742957797694405,228.50518369529675,1648.6091816314292,5,2,1,0,-1420.1039979361326,7.214756159885584
2024-02-21,Electronics,1193.4997393915944,0,3.773113126257188,22.38240496134065,1193.4997393915944,5,2,2,0,-1171.1173344302538,53.32312329497351
2024-04-02,Apparel,1943.4501281283392,20,4.235686866089657,183.34003385078822,1554.7601025026715,5,1,4,0,-1371.4200686518834,8.480199713326208
2024-02-21,Beauty,464.5736949095296,5,2.779500928084843,275.8373690123689,441.34501016405306,23,2,2,0,-165.50764115168414,1.6000189232672914
2024-02-05,Beauty,2798.9545801192985,0,3.913222399884955,20.129679163003004,2798.9545801192985,5,0,2,0,-2778.8249009562956,139.04615952665498
2024-02-07,Apparel,1158.4305371666956,0,3.1217295236778377,134.52872062128353,1158.4305371666956,5,2,2,0,-1023.901816545412,8.61102768105432
2024-02-19,Electronics,2192.621444599669,0,3.5792922125665276,288.23709781071983,2192.621444599669,5,0,2,0,-1904.384346788949,7.607006389023263
2024-03-03,Home & Kitchen,75.71812941830028,30,4.085126270766798,119.18054867334865,53.00269059281019,218,6,3,1,66.17785808053847,0.44472601597162087
2024-03-03,Beauty,627.4836215708489,50,3.1424648446344525,150.32500313907104,313.74181078542443,126,6,3,1,-163.4168076463534,2.087089999892903
2024-03-02,Beauty,1468.9413948058802,15,2.6304626444919026,304.5547109480723,1248.6001855849981,5,5,3,1,-944.0454746369259,4.099756597749326
2024-04-08,Home & Kitchen,2636.5836161810544,5,2.5255846410218936,73.80053839041926,2504.7544353720014,5,0,4,0,-2430.953896981582,33.93951439922242
2024-01-07,Apparel,1588.8566226027713,30,2.555398838861304,34.250280791876754,1112.1996358219399,5,6,1,1,-1077.949355030063,32.47271584663107
2024-01-27,Electronics,2790.663389647229,30,2.520874343784424,268.5296643040848,1953.4643727530602,5,5,1,1,-1684.9347084489755,7.274668807320088
2024-04-01,Apparel,1459.1337362996471,15,2.7758876413946885,271.19727565764873,1240.2636758547,5,0,4,0,-969.0664001970513,4.573289583558987
2024-03-26,Sports,1478.9905537568106,0,3.0987217864253247,154.26296123060388,1478.9905537568106,5,1,3,0,-1324.7275925262068,9.587463782352163
2024-01-14,Beauty,372.4441636740877,50,3.053053785455748,166.69111647079944,186.22208183704385,162,6,1,1,-19.530965366244402,1.1171686037010005
2024-03-11,Sports,2410.9288887943762,15,4.966991485449742,261.5628790372616,2049.28955547522,5,0,3,0,-1787.7266764379583,7.834787424798467
2024-03-26,Beauty,752.1917562141815,15,3.265015263022358,232.87505194415957,639.3629927820542,5,1,3,0,-406.48794083789466,2.7455194854250218
2024-01-05,Beauty,2700.3432807763606,30,2.8185519583984977,93.21895565401815,1890.2402965434524,5,4,1,0,-1797.0213408894342,20.27742408485108
2024-02-24,Sports,2733.8102976862324,5,3.863906360419395,19.983539746097946,2597.119782801921,5,5,2,1,-2577.136243055823,129.96295029808437
2024-01-02,Sports,2830.780683944337,10,4.644893638493771,156.511547947396,2547.7026155499034,5,1,1,0,-2391.1910676025072,16.278048801908177
2024-03-02,Apparel,1567.8880099727237,50,4.195150941969188,268.3791361982142,783.9440049863618,5,5,3,1,-515.5648687881476,2.921031851027987
2024-03-31,Sports,2036.1249475791783,15,3.2402052228386258,279.27122962359783,1730.7062054423016,5,6,3,1,-1451.4349758187036,6.1972234224590546
2024-01-21,Apparel,2338.8699019840656,50,3.9040403994786375,297.0867281374654,1169.4349509920328,5,6,1,1,-872.3482228545674,3.9363419507953314
2024-03-19,Apparel,406.0786366716398,15,4.287139935501023,274.4711550957705,345.1668411708938,69,1,3,0,-70.69568607512332,1.2575705488995945
2024-01-21,Apparel,1808.8572270675293,0,4.320261230919356,186.112848812939,1808.8572270675293,5,6,1,1,-1622.7443782545902,9.719142115145427
2024-01-10,Beauty,117.37923539038535,50,4.166346138244222,146.15865177464977,58.68961769519267,224,2,1,0,87.46903407945709,0.4015473390222664
2024-03-27,Beauty,1500.2347589153467,0,4.677026061939046,243.5807047275592,1500.2347589153467,5,2,3,0,-1256.6540541877876,6.1590870286434765
2024-02-27,Sports,477.20540463637883,30,4.6752636458602606,233.24738213785096,334.04378324546514,94,1,2,0,-100.79640110761417,1.432143761630914
2024-02-08,Beauty,561.0249339968228,0,3.947341398517508,173.75231187402903,561.0249339968228,5,3,2,0,-387.2726221227938,3.228877520798501
2024-01-05,Sports,1104.6669865774156,50,3.5746409227780305,40.761574904748386,552.3334932887078,5,4,1,0,-511.5719183839594,13.550347222338692
2024-03-05,Beauty,1305.8249426487614,20,4.10392573891275,288.19399730214104,1044.6599541190092,5,1,3,0,-756.4659568168681,3.6248498022108118
2024-01-13,Electronics,1875.1696872285788,50,4.545530003426158,149.40274856299033,937.5848436142894,5,5,1,1,-788.182095051299,6.275552843788482
2024-03-25,Electronics,237.16882903896925,15,2.5141302621029618,122.18346566529797,201.59350468312385,106,0,3,0,-79.41003901782588,1.64992459155936
2024-03-30,Sports,1518.5199072937723,0,4.9799925225371275,200.72238157478765,1518.5199072937723,5,5,3,1,-1317.7975257189846,7.565274462070804
2024-03-25,Beauty,560.1360138055069,5,2.9572344308229983,213.7821985442582,532.1292131152316,5,0,3,0,-318.34701457097333,2.489118442689547
2024-02-22,Beauty,1728.3158974697496,20,3.6756224641499404,77.15293552393892,1382.6527179757998,5,3,2,0,-1305.499782451861,17.920934681050365
2024-03-22,Apparel,1917.6527675996329,30,4.6800743371071665,261.89695921893707,1342.3569373197429,5,4,3,0,-1080.4599781008058,5.125515551318706
2024-02-14,Home & Kitchen,1676.7771308102688,10,3.0626009976104984,100.53144263040147,1509.0994177292418,5,2,2,0,-1408.5679750988404,15.011218164623042
2024-02-01,Sports,2218.8120987777484,15,3.6919880597509582,70.07175814472342,1885.990283961086,5,3,2,0,-1815.9185258163627,26.91512720525489
2024-02-05,Home & Kitchen,1016.7935940590904,15,2.831455450452948,134.88795659207673,864.2745549502268,5,0,2,0,-729.3865983581501,6.4073515292691
2024-03-21,Home & Kitchen,2298.843176024896,5,3.4876908134704814,230.51522386475224,2183.901017223651,5,3,3,0,-1953.3857933588986,9.473999073072015
2024-04-08,Sports,1306.8097388989581,10,2.9428386369825064,299.81016263974203,1176.1287650090624,5,0,4,0,-876.3186023693204,3.9229116006395106
2024-02-29,Beauty,1460.2907274929514,10,3.4090693719278926,253.7379729895728,1314.2616547436562,5,3,2,0,-1060.5236817540833,5.179601772879556
2024-01-11,Sports,1949.5848498742982,30,3.433660541981805,292.40277141270656,1364.7093949120087,5,3,1,0,-1072.306623499302,4.667224555768025
2024-03-03,Home & Kitchen,69.79977623768352,30,4.982926973995832,56.4787122025754,48.859843366378456,213,6,3,1,7.618868836196945,0.8651019377200048
2024-01-21,Beauty,1967.1727509394414,20,4.98703257325943,35.99715566478465,1573.7382007515532,5,6,1,1,-1537.7410450867685,43.71840418189241
2024-02-21,Electronics,1861.4766699802644,15,2.786965696651531,179.522904762468,1582.2551694832248,5,2,2,0,-1402.7322647207568,8.813667378971797
2024-02-24,Sports,939.8936435085405,0,4.314921948320868,100.63775749799014,939.8936435085405,5,5,2,1,-839.2558860105504,9.33937387791368
2024-01-26,Sports,271.0959404249761,30,2.6293636991727527,259.27621702593547,189.76715829748326,149,4,1,0,69.5090587284522,0.731911165915001
2024-03-08,Beauty,286.4423179904278,5,2.5754800383429717,213.2364220636862,272.1202020909064,89,4,3,0,-58.88378002722018,1.2761431628675222
2024-02-03,Electronics,2770.822884750907,5,2.763334735612411,301.36480837580933,2632.281740513362,5,5,2,1,-2330.9169321375525,8.734535909152477
2024-02-21,Electronics,2072.498773859124,5,4.913714142519835,90.16374494073474,1968.8738351661677,5,2,2,0,-1878.710090225433,21.83664660846022
2024-03-22,Beauty,394.4013021056601,50,4.852158869736743,158.30631373479355,197.20065105283004,167,4,3,0,-38.89433731803649,1.2456903733049787
2024-04-08,Apparel,1079.8186603870854,30,2.984819550701701,162.86594084047923,755.8730622709597,5,0,4,0,-593.0071214304805,4.641075097532563
2024-04-02,Sports,1783.5617367962652,30,2.9041808388842787,85.55715448292598,1248.4932157573855,5,1,4,0,-1162.9360612744595,14.592505130667222
2024-02-21,Sports,2509.1815396955863,5,3.1013377162898674,189.07755284896228,2383.7224627108067,5,2,2,0,-2194.6449098618446,12.607115053022484
2024-01-29,Home & Kitchen,145.32787220833046,30,3.7888674851878554,145.76936589337566,101.72951054583132,190,0,1,0,44.039855347544346,0.6978799003642665
2024-02-07,Beauty,721.3498974379764,50,3.9242615800885248,146.78285901701273,360.6749487189882,96,2,2,0,-213.8920897019755,2.4572007326631002
2024-02-11,Home & Kitchen,2670.900736031709,0,3.0539835760986183,122.00731115188266,2670.900736031709,5,6,2,1,-2548.8934248798264,21.891317092520772
2024-01-21,Home & Kitchen,42.359167298692206,0,4.391556970224864,19.994158965532844,42.359167298692206,182,6,1,1,-22.365008333159363,2.1185770990274477
2024-02-11,Electronics,616.1763218397539,20,3.273882923506627,169.01809488986274,492.9410574718031,9,6,2,1,-323.9229625819404,2.9164987204063464
2024-01-13,Sports,2877.6871652793034,15,4.805328313823526,113.89811153159768,2446.034090487408,5,5,1,1,-2332.13597895581,21.475633420039873
2024-03-04,Home & Kitchen,1846.0045118686808,0,4.141806766141826,15.389361350377254,1846.0045118686808,5,0,3,0,-1830.6151505183036,119.95328914824837
2024-01-17,Electronics,796.0890294129567,20,3.590877985759029,105.84339376026995,636.8712235303655,5,2,1,0,-531.0278297700955,6.017108870987709
2024-01-09,Beauty,214.9684167716051,10,4.474780004257113,97.1953582614783,193.47157509444457,114,1,1,0,-96.27621683296627,1.9905433608666854
2024-02-10,Home & Kitchen,99.15115123495814,15,4.544786565116662,131.06720520097258,84.27847854971441,188,5,2,1,46.78872665125817,0.6430172858304681
2024-01-01,Sports,745.5640627162279,0,3.2262040140223593,53.8963369448021,745.5640627162279,5,0,1,0,-691.6677257714258,13.833297492551244
2024-01-02,Home & Kitchen,2646.235171472898,50,3.349286359590211,164.76672826734992,1323.117585736449,5,1,1,0,-1158.350857469099,8.030247366383115
2024-02-29,Beauty,1256.5022580780658,10,4.8398878843215085,219.26990399284833,1130.8520322702593,5,3,2,0,-911.582128277411,5.157351791913691
2024-02-17,Home & Kitchen,2165.1951069604893,20,2.91185259590818,200.90474287109888,1732.1560855683915,5,5,2,1,-1531.2513426972926,8.621777967082382
2024-01-29,Sports,2756.080830609174,0,2.6053760424073356,252.10770953291123,2756.080830609174,5,0,1,0,-2503.973121076263,10.932156084062091
2024-04-06,Electronics,1233.0007778844076,0,3.635138306523873,148.34244495618893,1233.0007778844076,5,5,4,1,-1084.6583329282187,8.31185422519198
2024-01-10,Sports,585.9629525466303,30,4.503024750609072,168.13206045021983,410.17406678264115,35,2,1,0,-242.04200633242132,2.439594600127348
2024-02-27,Electronics,1558.5970236079047,10,4.429170265776865,254.0685725534001,1402.7373212471143,5,1,2,0,-1148.6687486937142,5.521097344506422
2024-02-29,Apparel,2725.6298058736656,0,4.798826572282081,141.17184539167536,2725.6298058736656,5,3,2,0,-2584.45796048199,19.30717699631623
2024-01-21,Sports,2416.0576262010363,5,3.8330016609226005,221.9718082203811,2295.2547448909845,5,6,1,1,-2073.2829366706032,10.340298451829424
2024-01-28,Sports,211.50208243901403,50,2.7501616789163332,143.2076987718076,105.75104121950702,207,6,1,1,37.456657552300584,0.738445224149678
2024-03-15,Beauty,2082.329808231582,30,3.9717224358400403,138.23217738091097,1457.6308657621073,5,4,3,0,-1319.3986883811963,10.544801459254142
2024-02-03,Home & Kitchen,1722.114104539977,30,4.445989035883029,239.2606592361023,1205.4798731779838,5,5,2,1,-966.2192139418814,5.038353889965742
2024-01-08,Electronics,2723.7775813940802,0,2.733320300674566,66.5768900625323,2723.7775813940802,5,0,1,0,-2657.200691331548,40.911757500775025
2024-02-28,Electronics,380.60702929813726,50,2.9316435027439742,114.8828617227642,190.30351464906863,130,2,2,0,-75.42065292630443,1.6565004718311236
2024-03-26,Beauty,1609.0977979159,30,2.5307266528891774,81.13082164033602,1126.36845854113,5,1,3,0,-1045.2376369007939,13.883360673141887
2024-03-12,Beauty,2640.1961401329986,15,3.984131448617026,120.93743317544116,2244.1667191130487,5,1,3,0,-2123.2292859376075,18.556427569100855
2024-02-18,Home & Kitchen,1238.9210034241028,10,4.716835979864761,82.96057259797709,1115.0289030816925,5,6,2,1,-1032.0683304837155,13.440467780822445
2024-03-19,Home & Kitchen,1453.7548294326082,15,4.176658290005249,185.92466117056313,1235.691605017717,5,1,3,0,-1049.766943847154,6.6461952773662505
2024-01-17,Sports,225.3251228358705,20,4.955100218977455,250.46038677226434,180.26009826869642,182,2,1,0,70.20028850356792,0.7197150040042108
2024-02-29,Apparel,845.2587667399988,15,2.6575841312494037,247.05085305928105,718.4699517289989,5,3,2,0,-471.41909866971787,2.908186484005374
2024-03-27,Home & Kitchen,983.6523477693078,50,4.757502712878741,122.52778454189377,491.8261738846539,6,2,3,0,-369.2983893427601,4.01399711684571
2024-03-28,Beauty,2836.1905095034876,5,4.535170718466702,306.68431973880723,2694.380984028313,5,3,3,0,-2387.696664289506,8.785519215077663
2024-02-14,Home & Kitchen,858.7620712153597,30,3.2856038012487625,190.18703758821124,601.1334498507517,5,2,2,0,-410.9464122625405,3.1607487948380193
2024-03-23,Electronics,1390.6931747799113,50,4.93381637959313,132.82308902459695,695.3465873899556,5,5,3,1,-562.5234983653587,5.235133383030923
2024-03-09,Apparel,2018.843704339375,30,3.2198443704285378,261.4840873762205,1413.1905930375624,5,5,3,1,-1151.706505661342,5.40449939886506
2024-02-01,Sports,499.117366637514,5,4.7232618095705465,230.31283372957904,474.1614983056383,5,3,2,0,-243.84866457605926,2.0587715006032763
2024-02-13,Electronics,1467.0305256184954,30,4.701871442685474,236.0362243631108,1026.9213679329466,5,1,2,0,-790.8851435698358,4.3506939271878995
2024-03-05,Electronics,2219.5390328355843,15,4.394144041507431,72.86110817149212,1886.6081779102467,5,1,3,0,-1813.7470697387546,25.893212788772917
2024-03-27,Apparel,2602.5628108857923,20,3.90867618453213,153.15567067372376,2082.0502487086337,5,2,3,0,-1928.89457803491,13.594339925840185
2024-01-08,Sports,1884.3839348673437,0,2.80000687404222,269.2392985932578,1884.3839348673437,5,0,1,0,-1615.1446362740858,6.998918600341844
2024-03-17,Beauty,2012.1247432210894,5,3.8299293362412454,163.6912122504834,1911.5185060600347,5,6,3,1,-1747.8272938095513,11.677587817817567
2024-03-12,Sports,391.95616566493834,15,3.3919906391373367,216.61855930920984,333.1627408151976,54,1,3,0,-116.54418150598775,1.5380156800859708
2024-03-27,Home & Kitchen,2838.1428442803463,50,4.480542582888379,188.44045124510805,1419.0714221401731,5,2,3,0,-1230.630970895065,7.530609339787454
2024-02-12,Electronics,410.7336212911798,15,4.395323016242112,263.49525237692274,349.12357809750284,58,0,2,0,-85.62832572058011,1.3249710381805708
2024-01-01,Home & Kitchen,2327.398717487668,15,4.776531268431513,98.94544772967278,1978.2889098645176,5,0,1,0,-1879.3434621348447,19.993733468864257
2024-02-20,Beauty,805.4767205082817,0,2.5370754060792695,184.76520697647763,805.4767205082817,5,1,2,0,-620.711513531804,4.3594610353822
2024-01-24,Home & Kitchen,2801.775533948236,10,4.522758042057616,51.35422706289218,2521.5979805534125,5,2,1,0,-2470.2437534905202,49.102053029934176
2024-04-08,Sports,2164.0792250178965,30,4.846155132811672,218.61217912634302,1514.8554575125274,5,0,4,0,-1296.2432783861843,6.929419319483768
2024-01-24,Home & Kitchen,2265.1339332404314,30,4.4732511227703755,230.93051231405005,1585.593753268302,5,2,1,0,-1354.663240954252,6.8661076328969495
2024-01-17,Beauty,668.8916315837517,50,2.8254861496759167,27.63700975075453,334.4458157918759,67,2,1,0,-306.80880604112133,12.101374888531312
2024-01-05,Beauty,1337.474330255955,20,2.7031977621022194,214.3583342702556,1069.979464204764,5,4,1,0,-855.6211299345085,4.991545898354346
2024-01-20,Beauty,1859.17238584902,50,2.552113099519252,137.33359547890697,929.58619292451,5,5,1,1,-792.252597445603,6.768818581373885
2024-01-21,Sports,2313.3712503467036,10,4.071863064570177,51.60857845235629,2082.034125312033,5,6,1,1,-2030.4255468596768,40.342791600704786
2024-02-27,Beauty,325.31873709848287,30,4.074181629649718,138.87272657104796,227.723115968938,127,1,2,0,-88.85038939789004,1.6397972560323697
2024-01-31,Electronics,2887.6604696167674,20,4.967284285545531,72.2987142601966,2310.128375693414,5,2,1,0,-2237.8296614332176,31.952551291292245
2024-04-09,Beauty,2672.3087016053496,50,3.4951079352602394,137.59006197637837,1336.1543508026748,5,1,4,0,-1198.5642888262964,9.711125437475763
2024-01-11,Home & Kitchen,821.9905426293193,20,3.329765712243742,128.38001324776567,657.5924341034555,5,3,1,0,-529.2124208556899,5.1222337299057745
2024-02-21,Home & Kitchen,2470.9393254515107,15,4.061062317960982,232.82553289613696,2100.298426633784,5,2,2,0,-1867.472893737647,9.020911068077414
2024-01-15,Home & Kitchen,1562.196910273873,5,4.564021681268985,243.39358965907584,1484.0870647601794,5,0,1,0,-1240.6934751011036,6.097478026594525
2024-03-23,Sports,1393.4923474626257,15,4.841934873807505,194.07345304344128,1184.4684953432318,5,5,3,1,-990.3950422997905,6.103196891530039
2024-01-07,Home & Kitchen,953.5858058470451,0,4.507810415447596,21.692618443822024,953.5858058470451,5,6,1,1,-931.8931874032231,43.958999616232255
2024-01-28,Sports,1749.1912310953035,30,3.5666849515395116,289.6515723259432,1224.4338617667124,5,6,1,1,-934.7822894407692,4.22726468195679
2024-02-20,Sports,2193.719016345239,20,4.08728558828016,217.43881762845206,1754.9752130761915,5,1,2,0,-1537.5363954477393,8.071121946933138
2024-02-27,Beauty,1241.6347213138333,50,4.640748316790292,25.087657726750706,620.8173606569167,5,1,2,0,-595.729702930166,24.74592755604066
2024-01-05,Electronics,1893.2192911297518,5,3.7265242207793485,256.55570526816473,1798.5583265732641,5,4,1,0,-1542.0026213050994,7.010400819944042
2024-01-05,Beauty,2102.449069648582,50,3.0417166092634815,74.07851564180886,1051.224534824291,5,4,1,0,-977.1460191824821,14.190680330411409
2024-04-03,Beauty,2137.6986237906285,30,2.9243085993696822,185.8702509234765,1496.38903665344,5,2,4,0,-1310.5187857299634,8.050718332916595
2024-04-05,Sports,170.11880292157304,20,2.500394361445142,152.65713913530521,136.09504233725843,166,4,4,0,16.56209679804678,0.8915078790821094
2024-01-08,Sports,2581.347199969925,20,4.29559498745321,138.85244079474762,2065.07775997594,5,0,1,0,-1926.2253191811924,14.872462796880527
2024-03-04,Home & Kitchen,1382.8861445736682,15,2.777743022114976,277.46554743669725,1175.4532228876178,5,0,3,0,-897.9876754509205,4.236393432434321
2024-01-10,Home & Kitchen,798.3120038632001,5,3.109597749239851,144.02158101097135,758.3964036700401,5,2,1,0,-614.3748226590687,5.2658525086755334
2024-02-07,Beauty,736.6670548268495,5,3.2446908288069833,37.22651468407947,699.833702085507,5,2,2,0,-662.6071874014275,18.7993345072619
2024-04-05,Apparel,1456.797126839192,30,3.9009496503419205,294.258424528411,1019.7579887874343,5,4,4,0,-725.4995642590234,3.4655184143724505
2024-04-01,Apparel,2662.1921453148434,20,3.494893193239423,286.5578932156901,2129.7537162518747,5,0,4,0,-1843.1958230361847,7.43219351717115
2024-03-21,Home & Kitchen,1144.367531322701,5,4.186684980057905,216.90764342657164,1087.149154756566,5,3,3,0,-870.2415113299944,5.01203709367942
2024-04-04,Apparel,2252.931354148877,5,2.6390966483217566,153.02829579894737,2140.284786441433,5,3,4,0,-1987.2564906424857,13.986202847435456
2024-01-08,Home & Kitchen,304.00391199684753,50,2.8098479856610985,42.39354451833877,152.00195599842377,157,0,1,0,-109.608411480085,3.585497691344732
2024-01-25,Sports,1436.0292559209195,30,3.7480287588331667,248.27069498035547,1005.2204791446436,5,3,1,0,-756.9497841642881,4.048888972676305
2024-03-13,Beauty,2975.1831290723158,15,3.3424119696170744,37.26598475508854,2528.905659711468,5,2,3,0,-2491.6396749563796,67.86096426356089
2024-03-06,Electronics,2314.756841335126,50,3.239533406878399,35.23729054406797,1157.378420667563,5,2,3,0,-1122.141130123495,32.84527280041973
2024-03-19,Beauty,643.4275379952298,50,2.6675701975938066,173.5282335196136,321.7137689976149,81,1,3,0,-148.18553547800133,1.8539563416995897
2024-02-19,Home & Kitchen,1511.8027989882635,10,4.7392979368700034,62.23783085446887,1360.6225190894372,5,0,2,0,-1298.3846882349683,21.861663563934126
2024-03-07,Home & Kitchen,712.3699194909711,0,4.229546465312627,17.28042886540295,712.3699194909711,5,3,3,0,-695.0894906255681,41.22408795751609
2024-02-18,Beauty,1237.5393678785902,10,2.8040453920491233,139.81846214375696,1113.7854310907312,5,6,2,1,-973.9669689469742,7.965939647838295
2024-02-05,Home & Kitchen,2343.55081084887,5,2.6626148943428514,55.47908332496945,2226.373270306426,5,0,2,0,-2170.8941869814566,40.129957758411685
2024-03-08,Apparel,2317.106073641855,20,4.937181333578108,62.35204750780392,1853.684858913484,5,4,3,0,-1791.33281140568,29.72933420801424
2024-03-18,Apparel,695.8796280386197,0,4.202931376098762,37.688638426923724,695.8796280386197,5,0,3,0,-658.190989611696,18.463910002689364
2024-02-10,Home & Kitchen,2767.8366046922574,0,3.543640177734354,75.50265734846494,2767.8366046922574,5,5,2,1,-2692.3339473437927,36.658797211837886
2024-03-29,Home & Kitchen,1783.816025553008,20,4.254327601889463,226.06783303344486,1427.0528204424065,5,4,3,0,-1200.9849874089616,6.312498338634873
2024-03-02,Apparel,1149.0740085216135,0,4.3908294662003975,253.63355562924846,1149.0740085216135,5,5,3,1,-895.440452892365,4.5304494733389475
2024-01-10,Home & Kitchen,1513.277708630869,20,4.449905505971948,148.49742498864367,1210.6221669046952,5,2,1,0,-1062.1247419160516,8.152479189435624
2024-01-21,Home & Kitchen,1821.137691511665,0,3.694693264132644,164.4333756850182,1821.137691511665,5,6,1,1,-1656.7043158266467,11.075231435983904
2024-02-05,Beauty,1686.2732375596695,50,3.57470689531212,24.63323520528977,843.1366187798347,5,0,2,0,-818.503383574545,34.22760395673804
2024-01-12,Electronics,1466.9190310754918,30,2.527570210672251,35.44829710453847,1026.8433217528443,5,4,1,0,-991.3950246483058,28.967352612867174
2024-03-31,Apparel,1522.2244202068593,30,4.8163927878545945,90.98247906660748,1065.5570941448016,5,6,3,1,-974.574615078194,11.711673556011993
2024-01-02,Beauty,541.5895526272402,10,4.008269695972357,175.4500341103785,487.4305973645162,5,1,1,0,-311.9805632541377,2.7781732835564203
2024-01-13,Electronics,2441.007719349468,50,3.0078848429749203,233.16758887682292,1220.503859674734,5,5,1,1,-987.3362707979111,5.23444903107652
2024-02-22,Home & Kitchen,1632.154555023931,0,4.799008548553592,193.47590309471974,1632.154555023931,5,3,2,0,-1438.6786519292111,8.43595780620225
2024-02-01,Home & Kitchen,406.2733871885387,15,4.787329754425741,130.67771722110254,345.3323791102579,78,3,2,0,-214.65466188915534,2.6426263517135555
2024-04-04,Beauty,2301.9789482245924,20,4.97296041091524,49.90560153592576,1841.583158579674,5,3,4,0,-1791.6775570437483,36.90133175238787
2024-01-16,Home & Kitchen,2798.3452754563923,50,4.685141407847447,245.32810429172088,1399.1726377281962,5,1,1,0,-1153.8445334364753,5.703270898243411
2024-02-01,Sports,2842.7110942223317,0,4.994460969550162,122.31688522172183,2842.7110942223317,5,3,2,0,-2720.39420900061,23.24054515506502
2024-02-01,Beauty,1116.5179312473506,30,3.1117154703081815,232.13593427242293,781.5625518731454,5,3,2,0,-549.4266176007225,3.366831396969085
2024-04-07,Electronics,419.5178675788508,30,4.605623962998085,166.32875836473085,293.66250730519556,101,6,4,1,-127.33374894046472,1.765554617207226
2024-01-11,Beauty,1562.4228854996995,20,4.557570771989411,232.90530580073843,1249.9383083997598,5,3,1,0,-1017.0330025990213,5.366723201527841
2024-01-10,Apparel,351.1385496074237,15,3.0773508980518343,282.6504206285087,298.4677671663102,100,2,1,0,-15.817346537801484,1.0559608101860583
2024-01-15,Beauty,2802.9524442601623,0,2.746093872502477,286.7037072358716,2802.9524442601623,5,0,1,0,-2516.2487370242907,9.776477853333681
2024-01-17,Home & Kitchen,562.9851876551107,0,4.948551284193999,172.856500100178,562.9851876551107,5,2,1,0,-390.12868755493275,3.256951212877941
2024-02-09,Home & Kitchen,769.5060919542248,15,3.240061378801526,165.89496760586343,654.080178161091,5,4,2,0,-488.18521055522757,3.942736706245772
2024-01-18,Sports,1228.8100327516368,15,4.677229476169515,93.37514732333699,1044.4885278388913,5,3,1,0,-951.1133805155544,11.185937134022012
2024-02-24,Sports,1158.7459386489904,15,2.5103178866865097,291.06095030114096,984.9340478516418,5,5,2,1,-693.8730975505009,3.383944314180922
2024-03-13,Sports,2387.0687338076987,30,2.5525620180490054,150.08615432388817,1670.948113665389,5,2,3,0,-1520.8619593415008,11.13325956809752
2024-01-25,Electronics,1377.1057093446225,20,3.6646782717409208,52.639415589776256,1101.684567475698,5,3,1,0,-1049.0451518859218,20.928890549644887
2024-02-28,Sports,524.7432561099606,50,3.0967867098376587,142.64794981483223,262.3716280549803,122,2,2,0,-119.72367824014808,1.8392947700654543
2024-03-18,Electronics,812.6215380259312,15,4.224603208589911,52.48070882021117,690.7283073220415,5,0,3,0,-638.2475985018303,13.161565894400246
2024-03-29,Sports,1534.7034547847531,20,3.9139108139198857,163.24684685583713,1227.7627638278025,5,4,3,0,-1064.5159169719655,7.520897263712766
2024-01-22,Electronics,455.1499435170127,10,2.6937144936262287,180.5762768825826,409.6349491653114,5,0,1,0,-229.05867228272882,2.268487069492917
2024-01-30,Beauty,1840.7921918033521,0,2.9065707407892925,114.63794964060767,1840.7921918033521,5,1,1,0,-1726.1542421627444,16.057441689896525
2024-03-24,Beauty,1703.7557100551705,0,3.4701231751460355,36.136931198287975,1703.7557100551705,5,6,3,1,-1667.6187788568825,47.14721625658926
2024-03-25,Home & Kitchen,2148.386414401039,5,2.964010159888583,293.33354301180555,2040.9670936809869,5,0,3,0,-1747.6335506691812,6.957837391269112
2024-02-13,Electronics,2814.0482769074124,10,4.480555868109821,243.13916847761175,2532.6434492166713,5,1,2,0,-2289.5042807390596,10.416435431092943
2024-02-01,Apparel,2738.0798648869495,50,3.5401755888832,262.46991874901073,1369.0399324434748,5,3,2,0,-1106.570013694464,5.215987946232542
2024-02-20,Home & Kitchen,2839.0357199354617,15,2.7335796671062482,123.22617631443768,2413.1803619451425,5,1,2,0,-2289.954185630705,19.58334206351905
2024-02-15,Beauty,745.4760571157473,15,3.7108572556803123,239.4451538557379,633.6546485483851,5,3,2,0,-394.20949469264724,2.6463456801892615
2024-01-21,Electronics,407.72244031847356,50,2.7270954526535354,158.1850040749123,203.86122015923678,140,6,1,1,-45.676216084324466,1.2887518722235731
2024-04-08,Sports,917.2959509818987,30,2.822343263549543,74.31962907978355,642.107165687329,5,0,4,0,-567.7875366075455,8.639805844536907
2024-02-01,Apparel,2686.829240707449,10,3.0990245800705134,51.70489618762792,2418.1463166367043,5,3,2,0,-2366.4414204490763,46.76822689792625
2024-04-03,Beauty,2916.5796217511124,15,4.648819263118725,116.79000645000677,2479.0926784884455,5,2,4,0,-2362.3026720384387,21.226924750189546
2024-02-08,Home & Kitchen,2580.084978945371,5,4.81153133083243,55.57787288516621,2451.0807299981025,5,3,2,0,-2395.5028571129365,44.10173694596899
2024-01-12,Electronics,343.40289756571764,20,4.565644323330172,309.48934798020025,274.7223180525741,123,4,1,0,34.76702992762614,0.8876632421938787
2024-02-16,Apparel,2843.072574208483,0,3.335193043544618,29.510752118446504,2843.072574208483,5,4,2,0,-2813.5618220900365,96.34022754816006
2024-01-18,Electronics,1278.723711642096,10,3.181116102772079,145.1373618138776,1150.8513404778864,5,3,1,0,-1005.7139786640089,7.929394100147172
2024-01-21,Sports,42.79121792562573,0,3.872889226975598,148.36758910516332,42.79121792562573,198,6,1,1,105.57637117953759,0.28841351526778
2024-01-13,Home & Kitchen,1335.5453161333578,20,4.304632901332781,103.68641893159429,1068.4362529066864,5,5,1,1,-964.7498339750921,10.304495650597913
2024-01-21,Electronics,152.51647148127077,10,4.983431970400437,183.54871188354886,137.2648243331437,159,6,1,1,46.283887550405154,0.7478386686812075
2024-01-08,Beauty,1638.475594665936,20,2.8289267796973157,59.24322212470568,1310.7804757327488,5,0,1,0,-1251.537253608043,22.125408253007993
2024-02-15,Home & Kitchen,1025.583771899598,15,2.6232299975595113,246.25415227323393,871.7462061146583,5,3,2,0,-625.4920538414244,3.540026424193664
2024-01-07,Beauty,1428.2032767782355,50,4.235889722488178,113.0720768830533,714.1016383891177,5,6,1,1,-601.0295615060644,6.3154552217846796
2024-01-23,Electronics,1845.3135268182043,15,4.580564458759763,189.4460639905993,1568.5164977954737,5,1,1,0,-1379.0704338048745,8.279488445182512
2024-04-05,Home & Kitchen,2608.3712710161935,50,4.615871949666058,226.113574639753,1304.1856355080968,5,4,4,0,-1078.0720608683437,5.767834317713749
2024-03-15,Beauty,1990.7762057687069,15,4.1961588726929016,277.26742471859757,1692.1597749034008,5,4,3,0,-1414.8923501848033,6.1029880326576285
2024-03-26,Sports,1310.6358724073693,20,4.885039510297968,261.557293753399,1048.5086979258956,5,1,3,0,-786.9514041724966,4.008715195357729
2024-01-22,Sports,2460.9921432060396,20,3.7775119088614675,194.45116329055008,1968.7937145648318,5,0,1,0,-1774.3425512742817,10.124874962167485
2024-03-29,Electronics,2718.1626806557997,20,4.784536995840531,129.57598821324666,2174.53014452464,5,4,3,0,-2044.9541563113935,16.781891263263667
2024-01-22,Home & Kitchen,372.4834998001087,0,4.919530342478808,163.44537767211438,372.4834998001087,62,0,1,0,-209.0381221279943,2.2789478974886825
2024-04-01,Apparel,1602.8199379950825,20,4.617893642507769,241.77676404674676,1282.255950396066,5,0,4,0,-1040.4791863493192,5.303470560753084
2024-01-29,Home & Kitchen,864.2681998311957,15,3.2743964081465515,273.8759350550445,734.6279698565163,5,0,1,0,-460.7520348014718,2.682338518383765
2024-01-13,Sports,155.477675662688,5,2.990539127925738,45.6156688121182,147.7037918795536,121,5,1,1,-102.08812306743539,3.2380056179361505
2024-03-22,Beauty,2010.6118849152463,20,3.870300162454546,128.53259743545078,1608.489507932197,5,4,3,0,-1479.9569104967463,12.514253504757674
2024-01-02,Apparel,2590.3707707157882,5,3.6325368759504713,243.95439653198267,2460.8522321799987,5,1,1,0,-2216.897835648016,10.087345287328644
2024-01-29,Electronics,501.26442361502126,50,4.694395855481833,142.3372699652185,250.63221180751063,138,0,1,0,-108.29494184229213,1.76083334933117
2024-03-25,Apparel,2440.054768007343,15,2.7500791776678843,113.00719039955374,2074.0465528062414,5,0,3,0,-1961.0393624066876,18.35322642278904
2024-03-19,Electronics,2562.386264607771,20,3.1443501532787965,136.34019556286455,2049.9090116862167,5,1,3,0,-1913.568816123352,15.035250633339691
2024-02-21,Apparel,2744.3062213594535,0,4.379497361296771,192.83920030197348,2744.3062213594535,5,2,2,0,-2551.46702105748,14.231059955973945
2024-01-27,Electronics,806.8759909218664,0,2.7374666124432805,309.94251751947144,806.8759909218664,5,5,1,1,-496.933473402395,2.6033085017810644
2024-02-19,Electronics,2713.2998995918197,50,3.3019110350542507,160.43276658583687,1356.6499497959098,5,0,2,0,-1196.217183210073,8.45618995836525
2024-04-04,Apparel,972.1783228882502,5,3.467888485134958,76.50587011150685,923.5694067438377,5,3,4,0,-847.0635366323309,12.071876385403378
2024-03-19,Apparel,1663.728970164676,30,4.056484491406724,63.03973970733295,1164.610279115273,5,1,3,0,-1101.57053940794,18.474224108825158
2024-01-23,Electronics,165.76480043436217,0,2.8953316142984113,27.493175505542215,165.76480043436217,112,1,1,0,-138.27162492881996,6.029307178464942
2024-03-28,Sports,145.98504878069966,0,4.651511225874273,179.85108430090483,145.98504878069966,165,3,3,0,33.86603552020517,0.8116995755024492
2024-02-13,Apparel,2165.3140400056254,0,3.618855588665686,175.6487669892061,2165.3140400056254,5,1,2,0,-1989.6652730164194,12.327522003833295
2024-03-17,Home & Kitchen,1341.7727342637063,15,4.792554279701392,75.5440084001912,1140.5068241241504,5,6,3,1,-1064.9628157239592,15.097250573233598
2024-01-22,Beauty,780.0327404771144,0,3.6696747840848287,220.12217490350727,780.0327404771144,5,0,1,0,-559.9105655736072,3.5436354416316735
2024-02-12,Electronics,583.384285634357,10,3.1876006473518332,233.62657728075584,525.0458570709213,5,0,2,0,-291.4192797901655,2.2473721234205235
2024-02-06,Electronics,2014.811170214766,20,2.854572071719187,91.43397058772283,1611.848936171813,5,1,2,0,-1520.4149655840902,17.628556714874218
2024-03-01,Beauty,16.19860891563952,50,2.509362736778212,116.50943038877227,8.09930445781976,227,4,3,0,108.41012593095252,0.06951629950291363
2024-04-06,Sports,2420.58514005261,0,3.8303937124620893,307.18914334244073,2420.58514005261,5,5,4,1,-2113.395996710169,7.87978739650395
2024-02-25,Beauty,251.56007429783753,30,2.7678917423173086,125.40801801596659,176.09205200848626,149,6,2,1,-50.68403399251967,1.4041530581088262
2024-01-03,Apparel,586.5965005007365,30,3.4793194090779456,239.43649316805002,410.61755035051556,41,2,1,0,-171.18105718246554,1.714933028451603
2024-03-03,Beauty,1167.9156399677825,0,3.9731794030927166,148.5540008558323,1167.9156399677825,5,6,3,1,-1019.3616391119501,7.861892868851196
2024-01-19,Electronics,1462.3033380525692,0,3.189214742256751,249.0367242189879,1462.3033380525692,5,4,1,0,-1213.2666138335812,5.871838150130451
2024-01-23,Beauty,1074.6604207046164,10,2.938060730915288,241.86185544088113,967.1943786341548,5,1,1,0,-725.3325231932736,3.998953769998545
2024-01-29,Home & Kitchen,972.3258124781173,0,4.4368040565233535,211.988027433568,972.3258124781173,5,0,1,0,-760.3377850445493,4.586701542769066
2024-01-30,Apparel,2892.2892960384675,0,4.866977930704051,267.15961215719585,2892.2892960384675,5,1,1,0,-2625.1296838812714,10.826072371809904
2024-02-08,Beauty,1930.115348511532,20,2.751101044654915,292.0694559889171,1544.0922788092257,5,3,2,0,-1252.0228228203086,5.286729738928325
2024-01-25,Electronics,84.9473717716538,30,2.8889758109625197,186.09507953336475,59.46316024015766,217,3,1,0,126.63191929320709,0.3195310719083069
2024-01-08,Apparel,1299.075086706275,10,4.900031643131797,85.05332763070999,1169.1675780356475,5,0,1,0,-1084.1142504049376,13.746288482821207
2024-02-27,Electronics,2626.900968735751,30,2.594460554530616,132.59554368500213,1838.8306781150256,5,1,2,0,-1706.2351344300234,13.867967406833866
2024-01-16,Sports,914.8467164358439,10,4.944080841376181,238.7001854864215,823.3620447922594,5,1,1,0,-584.6618593058379,3.4493565353307885
2024-03-12,Home & Kitchen,297.2506891515489,30,2.511611207712472,207.0106281115415,208.0754824060842,119,1,3,0,-1.0648542945426982,1.0051439595360725
2024-01-01,Sports,2278.7785431959046,0,4.684171639128328,67.45050987674838,2278.7785431959046,5,0,1,0,-2211.328033319156,33.78445244313042
2024-01-05,Home & Kitchen,1823.9512883292025,30,3.268312952469374,30.115664638195287,1276.7659018304416,5,4,1,0,-1246.6502371922463,42.395408408524276
2024-01-03,Beauty,1717.382835862114,30,4.846472145443242,216.47367009490912,1202.1679851034796,5,2,1,0,-985.6943150085705,5.553414346310154
2024-03-05,Apparel,174.92603042811265,10,3.2923632215889636,89.06831208865688,157.4334273853014,130,1,3,0,-68.36511529664452,1.7675582223742514
2024-01-04,Beauty,434.3895442396192,50,4.13576580383514,162.40272190007076,217.1947721198096,175,3,1,0,-54.792050219738854,1.3373838170856112
2024-04-08,Home & Kitchen,1873.3099476961447,5,2.7000814244148414,235.2902978912153,1779.6444503113373,5,0,4,0,-1544.354152420122,7.563611701210657
2024-04-05,Home & Kitchen,635.3541667546249,10,3.1058245286343475,180.98670029361827,571.8187500791624,5,4,4,0,-390.8320497855442,3.159451767182283
2024-03-04,Home & Kitchen,1519.6491880490466,10,4.434198366198126,39.57426201797993,1367.6842692441421,5,0,3,0,-1328.1100072261622,34.55994374886275
2024-04-07,Electronics,1641.4718327977396,10,3.821714634197049,69.74616985114884,1477.3246495179656,5,6,4,1,-1407.5784796668167,21.18144484020912
2024-03-29,Apparel,861.2689629587541,15,4.819922654467612,79.70181428912115,732.0786185149409,5,4,3,0,-652.3768042258198,9.185218994630409
2024-01-10,Beauty,2846.0490892913563,50,3.5718785208533856,91.06995482522925,1423.0245446456781,5,2,1,0,-1331.954589820449,15.625620407702844
2024-01-21,Beauty,2529.755358904192,15,4.674530914534808,181.79400062539875,2150.292055068563,5,6,1,1,-1968.4980544431644,11.828179410053327
2024-02-15,Sports,2171.2849202839034,15,3.622388593695594,163.66990504849107,1845.592182241318,5,3,2,0,-1681.9222771928269,11.276307526997817
2024-03-31,Home & Kitchen,247.8116912320861,10,4.948120696754963,74.93221131744164,223.0305221088775,142,6,3,1,-148.09831079143586,2.9764305388511025
2024-01-27,Home & Kitchen,331.798107637423,5,4.899585953497192,34.92867881942769,315.20820225555184,71,5,1,1,-280.2795234361241,9.0243379626552
2024-03-06,Home & Kitchen,1485.9523174068927,10,3.322841763890201,65.57250032004183,1337.3570856662034,5,2,3,0,-1271.7845853461615,20.395090611749154
2024-02-10,Beauty,494.72934733509226,0,4.714809176042008,305.39248722248794,494.72934733509226,11,5,2,1,-189.3368601126043,1.6199787749679202
2024-01-13,Sports,2935.12240863548,5,4.619028435539123,153.2213501884843,2788.366288203706,5,5,1,1,-2635.1449380152217,18.19828819399917
2024-01-09,Electronics,488.1828985718172,15,3.026700993318907,270.86692388712316,414.9554637860446,49,1,1,0,-144.08853989892145,1.5319532478574853
2024-02-05,Apparel,1470.0914888599623,30,4.060726001958175,265.3819776673088,1029.0640422019735,5,0,2,0,-763.6820645346647,3.8776711638347976
2024-03-26,Electronics,1101.9013546718936,30,2.6817057889745373,165.89826945154775,771.3309482703255,5,1,3,0,-605.4326788187777,4.649421303913001
2024-03-30,Beauty,1923.5684680404825,50,4.5917768014586535,223.47287399586034,961.7842340202412,5,5,3,1,-738.3113600243809,4.303807512844076
2024-02-27,Home & Kitchen,400.1736805349334,20,2.9363647087587412,71.86184307175012,320.13894442794674,69,1,2,0,-248.27710135619662,4.454922539466536
2024-02-23,Apparel,1299.494537706537,50,2.677036753464411,218.07702795343795,649.7472688532685,5,4,2,0,-431.6702408998305,2.9794393061519404
2024-01-12,Beauty,834.9945229293238,5,3.500547738847028,95.3534508826704,793.2447967828576,5,4,1,0,-697.8913459001873,8.31899411547173
2024-03-21,Beauty,2664.938301144989,15,3.9423053464991087,260.45831854247444,2265.1975559732405,5,3,3,0,-2004.739237430766,8.696967594082972
2024-03-18,Beauty,136.14835072206483,5,4.6372923963994275,39.69861926712842,129.34093318596157,145,0,3,0,-89.64231391883315,3.2580713277617575
2024-01-14,Apparel,2742.476569609281,5,4.935606313804341,243.07590850115685,2605.352741128817,5,6,1,1,-2362.27683262766,10.718268038958774
2024-02-03,Apparel,2501.4875035807063,30,3.598731281424659,44.48138743774276,1751.0412525064944,5,5,2,1,-1706.5598650687516,39.36570672300397
2024-02-22,Sports,903.2485885758341,10,2.6511173074631755,274.95082488382116,812.9237297182507,5,3,2,0,-537.9729048344295,2.9566149876500525
2024-01-20,Sports,2371.0326042111574,0,4.372788947564676,104.74033284982609,2371.0326042111574,5,5,1,1,-2266.292271361331,22.637245268359813
2024-03-15,Electronics,108.17247761116147,20,3.9129331405598435,208.04604262501954,86.53798208892918,205,4,3,0,121.50806053609035,0.415955915320651
2024-01-16,Apparel,2901.0936676257797,15,3.619728362111158,158.81317219298256,2465.929617481913,5,1,1,0,-2307.11644528893,15.527236081434271
2024-04-04,Apparel,1586.8859036305212,5,3.2731721969804743,123.05942785239,1507.541608448995,5,3,4,0,-1384.482180596605,12.25051696370061
2024-03-10,Apparel,920.2938628053541,20,3.755996319608839,205.40534078913146,736.2350902442834,5,6,3,1,-530.8297494551518,3.584303540578822
2024-02-25,Sports,1097.3108895951111,5,3.3466990111425776,294.5192792626152,1042.4453451153556,5,6,2,1,-747.9260658527404,3.5394808371299664
2024-03-23,Beauty,213.21998007958462,30,4.3925296693684,27.17457547551345,149.25398605570922,160,5,3,1,-122.07941058019577,5.4924127955632445
2024-02-27,Home & Kitchen,2968.208299415487,0,3.8597342412316027,286.06159248551575,2968.208299415487,5,1,2,0,-2682.1467069299715,10.376116114104963
2024-01-04,Sports,132.28645627481697,30,4.69211943538528,194.679088231199,92.60051939237188,217,3,1,0,102.07856883882711,0.4756572482114792
2024-01-04,Apparel,1969.8977625963591,20,3.858859786623605,253.15771872687043,1575.9182100770875,5,3,1,0,-1322.760491350217,6.2250450746766735
2024-01-20,Sports,1336.566744203778,15,3.095656033349825,128.24311126311187,1136.0817325732112,5,5,1,1,-1007.8386213100994,8.858812932589824
2024-01-10,Electronics,2847.5149112933145,5,4.627729705580361,154.19367757709605,2705.1391657286485,5,2,1,0,-2550.9454881515526,17.5437748696025
2024-01-24,Apparel,749.3092248157835,0,3.89304761232511,271.31097178134337,749.3092248157835,5,2,1,0,-477.99825303444015,2.7618095202565986
2024-04-08,Electronics,1603.2791694549637,30,3.017102595358903,137.3801510938978,1122.2954186184745,5,0,4,0,-984.9152675245767,8.169269066034133
2024-01-26,Apparel,1454.8332826195176,20,4.058769524890556,172.72457219098007,1163.866626095614,5,4,1,0,-991.1420539046339,6.7382805545972735
2024-02-06,Sports,2113.0563354895526,30,3.394291912356069,20.95750230987821,1479.1394348426868,5,1,2,0,-1458.1819325328086,70.57803992919052
2024-03-25,Beauty,218.0105423779752,5,4.611014030730164,61.786411722222475,207.11001525907645,121,0,3,0,-145.32360353685397,3.352031773429335
